solid base
   facet normal 1.000000e+00 0.000000e+00 -0.000000e+00
      outer loop
         vertex 1.000000e+02 5.000000e+01 0.000000e+00
         vertex 1.000000e+02 5.000000e+01 1.000000e+02
         vertex 1.000000e+02 0.000000e+00 0.000000e+00
      endloop
   endfacet
   facet normal 1.000000e+00 0.000000e+00 0.000000e+00
      outer loop
         vertex 1.000000e+02 0.000000e+00 0.000000e+00
         vertex 1.000000e+02 5.000000e+01 1.000000e+02
         vertex 1.000000e+02 0.000000e+00 1.000000e+02
      endloop
   endfacet
   facet normal 0.000000e+00 0.000000e+00 -1.000000e+00
      outer loop
         vertex 0.000000e+00 5.000000e+01 0.000000e+00
         vertex 1.000000e+02 5.000000e+01 0.000000e+00
         vertex 0.000000e+00 0.000000e+00 0.000000e+00
      endloop
   endfacet
   facet normal 0.000000e+00 0.000000e+00 -1.000000e+00
      outer loop
         vertex 0.000000e+00 0.000000e+00 0.000000e+00
         vertex 1.000000e+02 5.000000e+01 0.000000e+00
         vertex 1.000000e+02 0.000000e+00 0.000000e+00
      endloop
   endfacet
   facet normal -1.000000e+00 -0.000000e+00 -0.000000e+00
      outer loop
         vertex 0.000000e+00 5.000000e+01 1.000000e+02
         vertex 0.000000e+00 5.000000e+01 0.000000e+00
         vertex 0.000000e+00 0.000000e+00 1.000000e+02
      endloop
   endfacet
   facet normal -1.000000e+00 0.000000e+00 0.000000e+00
      outer loop
         vertex 0.000000e+00 0.000000e+00 1.000000e+02
         vertex 0.000000e+00 5.000000e+01 0.000000e+00
         vertex 0.000000e+00 0.000000e+00 0.000000e+00
      endloop
   endfacet
   facet normal 0.000000e+00 0.000000e+00 1.000000e+00
      outer loop
         vertex 1.000000e+02 5.000000e+01 1.000000e+02
         vertex 0.000000e+00 5.000000e+01 1.000000e+02
         vertex 1.000000e+02 0.000000e+00 1.000000e+02
      endloop
   endfacet
   facet normal 0.000000e+00 0.000000e+00 1.000000e+00
      outer loop
         vertex 1.000000e+02 0.000000e+00 1.000000e+02
         vertex 0.000000e+00 5.000000e+01 1.000000e+02
         vertex 0.000000e+00 0.000000e+00 1.000000e+02
      endloop
   endfacet
   facet normal 0.000000e+00 1.000000e+00 0.000000e+00
      outer loop
         vertex 4.000000e+01 5.000000e+01 4.000000e+01
         vertex 1.000000e+02 5.000000e+01 0.000000e+00
         vertex 3.700000e+01 5.000000e+01 4.000000e+01
      endloop
   endfacet
   facet normal 0.000000e+00 1.000000e+00 0.000000e+00
      outer loop
         vertex 3.700000e+01 5.000000e+01 4.000000e+01
         vertex 1.000000e+02 5.000000e+01 0.000000e+00
         vertex 0.000000e+00 5.000000e+01 0.000000e+00
      endloop
   endfacet
   facet normal 0.000000e+00 1.000000e+00 -0.000000e+00
      outer loop
         vertex 3.700000e+01 5.000000e+01 4.000000e+01
         vertex 0.000000e+00 5.000000e+01 0.000000e+00
         vertex 3.700000e+01 5.000000e+01 6.000000e+01
      endloop
   endfacet
   facet normal 0.000000e+00 1.000000e+00 0.000000e+00
      outer loop
         vertex 3.700000e+01 5.000000e+01 6.000000e+01
         vertex 0.000000e+00 5.000000e+01 0.000000e+00
         vertex 0.000000e+00 5.000000e+01 1.000000e+02
      endloop
   endfacet
   facet normal 0.000000e+00 1.000000e+00 -0.000000e+00
      outer loop
         vertex 3.700000e+01 5.000000e+01 6.000000e+01
         vertex 0.000000e+00 5.000000e+01 1.000000e+02
         vertex 4.000000e+01 5.000000e+01 6.000000e+01
      endloop
   endfacet
   facet normal -0.000000e+00 1.000000e+00 0.000000e+00
      outer loop
         vertex 0.000000e+00 5.000000e+01 1.000000e+02
         vertex 1.000000e+02 5.000000e+01 1.000000e+02
         vertex 4.000000e+01 5.000000e+01 6.000000e+01
      endloop
   endfacet
   facet normal 0.000000e+00 1.000000e+00 0.000000e+00
      outer loop
         vertex 4.000000e+01 5.000000e+01 6.000000e+01
         vertex 1.000000e+02 5.000000e+01 1.000000e+02
         vertex 6.000000e+01 5.000000e+01 6.000000e+01
      endloop
   endfacet
   facet normal -0.000000e+00 1.000000e+00 0.000000e+00
      outer loop
         vertex 4.000000e+01 5.000000e+01 6.000000e+01
         vertex 6.000000e+01 5.000000e+01 6.000000e+01
         vertex 4.000000e+01 5.000000e+01 4.000000e+01
      endloop
   endfacet
   facet normal 0.000000e+00 1.000000e+00 0.000000e+00
      outer loop
         vertex 4.000000e+01 5.000000e+01 4.000000e+01
         vertex 6.000000e+01 5.000000e+01 6.000000e+01
         vertex 6.000000e+01 5.000000e+01 4.000000e+01
      endloop
   endfacet
   facet normal -0.000000e+00 1.000000e+00 0.000000e+00
      outer loop
         vertex 4.000000e+01 5.000000e+01 4.000000e+01
         vertex 6.000000e+01 5.000000e+01 4.000000e+01
         vertex 1.000000e+02 5.000000e+01 0.000000e+00
      endloop
   endfacet
   facet normal 0.000000e+00 1.000000e+00 0.000000e+00
      outer loop
         vertex 1.000000e+02 5.000000e+01 0.000000e+00
         vertex 6.000000e+01 5.000000e+01 4.000000e+01
         vertex 6.300000e+01 5.000000e+01 4.000000e+01
      endloop
   endfacet
   facet normal 0.000000e+00 1.000000e+00 -0.000000e+00
      outer loop
         vertex 1.000000e+02 5.000000e+01 0.000000e+00
         vertex 6.300000e+01 5.000000e+01 4.000000e+01
         vertex 1.000000e+02 5.000000e+01 1.000000e+02
      endloop
   endfacet
   facet normal 0.000000e+00 1.000000e+00 0.000000e+00
      outer loop
         vertex 1.000000e+02 5.000000e+01 1.000000e+02
         vertex 6.300000e+01 5.000000e+01 4.000000e+01
         vertex 6.300000e+01 5.000000e+01 6.000000e+01
      endloop
   endfacet
   facet normal 0.000000e+00 1.000000e+00 0.000000e+00
      outer loop
         vertex 1.000000e+02 5.000000e+01 1.000000e+02
         vertex 6.300000e+01 5.000000e+01 6.000000e+01
         vertex 6.000000e+01 5.000000e+01 6.000000e+01
      endloop
   endfacet
   facet normal 0.000000e+00 -1.000000e+00 0.000000e+00
      outer loop
         vertex 0.000000e+00 0.000000e+00 1.000000e+02
         vertex 0.000000e+00 0.000000e+00 0.000000e+00
         vertex 1.000000e+02 0.000000e+00 1.000000e+02
      endloop
   endfacet
   facet normal 0.000000e+00 -1.000000e+00 -0.000000e+00
      outer loop
         vertex 1.000000e+02 0.000000e+00 1.000000e+02
         vertex 0.000000e+00 0.000000e+00 0.000000e+00
         vertex 1.000000e+02 0.000000e+00 0.000000e+00
      endloop
   endfacet
   facet normal -0.000000e+00 -0.000000e+00 -1.000000e+00
      outer loop
         vertex 6.300000e+01 6.100000e+01 4.000000e+01
         vertex 6.300000e+01 5.000000e+01 4.000000e+01
         vertex 6.000000e+01 6.100000e+01 4.000000e+01
      endloop
   endfacet
   facet normal 0.000000e+00 0.000000e+00 -1.000000e+00
      outer loop
         vertex 6.000000e+01 6.100000e+01 4.000000e+01
         vertex 6.300000e+01 5.000000e+01 4.000000e+01
         vertex 6.000000e+01 5.000000e+01 4.000000e+01
      endloop
   endfacet
   facet normal 0.000000e+00 8.715552e-02 -9.961947e-01
      outer loop
         vertex 6.300000e+01 6.100000e+01 4.000000e+01
         vertex 6.000000e+01 6.100000e+01 4.000000e+01
         vertex 6.000000e+01 6.273648e+01 4.015192e+01
      endloop
   endfacet
   facet normal 0.000000e+00 8.715552e-02 -9.961947e-01
      outer loop
         vertex 6.300000e+01 6.100000e+01 4.000000e+01
         vertex 6.000000e+01 6.273648e+01 4.015192e+01
         vertex 6.300000e+01 6.273648e+01 4.015192e+01
      endloop
   endfacet
   facet normal 0.000000e+00 2.588191e-01 -9.659258e-01
      outer loop
         vertex 6.300000e+01 6.273648e+01 4.015192e+01
         vertex 6.000000e+01 6.273648e+01 4.015192e+01
         vertex 6.000000e+01 6.442020e+01 4.060307e+01
      endloop
   endfacet
   facet normal 0.000000e+00 2.588191e-01 -9.659258e-01
      outer loop
         vertex 6.300000e+01 6.273648e+01 4.015192e+01
         vertex 6.000000e+01 6.442020e+01 4.060307e+01
         vertex 6.300000e+01 6.442020e+01 4.060307e+01
      endloop
   endfacet
   facet normal 0.000000e+00 4.226183e-01 -9.063077e-01
      outer loop
         vertex 6.300000e+01 6.442020e+01 4.060307e+01
         vertex 6.000000e+01 6.442020e+01 4.060307e+01
         vertex 6.000000e+01 6.600000e+01 4.133975e+01
      endloop
   endfacet
   facet normal 0.000000e+00 4.226183e-01 -9.063077e-01
      outer loop
         vertex 6.300000e+01 6.442020e+01 4.060307e+01
         vertex 6.000000e+01 6.600000e+01 4.133975e+01
         vertex 6.300000e+01 6.600000e+01 4.133975e+01
      endloop
   endfacet
   facet normal 0.000000e+00 5.735770e-01 -8.191516e-01
      outer loop
         vertex 6.300000e+01 6.600000e+01 4.133975e+01
         vertex 6.000000e+01 6.600000e+01 4.133975e+01
         vertex 6.000000e+01 6.742787e+01 4.233956e+01
      endloop
   endfacet
   facet normal 0.000000e+00 5.735770e-01 -8.191516e-01
      outer loop
         vertex 6.300000e+01 6.600000e+01 4.133975e+01
         vertex 6.000000e+01 6.742787e+01 4.233956e+01
         vertex 6.300000e+01 6.742787e+01 4.233956e+01
      endloop
   endfacet
   facet normal 0.000000e+00 7.071057e-01 -7.071078e-01
      outer loop
         vertex 6.300000e+01 6.742787e+01 4.233956e+01
         vertex 6.000000e+01 6.742787e+01 4.233956e+01
         vertex 6.000000e+01 6.866045e+01 4.357212e+01
      endloop
   endfacet
   facet normal 0.000000e+00 7.071057e-01 -7.071078e-01
      outer loop
         vertex 6.300000e+01 6.742787e+01 4.233956e+01
         vertex 6.000000e+01 6.866045e+01 4.357212e+01
         vertex 6.300000e+01 6.866045e+01 4.357212e+01
      endloop
   endfacet
   facet normal 0.000000e+00 8.191524e-01 -5.735759e-01
      outer loop
         vertex 6.300000e+01 6.866045e+01 4.357212e+01
         vertex 6.000000e+01 6.866045e+01 4.357212e+01
         vertex 6.000000e+01 6.966025e+01 4.500000e+01
      endloop
   endfacet
   facet normal 0.000000e+00 8.191524e-01 -5.735759e-01
      outer loop
         vertex 6.300000e+01 6.866045e+01 4.357212e+01
         vertex 6.000000e+01 6.966025e+01 4.500000e+01
         vertex 6.300000e+01 6.966025e+01 4.500000e+01
      endloop
   endfacet
   facet normal 0.000000e+00 9.063085e-01 -4.226166e-01
      outer loop
         vertex 6.300000e+01 6.966025e+01 4.500000e+01
         vertex 6.000000e+01 6.966025e+01 4.500000e+01
         vertex 6.000000e+01 7.039692e+01 4.657980e+01
      endloop
   endfacet
   facet normal 0.000000e+00 9.063085e-01 -4.226166e-01
      outer loop
         vertex 6.300000e+01 6.966025e+01 4.500000e+01
         vertex 6.000000e+01 7.039692e+01 4.657980e+01
         vertex 6.300000e+01 7.039692e+01 4.657980e+01
      endloop
   endfacet
   facet normal 0.000000e+00 9.659253e-01 -2.588210e-01
      outer loop
         vertex 6.300000e+01 7.039692e+01 4.657980e+01
         vertex 6.000000e+01 7.039692e+01 4.657980e+01
         vertex 6.000000e+01 7.084808e+01 4.826352e+01
      endloop
   endfacet
   facet normal 0.000000e+00 9.659253e-01 -2.588210e-01
      outer loop
         vertex 6.300000e+01 7.039692e+01 4.657980e+01
         vertex 6.000000e+01 7.084808e+01 4.826352e+01
         vertex 6.300000e+01 7.084808e+01 4.826352e+01
      endloop
   endfacet
   facet normal 0.000000e+00 9.961946e-01 -8.715706e-02
      outer loop
         vertex 6.300000e+01 7.084808e+01 4.826352e+01
         vertex 6.000000e+01 7.084808e+01 4.826352e+01
         vertex 6.000000e+01 7.100000e+01 5.000000e+01
      endloop
   endfacet
   facet normal 0.000000e+00 9.961946e-01 -8.715706e-02
      outer loop
         vertex 6.300000e+01 7.084808e+01 4.826352e+01
         vertex 6.000000e+01 7.100000e+01 5.000000e+01
         vertex 6.300000e+01 7.100000e+01 5.000000e+01
      endloop
   endfacet
   facet normal 0.000000e+00 9.961946e-01 8.715706e-02
      outer loop
         vertex 6.300000e+01 7.100000e+01 5.000000e+01
         vertex 6.000000e+01 7.100000e+01 5.000000e+01
         vertex 6.000000e+01 7.084808e+01 5.173648e+01
      endloop
   endfacet
   facet normal 0.000000e+00 9.961946e-01 8.715706e-02
      outer loop
         vertex 6.300000e+01 7.100000e+01 5.000000e+01
         vertex 6.000000e+01 7.084808e+01 5.173648e+01
         vertex 6.300000e+01 7.084808e+01 5.173648e+01
      endloop
   endfacet
   facet normal 0.000000e+00 9.659253e-01 2.588210e-01
      outer loop
         vertex 6.300000e+01 7.084808e+01 5.173648e+01
         vertex 6.000000e+01 7.084808e+01 5.173648e+01
         vertex 6.000000e+01 7.039692e+01 5.342020e+01
      endloop
   endfacet
   facet normal 0.000000e+00 9.659253e-01 2.588210e-01
      outer loop
         vertex 6.300000e+01 7.084808e+01 5.173648e+01
         vertex 6.000000e+01 7.039692e+01 5.342020e+01
         vertex 6.300000e+01 7.039692e+01 5.342020e+01
      endloop
   endfacet
   facet normal 0.000000e+00 9.063085e-01 4.226166e-01
      outer loop
         vertex 6.300000e+01 7.039692e+01 5.342020e+01
         vertex 6.000000e+01 7.039692e+01 5.342020e+01
         vertex 6.000000e+01 6.966025e+01 5.500000e+01
      endloop
   endfacet
   facet normal 0.000000e+00 9.063085e-01 4.226166e-01
      outer loop
         vertex 6.300000e+01 7.039692e+01 5.342020e+01
         vertex 6.000000e+01 6.966025e+01 5.500000e+01
         vertex 6.300000e+01 6.966025e+01 5.500000e+01
      endloop
   endfacet
   facet normal 0.000000e+00 8.191524e-01 5.735759e-01
      outer loop
         vertex 6.300000e+01 6.966025e+01 5.500000e+01
         vertex 6.000000e+01 6.966025e+01 5.500000e+01
         vertex 6.000000e+01 6.866045e+01 5.642788e+01
      endloop
   endfacet
   facet normal 0.000000e+00 8.191524e-01 5.735759e-01
      outer loop
         vertex 6.300000e+01 6.966025e+01 5.500000e+01
         vertex 6.000000e+01 6.866045e+01 5.642788e+01
         vertex 6.300000e+01 6.866045e+01 5.642788e+01
      endloop
   endfacet
   facet normal 0.000000e+00 7.071057e-01 7.071078e-01
      outer loop
         vertex 6.300000e+01 6.866045e+01 5.642788e+01
         vertex 6.000000e+01 6.866045e+01 5.642788e+01
         vertex 6.000000e+01 6.742787e+01 5.766045e+01
      endloop
   endfacet
   facet normal 0.000000e+00 7.071057e-01 7.071078e-01
      outer loop
         vertex 6.300000e+01 6.866045e+01 5.642788e+01
         vertex 6.000000e+01 6.742787e+01 5.766045e+01
         vertex 6.300000e+01 6.742787e+01 5.766045e+01
      endloop
   endfacet
   facet normal 0.000000e+00 5.735770e-01 8.191516e-01
      outer loop
         vertex 6.300000e+01 6.742787e+01 5.766045e+01
         vertex 6.000000e+01 6.742787e+01 5.766045e+01
         vertex 6.000000e+01 6.600000e+01 5.866025e+01
      endloop
   endfacet
   facet normal 0.000000e+00 5.735770e-01 8.191516e-01
      outer loop
         vertex 6.300000e+01 6.742787e+01 5.766045e+01
         vertex 6.000000e+01 6.600000e+01 5.866025e+01
         vertex 6.300000e+01 6.600000e+01 5.866025e+01
      endloop
   endfacet
   facet normal 0.000000e+00 4.226183e-01 9.063077e-01
      outer loop
         vertex 6.300000e+01 6.600000e+01 5.866025e+01
         vertex 6.000000e+01 6.600000e+01 5.866025e+01
         vertex 6.000000e+01 6.442020e+01 5.939693e+01
      endloop
   endfacet
   facet normal 0.000000e+00 4.226183e-01 9.063077e-01
      outer loop
         vertex 6.300000e+01 6.600000e+01 5.866025e+01
         vertex 6.000000e+01 6.442020e+01 5.939693e+01
         vertex 6.300000e+01 6.442020e+01 5.939693e+01
      endloop
   endfacet
   facet normal 0.000000e+00 2.588191e-01 9.659258e-01
      outer loop
         vertex 6.300000e+01 6.442020e+01 5.939693e+01
         vertex 6.000000e+01 6.442020e+01 5.939693e+01
         vertex 6.000000e+01 6.273648e+01 5.984808e+01
      endloop
   endfacet
   facet normal 0.000000e+00 2.588191e-01 9.659258e-01
      outer loop
         vertex 6.300000e+01 6.442020e+01 5.939693e+01
         vertex 6.000000e+01 6.273648e+01 5.984808e+01
         vertex 6.300000e+01 6.273648e+01 5.984808e+01
      endloop
   endfacet
   facet normal 0.000000e+00 8.715552e-02 9.961947e-01
      outer loop
         vertex 6.300000e+01 6.273648e+01 5.984808e+01
         vertex 6.000000e+01 6.273648e+01 5.984808e+01
         vertex 6.000000e+01 6.100000e+01 6.000000e+01
      endloop
   endfacet
   facet normal 0.000000e+00 8.715552e-02 9.961947e-01
      outer loop
         vertex 6.300000e+01 6.273648e+01 5.984808e+01
         vertex 6.000000e+01 6.100000e+01 6.000000e+01
         vertex 6.300000e+01 6.100000e+01 6.000000e+01
      endloop
   endfacet
   facet normal 0.000000e+00 -0.000000e+00 1.000000e+00
      outer loop
         vertex 6.300000e+01 5.000000e+01 6.000000e+01
         vertex 6.300000e+01 6.100000e+01 6.000000e+01
         vertex 6.000000e+01 5.000000e+01 6.000000e+01
      endloop
   endfacet
   facet normal 0.000000e+00 0.000000e+00 1.000000e+00
      outer loop
         vertex 6.000000e+01 5.000000e+01 6.000000e+01
         vertex 6.300000e+01 6.100000e+01 6.000000e+01
         vertex 6.000000e+01 6.100000e+01 6.000000e+01
      endloop
   endfacet
   facet normal -0.000000e+00 -8.715571e-02 -9.961947e-01
      outer loop
         vertex 6.300000e+01 6.100000e+01 5.500000e+01
         vertex 6.000000e+01 6.100000e+01 5.500000e+01
         vertex 6.300000e+01 6.186824e+01 5.492404e+01
      endloop
   endfacet
   facet normal -0.000000e+00 -8.715571e-02 -9.961947e-01
      outer loop
         vertex 6.300000e+01 6.186824e+01 5.492404e+01
         vertex 6.000000e+01 6.100000e+01 5.500000e+01
         vertex 6.000000e+01 6.186824e+01 5.492404e+01
      endloop
   endfacet
   facet normal -0.000000e+00 -2.588191e-01 -9.659258e-01
      outer loop
         vertex 6.300000e+01 6.186824e+01 5.492404e+01
         vertex 6.000000e+01 6.186824e+01 5.492404e+01
         vertex 6.300000e+01 6.271010e+01 5.469846e+01
      endloop
   endfacet
   facet normal -0.000000e+00 -2.588191e-01 -9.659258e-01
      outer loop
         vertex 6.300000e+01 6.271010e+01 5.469846e+01
         vertex 6.000000e+01 6.186824e+01 5.492404e+01
         vertex 6.000000e+01 6.271010e+01 5.469846e+01
      endloop
   endfacet
   facet normal -0.000000e+00 -4.226167e-01 -9.063085e-01
      outer loop
         vertex 6.300000e+01 6.271010e+01 5.469846e+01
         vertex 6.000000e+01 6.271010e+01 5.469846e+01
         vertex 6.300000e+01 6.350000e+01 5.433013e+01
      endloop
   endfacet
   facet normal -0.000000e+00 -4.226167e-01 -9.063085e-01
      outer loop
         vertex 6.300000e+01 6.350000e+01 5.433013e+01
         vertex 6.000000e+01 6.271010e+01 5.469846e+01
         vertex 6.000000e+01 6.350000e+01 5.433013e+01
      endloop
   endfacet
   facet normal -0.000000e+00 -5.735770e-01 -8.191516e-01
      outer loop
         vertex 6.300000e+01 6.350000e+01 5.433013e+01
         vertex 6.000000e+01 6.350000e+01 5.433013e+01
         vertex 6.300000e+01 6.421394e+01 5.383022e+01
      endloop
   endfacet
   facet normal -0.000000e+00 -5.735770e-01 -8.191516e-01
      outer loop
         vertex 6.300000e+01 6.421394e+01 5.383022e+01
         vertex 6.000000e+01 6.350000e+01 5.433013e+01
         vertex 6.000000e+01 6.421394e+01 5.383022e+01
      endloop
   endfacet
   facet normal -0.000000e+00 -7.071078e-01 -7.071057e-01
      outer loop
         vertex 6.300000e+01 6.421394e+01 5.383022e+01
         vertex 6.000000e+01 6.421394e+01 5.383022e+01
         vertex 6.300000e+01 6.483022e+01 5.321394e+01
      endloop
   endfacet
   facet normal -0.000000e+00 -7.071078e-01 -7.071057e-01
      outer loop
         vertex 6.300000e+01 6.483022e+01 5.321394e+01
         vertex 6.000000e+01 6.421394e+01 5.383022e+01
         vertex 6.000000e+01 6.483022e+01 5.321394e+01
      endloop
   endfacet
   facet normal -0.000000e+00 -8.191524e-01 -5.735759e-01
      outer loop
         vertex 6.300000e+01 6.483022e+01 5.321394e+01
         vertex 6.000000e+01 6.483022e+01 5.321394e+01
         vertex 6.300000e+01 6.533013e+01 5.250000e+01
      endloop
   endfacet
   facet normal -0.000000e+00 -8.191524e-01 -5.735759e-01
      outer loop
         vertex 6.300000e+01 6.533013e+01 5.250000e+01
         vertex 6.000000e+01 6.483022e+01 5.321394e+01
         vertex 6.000000e+01 6.533013e+01 5.250000e+01
      endloop
   endfacet
   facet normal -0.000000e+00 -9.063085e-01 -4.226166e-01
      outer loop
         vertex 6.300000e+01 6.533013e+01 5.250000e+01
         vertex 6.000000e+01 6.533013e+01 5.250000e+01
         vertex 6.300000e+01 6.569846e+01 5.171010e+01
      endloop
   endfacet
   facet normal -0.000000e+00 -9.063085e-01 -4.226166e-01
      outer loop
         vertex 6.300000e+01 6.569846e+01 5.171010e+01
         vertex 6.000000e+01 6.533013e+01 5.250000e+01
         vertex 6.000000e+01 6.569846e+01 5.171010e+01
      endloop
   endfacet
   facet normal -0.000000e+00 -9.659242e-01 -2.588250e-01
      outer loop
         vertex 6.300000e+01 6.569846e+01 5.171010e+01
         vertex 6.000000e+01 6.569846e+01 5.171010e+01
         vertex 6.300000e+01 6.592404e+01 5.086824e+01
      endloop
   endfacet
   facet normal -0.000000e+00 -9.659242e-01 -2.588250e-01
      outer loop
         vertex 6.300000e+01 6.592404e+01 5.086824e+01
         vertex 6.000000e+01 6.569846e+01 5.171010e+01
         vertex 6.000000e+01 6.592404e+01 5.086824e+01
      endloop
   endfacet
   facet normal -0.000000e+00 -9.961950e-01 -8.715282e-02
      outer loop
         vertex 6.300000e+01 6.592404e+01 5.086824e+01
         vertex 6.000000e+01 6.592404e+01 5.086824e+01
         vertex 6.300000e+01 6.600000e+01 5.000000e+01
      endloop
   endfacet
   facet normal -0.000000e+00 -9.961950e-01 -8.715282e-02
      outer loop
         vertex 6.300000e+01 6.600000e+01 5.000000e+01
         vertex 6.000000e+01 6.592404e+01 5.086824e+01
         vertex 6.000000e+01 6.600000e+01 5.000000e+01
      endloop
   endfacet
   facet normal 0.000000e+00 -9.961950e-01 8.715282e-02
      outer loop
         vertex 6.300000e+01 6.600000e+01 5.000000e+01
         vertex 6.000000e+01 6.600000e+01 5.000000e+01
         vertex 6.300000e+01 6.592404e+01 4.913176e+01
      endloop
   endfacet
   facet normal 0.000000e+00 -9.961950e-01 8.715282e-02
      outer loop
         vertex 6.300000e+01 6.592404e+01 4.913176e+01
         vertex 6.000000e+01 6.600000e+01 5.000000e+01
         vertex 6.000000e+01 6.592404e+01 4.913176e+01
      endloop
   endfacet
   facet normal 0.000000e+00 -9.659242e-01 2.588250e-01
      outer loop
         vertex 6.300000e+01 6.592404e+01 4.913176e+01
         vertex 6.000000e+01 6.592404e+01 4.913176e+01
         vertex 6.300000e+01 6.569846e+01 4.828990e+01
      endloop
   endfacet
   facet normal 0.000000e+00 -9.659242e-01 2.588250e-01
      outer loop
         vertex 6.300000e+01 6.569846e+01 4.828990e+01
         vertex 6.000000e+01 6.592404e+01 4.913176e+01
         vertex 6.000000e+01 6.569846e+01 4.828990e+01
      endloop
   endfacet
   facet normal 0.000000e+00 -9.063085e-01 4.226166e-01
      outer loop
         vertex 6.300000e+01 6.569846e+01 4.828990e+01
         vertex 6.000000e+01 6.569846e+01 4.828990e+01
         vertex 6.300000e+01 6.533013e+01 4.750000e+01
      endloop
   endfacet
   facet normal 0.000000e+00 -9.063085e-01 4.226166e-01
      outer loop
         vertex 6.300000e+01 6.533013e+01 4.750000e+01
         vertex 6.000000e+01 6.569846e+01 4.828990e+01
         vertex 6.000000e+01 6.533013e+01 4.750000e+01
      endloop
   endfacet
   facet normal 0.000000e+00 -8.191524e-01 5.735759e-01
      outer loop
         vertex 6.300000e+01 6.533013e+01 4.750000e+01
         vertex 6.000000e+01 6.533013e+01 4.750000e+01
         vertex 6.300000e+01 6.483022e+01 4.678606e+01
      endloop
   endfacet
   facet normal 0.000000e+00 -8.191524e-01 5.735759e-01
      outer loop
         vertex 6.300000e+01 6.483022e+01 4.678606e+01
         vertex 6.000000e+01 6.533013e+01 4.750000e+01
         vertex 6.000000e+01 6.483022e+01 4.678606e+01
      endloop
   endfacet
   facet normal 0.000000e+00 -7.071078e-01 7.071057e-01
      outer loop
         vertex 6.300000e+01 6.483022e+01 4.678606e+01
         vertex 6.000000e+01 6.483022e+01 4.678606e+01
         vertex 6.300000e+01 6.421394e+01 4.616978e+01
      endloop
   endfacet
   facet normal 0.000000e+00 -7.071078e-01 7.071057e-01
      outer loop
         vertex 6.300000e+01 6.421394e+01 4.616978e+01
         vertex 6.000000e+01 6.483022e+01 4.678606e+01
         vertex 6.000000e+01 6.421394e+01 4.616978e+01
      endloop
   endfacet
   facet normal 0.000000e+00 -5.735770e-01 8.191516e-01
      outer loop
         vertex 6.300000e+01 6.421394e+01 4.616978e+01
         vertex 6.000000e+01 6.421394e+01 4.616978e+01
         vertex 6.300000e+01 6.350000e+01 4.566987e+01
      endloop
   endfacet
   facet normal 0.000000e+00 -5.735770e-01 8.191516e-01
      outer loop
         vertex 6.300000e+01 6.350000e+01 4.566987e+01
         vertex 6.000000e+01 6.421394e+01 4.616978e+01
         vertex 6.000000e+01 6.350000e+01 4.566987e+01
      endloop
   endfacet
   facet normal 0.000000e+00 -4.226167e-01 9.063085e-01
      outer loop
         vertex 6.300000e+01 6.350000e+01 4.566987e+01
         vertex 6.000000e+01 6.350000e+01 4.566987e+01
         vertex 6.300000e+01 6.271010e+01 4.530154e+01
      endloop
   endfacet
   facet normal 0.000000e+00 -4.226167e-01 9.063085e-01
      outer loop
         vertex 6.300000e+01 6.271010e+01 4.530154e+01
         vertex 6.000000e+01 6.350000e+01 4.566987e+01
         vertex 6.000000e+01 6.271010e+01 4.530154e+01
      endloop
   endfacet
   facet normal 0.000000e+00 -2.588191e-01 9.659258e-01
      outer loop
         vertex 6.300000e+01 6.271010e+01 4.530154e+01
         vertex 6.000000e+01 6.271010e+01 4.530154e+01
         vertex 6.300000e+01 6.186824e+01 4.507596e+01
      endloop
   endfacet
   facet normal 0.000000e+00 -2.588191e-01 9.659258e-01
      outer loop
         vertex 6.300000e+01 6.186824e+01 4.507596e+01
         vertex 6.000000e+01 6.271010e+01 4.530154e+01
         vertex 6.000000e+01 6.186824e+01 4.507596e+01
      endloop
   endfacet
   facet normal 0.000000e+00 -8.715571e-02 9.961947e-01
      outer loop
         vertex 6.300000e+01 6.186824e+01 4.507596e+01
         vertex 6.000000e+01 6.186824e+01 4.507596e+01
         vertex 6.300000e+01 6.100000e+01 4.500000e+01
      endloop
   endfacet
   facet normal 0.000000e+00 -8.715571e-02 9.961947e-01
      outer loop
         vertex 6.300000e+01 6.100000e+01 4.500000e+01
         vertex 6.000000e+01 6.186824e+01 4.507596e+01
         vertex 6.000000e+01 6.100000e+01 4.500000e+01
      endloop
   endfacet
   facet normal 0.000000e+00 8.715534e-02 9.961947e-01
      outer loop
         vertex 6.300000e+01 6.100000e+01 4.500000e+01
         vertex 6.000000e+01 6.100000e+01 4.500000e+01
         vertex 6.300000e+01 6.013176e+01 4.507596e+01
      endloop
   endfacet
   facet normal 0.000000e+00 8.715534e-02 9.961947e-01
      outer loop
         vertex 6.300000e+01 6.013176e+01 4.507596e+01
         vertex 6.000000e+01 6.100000e+01 4.500000e+01
         vertex 6.000000e+01 6.013176e+01 4.507596e+01
      endloop
   endfacet
   facet normal 0.000000e+00 2.588191e-01 9.659258e-01
      outer loop
         vertex 6.300000e+01 6.013176e+01 4.507596e+01
         vertex 6.000000e+01 6.013176e+01 4.507596e+01
         vertex 6.300000e+01 5.928990e+01 4.530154e+01
      endloop
   endfacet
   facet normal 0.000000e+00 2.588191e-01 9.659258e-01
      outer loop
         vertex 6.300000e+01 5.928990e+01 4.530154e+01
         vertex 6.000000e+01 6.013176e+01 4.507596e+01
         vertex 6.000000e+01 5.928990e+01 4.530154e+01
      endloop
   endfacet
   facet normal 0.000000e+00 4.226183e-01 9.063077e-01
      outer loop
         vertex 6.300000e+01 5.928990e+01 4.530154e+01
         vertex 6.000000e+01 5.928990e+01 4.530154e+01
         vertex 6.300000e+01 5.850000e+01 4.566987e+01
      endloop
   endfacet
   facet normal 0.000000e+00 4.226183e-01 9.063077e-01
      outer loop
         vertex 6.300000e+01 5.850000e+01 4.566987e+01
         vertex 6.000000e+01 5.928990e+01 4.530154e+01
         vertex 6.000000e+01 5.850000e+01 4.566987e+01
      endloop
   endfacet
   facet normal 0.000000e+00 5.735770e-01 8.191516e-01
      outer loop
         vertex 6.300000e+01 5.850000e+01 4.566987e+01
         vertex 6.000000e+01 5.850000e+01 4.566987e+01
         vertex 6.300000e+01 5.778606e+01 4.616978e+01
      endloop
   endfacet
   facet normal 0.000000e+00 5.735770e-01 8.191516e-01
      outer loop
         vertex 6.300000e+01 5.778606e+01 4.616978e+01
         vertex 6.000000e+01 5.850000e+01 4.566987e+01
         vertex 6.000000e+01 5.778606e+01 4.616978e+01
      endloop
   endfacet
   facet normal 0.000000e+00 7.071057e-01 7.071078e-01
      outer loop
         vertex 6.300000e+01 5.778606e+01 4.616978e+01
         vertex 6.000000e+01 5.778606e+01 4.616978e+01
         vertex 6.300000e+01 5.716978e+01 4.678606e+01
      endloop
   endfacet
   facet normal 0.000000e+00 7.071057e-01 7.071078e-01
      outer loop
         vertex 6.300000e+01 5.716978e+01 4.678606e+01
         vertex 6.000000e+01 5.778606e+01 4.616978e+01
         vertex 6.000000e+01 5.716978e+01 4.678606e+01
      endloop
   endfacet
   facet normal 0.000000e+00 8.191524e-01 5.735759e-01
      outer loop
         vertex 6.300000e+01 5.716978e+01 4.678606e+01
         vertex 6.000000e+01 5.716978e+01 4.678606e+01
         vertex 6.300000e+01 5.666987e+01 4.750000e+01
      endloop
   endfacet
   facet normal 0.000000e+00 8.191524e-01 5.735759e-01
      outer loop
         vertex 6.300000e+01 5.666987e+01 4.750000e+01
         vertex 6.000000e+01 5.716978e+01 4.678606e+01
         vertex 6.000000e+01 5.666987e+01 4.750000e+01
      endloop
   endfacet
   facet normal 0.000000e+00 9.063085e-01 4.226166e-01
      outer loop
         vertex 6.300000e+01 5.666987e+01 4.750000e+01
         vertex 6.000000e+01 5.666987e+01 4.750000e+01
         vertex 6.300000e+01 5.630154e+01 4.828990e+01
      endloop
   endfacet
   facet normal 0.000000e+00 9.063085e-01 4.226166e-01
      outer loop
         vertex 6.300000e+01 5.630154e+01 4.828990e+01
         vertex 6.000000e+01 5.666987e+01 4.750000e+01
         vertex 6.000000e+01 5.630154e+01 4.828990e+01
      endloop
   endfacet
   facet normal 0.000000e+00 9.659253e-01 2.588210e-01
      outer loop
         vertex 6.300000e+01 5.630154e+01 4.828990e+01
         vertex 6.000000e+01 5.630154e+01 4.828990e+01
         vertex 6.300000e+01 5.607596e+01 4.913176e+01
      endloop
   endfacet
   facet normal 0.000000e+00 9.659253e-01 2.588210e-01
      outer loop
         vertex 6.300000e+01 5.607596e+01 4.913176e+01
         vertex 6.000000e+01 5.630154e+01 4.828990e+01
         vertex 6.000000e+01 5.607596e+01 4.913176e+01
      endloop
   endfacet
   facet normal 0.000000e+00 9.961950e-01 8.715282e-02
      outer loop
         vertex 6.300000e+01 5.607596e+01 4.913176e+01
         vertex 6.000000e+01 5.607596e+01 4.913176e+01
         vertex 6.300000e+01 5.600000e+01 5.000000e+01
      endloop
   endfacet
   facet normal 0.000000e+00 9.961950e-01 8.715282e-02
      outer loop
         vertex 6.300000e+01 5.600000e+01 5.000000e+01
         vertex 6.000000e+01 5.607596e+01 4.913176e+01
         vertex 6.000000e+01 5.600000e+01 5.000000e+01
      endloop
   endfacet
   facet normal 0.000000e+00 9.961950e-01 -8.715282e-02
      outer loop
         vertex 6.300000e+01 5.600000e+01 5.000000e+01
         vertex 6.000000e+01 5.600000e+01 5.000000e+01
         vertex 6.300000e+01 5.607596e+01 5.086824e+01
      endloop
   endfacet
   facet normal 0.000000e+00 9.961950e-01 -8.715282e-02
      outer loop
         vertex 6.300000e+01 5.607596e+01 5.086824e+01
         vertex 6.000000e+01 5.600000e+01 5.000000e+01
         vertex 6.000000e+01 5.607596e+01 5.086824e+01
      endloop
   endfacet
   facet normal 0.000000e+00 9.659253e-01 -2.588210e-01
      outer loop
         vertex 6.300000e+01 5.607596e+01 5.086824e+01
         vertex 6.000000e+01 5.607596e+01 5.086824e+01
         vertex 6.300000e+01 5.630154e+01 5.171010e+01
      endloop
   endfacet
   facet normal 0.000000e+00 9.659253e-01 -2.588210e-01
      outer loop
         vertex 6.300000e+01 5.630154e+01 5.171010e+01
         vertex 6.000000e+01 5.607596e+01 5.086824e+01
         vertex 6.000000e+01 5.630154e+01 5.171010e+01
      endloop
   endfacet
   facet normal 0.000000e+00 9.063085e-01 -4.226166e-01
      outer loop
         vertex 6.300000e+01 5.630154e+01 5.171010e+01
         vertex 6.000000e+01 5.630154e+01 5.171010e+01
         vertex 6.300000e+01 5.666987e+01 5.250000e+01
      endloop
   endfacet
   facet normal 0.000000e+00 9.063085e-01 -4.226166e-01
      outer loop
         vertex 6.300000e+01 5.666987e+01 5.250000e+01
         vertex 6.000000e+01 5.630154e+01 5.171010e+01
         vertex 6.000000e+01 5.666987e+01 5.250000e+01
      endloop
   endfacet
   facet normal 0.000000e+00 8.191524e-01 -5.735759e-01
      outer loop
         vertex 6.300000e+01 5.666987e+01 5.250000e+01
         vertex 6.000000e+01 5.666987e+01 5.250000e+01
         vertex 6.300000e+01 5.716978e+01 5.321394e+01
      endloop
   endfacet
   facet normal 0.000000e+00 8.191524e-01 -5.735759e-01
      outer loop
         vertex 6.300000e+01 5.716978e+01 5.321394e+01
         vertex 6.000000e+01 5.666987e+01 5.250000e+01
         vertex 6.000000e+01 5.716978e+01 5.321394e+01
      endloop
   endfacet
   facet normal 0.000000e+00 7.071057e-01 -7.071078e-01
      outer loop
         vertex 6.300000e+01 5.716978e+01 5.321394e+01
         vertex 6.000000e+01 5.716978e+01 5.321394e+01
         vertex 6.300000e+01 5.778606e+01 5.383022e+01
      endloop
   endfacet
   facet normal 0.000000e+00 7.071057e-01 -7.071078e-01
      outer loop
         vertex 6.300000e+01 5.778606e+01 5.383022e+01
         vertex 6.000000e+01 5.716978e+01 5.321394e+01
         vertex 6.000000e+01 5.778606e+01 5.383022e+01
      endloop
   endfacet
   facet normal 0.000000e+00 5.735770e-01 -8.191516e-01
      outer loop
         vertex 6.300000e+01 5.778606e+01 5.383022e+01
         vertex 6.000000e+01 5.778606e+01 5.383022e+01
         vertex 6.300000e+01 5.850000e+01 5.433013e+01
      endloop
   endfacet
   facet normal 0.000000e+00 5.735770e-01 -8.191516e-01
      outer loop
         vertex 6.300000e+01 5.850000e+01 5.433013e+01
         vertex 6.000000e+01 5.778606e+01 5.383022e+01
         vertex 6.000000e+01 5.850000e+01 5.433013e+01
      endloop
   endfacet
   facet normal 0.000000e+00 4.226183e-01 -9.063077e-01
      outer loop
         vertex 6.300000e+01 5.850000e+01 5.433013e+01
         vertex 6.000000e+01 5.850000e+01 5.433013e+01
         vertex 6.300000e+01 5.928990e+01 5.469846e+01
      endloop
   endfacet
   facet normal 0.000000e+00 4.226183e-01 -9.063077e-01
      outer loop
         vertex 6.300000e+01 5.928990e+01 5.469846e+01
         vertex 6.000000e+01 5.850000e+01 5.433013e+01
         vertex 6.000000e+01 5.928990e+01 5.469846e+01
      endloop
   endfacet
   facet normal 0.000000e+00 2.588191e-01 -9.659258e-01
      outer loop
         vertex 6.300000e+01 5.928990e+01 5.469846e+01
         vertex 6.000000e+01 5.928990e+01 5.469846e+01
         vertex 6.300000e+01 6.013176e+01 5.492404e+01
      endloop
   endfacet
   facet normal 0.000000e+00 2.588191e-01 -9.659258e-01
      outer loop
         vertex 6.300000e+01 6.013176e+01 5.492404e+01
         vertex 6.000000e+01 5.928990e+01 5.469846e+01
         vertex 6.000000e+01 6.013176e+01 5.492404e+01
      endloop
   endfacet
   facet normal 0.000000e+00 8.715534e-02 -9.961947e-01
      outer loop
         vertex 6.300000e+01 6.013176e+01 5.492404e+01
         vertex 6.000000e+01 6.013176e+01 5.492404e+01
         vertex 6.300000e+01 6.100000e+01 5.500000e+01
      endloop
   endfacet
   facet normal 0.000000e+00 8.715534e-02 -9.961947e-01
      outer loop
         vertex 6.300000e+01 6.100000e+01 5.500000e+01
         vertex 6.000000e+01 6.013176e+01 5.492404e+01
         vertex 6.000000e+01 6.100000e+01 5.500000e+01
      endloop
   endfacet
   facet normal 1.000000e+00 0.000000e+00 0.000000e+00
      outer loop
         vertex 6.300000e+01 6.013176e+01 4.507596e+01
         vertex 6.300000e+01 5.928990e+01 4.530154e+01
         vertex 6.300000e+01 6.100000e+01 4.000000e+01
      endloop
   endfacet
   facet normal 1.000000e+00 0.000000e+00 0.000000e+00
      outer loop
         vertex 6.300000e+01 5.716978e+01 5.321394e+01
         vertex 6.300000e+01 5.000000e+01 6.000000e+01
         vertex 6.300000e+01 5.666987e+01 5.250000e+01
      endloop
   endfacet
   facet normal 1.000000e+00 0.000000e+00 0.000000e+00
      outer loop
         vertex 6.300000e+01 5.666987e+01 5.250000e+01
         vertex 6.300000e+01 5.000000e+01 6.000000e+01
         vertex 6.300000e+01 5.630154e+01 5.171010e+01
      endloop
   endfacet
   facet normal 1.000000e+00 0.000000e+00 0.000000e+00
      outer loop
         vertex 6.300000e+01 5.778606e+01 4.616978e+01
         vertex 6.300000e+01 5.716978e+01 4.678606e+01
         vertex 6.300000e+01 5.000000e+01 4.000000e+01
      endloop
   endfacet
   facet normal 1.000000e+00 0.000000e+00 0.000000e+00
      outer loop
         vertex 6.300000e+01 5.000000e+01 4.000000e+01
         vertex 6.300000e+01 5.716978e+01 4.678606e+01
         vertex 6.300000e+01 5.666987e+01 4.750000e+01
      endloop
   endfacet
   facet normal 1.000000e+00 0.000000e+00 0.000000e+00
      outer loop
         vertex 6.300000e+01 5.000000e+01 4.000000e+01
         vertex 6.300000e+01 5.666987e+01 4.750000e+01
         vertex 6.300000e+01 5.630154e+01 4.828990e+01
      endloop
   endfacet
   facet normal 1.000000e+00 0.000000e+00 0.000000e+00
      outer loop
         vertex 6.300000e+01 5.630154e+01 4.828990e+01
         vertex 6.300000e+01 5.607596e+01 4.913176e+01
         vertex 6.300000e+01 5.000000e+01 4.000000e+01
      endloop
   endfacet
   facet normal 1.000000e+00 0.000000e+00 0.000000e+00
      outer loop
         vertex 6.300000e+01 5.000000e+01 4.000000e+01
         vertex 6.300000e+01 5.607596e+01 4.913176e+01
         vertex 6.300000e+01 5.600000e+01 5.000000e+01
      endloop
   endfacet
   facet normal 1.000000e+00 0.000000e+00 0.000000e+00
      outer loop
         vertex 6.300000e+01 5.000000e+01 4.000000e+01
         vertex 6.300000e+01 5.600000e+01 5.000000e+01
         vertex 6.300000e+01 5.000000e+01 6.000000e+01
      endloop
   endfacet
   facet normal 1.000000e+00 0.000000e+00 0.000000e+00
      outer loop
         vertex 6.300000e+01 5.000000e+01 6.000000e+01
         vertex 6.300000e+01 5.600000e+01 5.000000e+01
         vertex 6.300000e+01 5.607596e+01 5.086824e+01
      endloop
   endfacet
   facet normal 1.000000e+00 0.000000e+00 0.000000e+00
      outer loop
         vertex 6.300000e+01 5.000000e+01 6.000000e+01
         vertex 6.300000e+01 5.607596e+01 5.086824e+01
         vertex 6.300000e+01 5.630154e+01 5.171010e+01
      endloop
   endfacet
   facet normal 1.000000e+00 0.000000e+00 0.000000e+00
      outer loop
         vertex 6.300000e+01 6.100000e+01 4.000000e+01
         vertex 6.300000e+01 5.928990e+01 4.530154e+01
         vertex 6.300000e+01 5.000000e+01 4.000000e+01
      endloop
   endfacet
   facet normal 1.000000e+00 0.000000e+00 0.000000e+00
      outer loop
         vertex 6.300000e+01 5.000000e+01 4.000000e+01
         vertex 6.300000e+01 5.928990e+01 4.530154e+01
         vertex 6.300000e+01 5.850000e+01 4.566987e+01
      endloop
   endfacet
   facet normal 1.000000e+00 0.000000e+00 0.000000e+00
      outer loop
         vertex 6.300000e+01 5.000000e+01 4.000000e+01
         vertex 6.300000e+01 5.850000e+01 4.566987e+01
         vertex 6.300000e+01 5.778606e+01 4.616978e+01
      endloop
   endfacet
   facet normal 1.000000e+00 0.000000e+00 -0.000000e+00
      outer loop
         vertex 6.300000e+01 5.928990e+01 5.469846e+01
         vertex 6.300000e+01 6.100000e+01 6.000000e+01
         vertex 6.300000e+01 5.850000e+01 5.433013e+01
      endloop
   endfacet
   facet normal 1.000000e+00 0.000000e+00 -0.000000e+00
      outer loop
         vertex 6.300000e+01 5.850000e+01 5.433013e+01
         vertex 6.300000e+01 6.100000e+01 6.000000e+01
         vertex 6.300000e+01 5.000000e+01 6.000000e+01
      endloop
   endfacet
   facet normal 1.000000e+00 0.000000e+00 0.000000e+00
      outer loop
         vertex 6.300000e+01 5.850000e+01 5.433013e+01
         vertex 6.300000e+01 5.000000e+01 6.000000e+01
         vertex 6.300000e+01 5.778606e+01 5.383022e+01
      endloop
   endfacet
   facet normal 1.000000e+00 0.000000e+00 0.000000e+00
      outer loop
         vertex 6.300000e+01 5.778606e+01 5.383022e+01
         vertex 6.300000e+01 5.000000e+01 6.000000e+01
         vertex 6.300000e+01 5.716978e+01 5.321394e+01
      endloop
   endfacet
   facet normal 1.000000e+00 0.000000e+00 0.000000e+00
      outer loop
         vertex 6.300000e+01 5.928990e+01 5.469846e+01
         vertex 6.300000e+01 6.013176e+01 5.492404e+01
         vertex 6.300000e+01 6.100000e+01 6.000000e+01
      endloop
   endfacet
   facet normal 1.000000e+00 0.000000e+00 0.000000e+00
      outer loop
         vertex 6.300000e+01 6.100000e+01 6.000000e+01
         vertex 6.300000e+01 6.013176e+01 5.492404e+01
         vertex 6.300000e+01 6.100000e+01 5.500000e+01
      endloop
   endfacet
   facet normal 1.000000e+00 0.000000e+00 0.000000e+00
      outer loop
         vertex 6.300000e+01 6.100000e+01 6.000000e+01
         vertex 6.300000e+01 6.100000e+01 5.500000e+01
         vertex 6.300000e+01 6.273648e+01 5.984808e+01
      endloop
   endfacet
   facet normal 1.000000e+00 0.000000e+00 0.000000e+00
      outer loop
         vertex 6.300000e+01 6.273648e+01 5.984808e+01
         vertex 6.300000e+01 6.100000e+01 5.500000e+01
         vertex 6.300000e+01 6.186824e+01 5.492404e+01
      endloop
   endfacet
   facet normal 1.000000e+00 0.000000e+00 0.000000e+00
      outer loop
         vertex 6.300000e+01 6.273648e+01 5.984808e+01
         vertex 6.300000e+01 6.186824e+01 5.492404e+01
         vertex 6.300000e+01 6.442020e+01 5.939693e+01
      endloop
   endfacet
   facet normal 1.000000e+00 0.000000e+00 0.000000e+00
      outer loop
         vertex 6.300000e+01 6.442020e+01 5.939693e+01
         vertex 6.300000e+01 6.186824e+01 5.492404e+01
         vertex 6.300000e+01 6.271010e+01 5.469846e+01
      endloop
   endfacet
   facet normal 1.000000e+00 0.000000e+00 0.000000e+00
      outer loop
         vertex 6.300000e+01 6.442020e+01 5.939693e+01
         vertex 6.300000e+01 6.271010e+01 5.469846e+01
         vertex 6.300000e+01 6.600000e+01 5.866025e+01
      endloop
   endfacet
   facet normal 1.000000e+00 0.000000e+00 0.000000e+00
      outer loop
         vertex 6.300000e+01 6.600000e+01 5.866025e+01
         vertex 6.300000e+01 6.271010e+01 5.469846e+01
         vertex 6.300000e+01 6.350000e+01 5.433013e+01
      endloop
   endfacet
   facet normal 1.000000e+00 0.000000e+00 0.000000e+00
      outer loop
         vertex 6.300000e+01 6.600000e+01 5.866025e+01
         vertex 6.300000e+01 6.350000e+01 5.433013e+01
         vertex 6.300000e+01 6.742787e+01 5.766045e+01
      endloop
   endfacet
   facet normal 1.000000e+00 0.000000e+00 0.000000e+00
      outer loop
         vertex 6.300000e+01 6.742787e+01 5.766045e+01
         vertex 6.300000e+01 6.350000e+01 5.433013e+01
         vertex 6.300000e+01 6.421394e+01 5.383022e+01
      endloop
   endfacet
   facet normal 1.000000e+00 0.000000e+00 0.000000e+00
      outer loop
         vertex 6.300000e+01 6.742787e+01 5.766045e+01
         vertex 6.300000e+01 6.421394e+01 5.383022e+01
         vertex 6.300000e+01 6.866045e+01 5.642788e+01
      endloop
   endfacet
   facet normal 1.000000e+00 0.000000e+00 0.000000e+00
      outer loop
         vertex 6.300000e+01 6.866045e+01 5.642788e+01
         vertex 6.300000e+01 6.421394e+01 5.383022e+01
         vertex 6.300000e+01 6.483022e+01 5.321394e+01
      endloop
   endfacet
   facet normal 1.000000e+00 0.000000e+00 0.000000e+00
      outer loop
         vertex 6.300000e+01 6.866045e+01 5.642788e+01
         vertex 6.300000e+01 6.483022e+01 5.321394e+01
         vertex 6.300000e+01 6.966025e+01 5.500000e+01
      endloop
   endfacet
   facet normal 1.000000e+00 0.000000e+00 0.000000e+00
      outer loop
         vertex 6.300000e+01 6.966025e+01 5.500000e+01
         vertex 6.300000e+01 6.483022e+01 5.321394e+01
         vertex 6.300000e+01 6.533013e+01 5.250000e+01
      endloop
   endfacet
   facet normal 1.000000e+00 0.000000e+00 0.000000e+00
      outer loop
         vertex 6.300000e+01 6.966025e+01 5.500000e+01
         vertex 6.300000e+01 6.533013e+01 5.250000e+01
         vertex 6.300000e+01 7.039692e+01 5.342020e+01
      endloop
   endfacet
   facet normal 1.000000e+00 0.000000e+00 0.000000e+00
      outer loop
         vertex 6.300000e+01 7.039692e+01 5.342020e+01
         vertex 6.300000e+01 6.533013e+01 5.250000e+01
         vertex 6.300000e+01 6.569846e+01 5.171010e+01
      endloop
   endfacet
   facet normal 1.000000e+00 0.000000e+00 0.000000e+00
      outer loop
         vertex 6.300000e+01 7.039692e+01 5.342020e+01
         vertex 6.300000e+01 6.569846e+01 5.171010e+01
         vertex 6.300000e+01 7.084808e+01 5.173648e+01
      endloop
   endfacet
   facet normal 1.000000e+00 0.000000e+00 0.000000e+00
      outer loop
         vertex 6.300000e+01 7.084808e+01 5.173648e+01
         vertex 6.300000e+01 6.569846e+01 5.171010e+01
         vertex 6.300000e+01 6.592404e+01 5.086824e+01
      endloop
   endfacet
   facet normal 1.000000e+00 0.000000e+00 0.000000e+00
      outer loop
         vertex 6.300000e+01 7.084808e+01 5.173648e+01
         vertex 6.300000e+01 6.592404e+01 5.086824e+01
         vertex 6.300000e+01 7.100000e+01 5.000000e+01
      endloop
   endfacet
   facet normal 1.000000e+00 0.000000e+00 0.000000e+00
      outer loop
         vertex 6.300000e+01 7.100000e+01 5.000000e+01
         vertex 6.300000e+01 6.592404e+01 5.086824e+01
         vertex 6.300000e+01 6.600000e+01 5.000000e+01
      endloop
   endfacet
   facet normal 1.000000e+00 0.000000e+00 0.000000e+00
      outer loop
         vertex 6.300000e+01 7.100000e+01 5.000000e+01
         vertex 6.300000e+01 6.600000e+01 5.000000e+01
         vertex 6.300000e+01 7.084808e+01 4.826352e+01
      endloop
   endfacet
   facet normal 1.000000e+00 0.000000e+00 0.000000e+00
      outer loop
         vertex 6.300000e+01 7.084808e+01 4.826352e+01
         vertex 6.300000e+01 6.600000e+01 5.000000e+01
         vertex 6.300000e+01 6.592404e+01 4.913176e+01
      endloop
   endfacet
   facet normal 1.000000e+00 0.000000e+00 0.000000e+00
      outer loop
         vertex 6.300000e+01 7.084808e+01 4.826352e+01
         vertex 6.300000e+01 6.592404e+01 4.913176e+01
         vertex 6.300000e+01 7.039692e+01 4.657980e+01
      endloop
   endfacet
   facet normal 1.000000e+00 0.000000e+00 0.000000e+00
      outer loop
         vertex 6.300000e+01 7.039692e+01 4.657980e+01
         vertex 6.300000e+01 6.592404e+01 4.913176e+01
         vertex 6.300000e+01 6.569846e+01 4.828990e+01
      endloop
   endfacet
   facet normal 1.000000e+00 0.000000e+00 0.000000e+00
      outer loop
         vertex 6.300000e+01 7.039692e+01 4.657980e+01
         vertex 6.300000e+01 6.569846e+01 4.828990e+01
         vertex 6.300000e+01 6.966025e+01 4.500000e+01
      endloop
   endfacet
   facet normal 1.000000e+00 0.000000e+00 0.000000e+00
      outer loop
         vertex 6.300000e+01 6.966025e+01 4.500000e+01
         vertex 6.300000e+01 6.569846e+01 4.828990e+01
         vertex 6.300000e+01 6.533013e+01 4.750000e+01
      endloop
   endfacet
   facet normal 1.000000e+00 0.000000e+00 0.000000e+00
      outer loop
         vertex 6.300000e+01 6.966025e+01 4.500000e+01
         vertex 6.300000e+01 6.533013e+01 4.750000e+01
         vertex 6.300000e+01 6.866045e+01 4.357212e+01
      endloop
   endfacet
   facet normal 1.000000e+00 0.000000e+00 0.000000e+00
      outer loop
         vertex 6.300000e+01 6.866045e+01 4.357212e+01
         vertex 6.300000e+01 6.533013e+01 4.750000e+01
         vertex 6.300000e+01 6.483022e+01 4.678606e+01
      endloop
   endfacet
   facet normal 1.000000e+00 0.000000e+00 0.000000e+00
      outer loop
         vertex 6.300000e+01 6.866045e+01 4.357212e+01
         vertex 6.300000e+01 6.483022e+01 4.678606e+01
         vertex 6.300000e+01 6.742787e+01 4.233956e+01
      endloop
   endfacet
   facet normal 1.000000e+00 0.000000e+00 0.000000e+00
      outer loop
         vertex 6.300000e+01 6.742787e+01 4.233956e+01
         vertex 6.300000e+01 6.483022e+01 4.678606e+01
         vertex 6.300000e+01 6.421394e+01 4.616978e+01
      endloop
   endfacet
   facet normal 1.000000e+00 0.000000e+00 0.000000e+00
      outer loop
         vertex 6.300000e+01 6.742787e+01 4.233956e+01
         vertex 6.300000e+01 6.421394e+01 4.616978e+01
         vertex 6.300000e+01 6.600000e+01 4.133975e+01
      endloop
   endfacet
   facet normal 1.000000e+00 0.000000e+00 0.000000e+00
      outer loop
         vertex 6.300000e+01 6.600000e+01 4.133975e+01
         vertex 6.300000e+01 6.421394e+01 4.616978e+01
         vertex 6.300000e+01 6.350000e+01 4.566987e+01
      endloop
   endfacet
   facet normal 1.000000e+00 0.000000e+00 0.000000e+00
      outer loop
         vertex 6.300000e+01 6.600000e+01 4.133975e+01
         vertex 6.300000e+01 6.350000e+01 4.566987e+01
         vertex 6.300000e+01 6.442020e+01 4.060307e+01
      endloop
   endfacet
   facet normal 1.000000e+00 0.000000e+00 0.000000e+00
      outer loop
         vertex 6.300000e+01 6.442020e+01 4.060307e+01
         vertex 6.300000e+01 6.350000e+01 4.566987e+01
         vertex 6.300000e+01 6.271010e+01 4.530154e+01
      endloop
   endfacet
   facet normal 1.000000e+00 0.000000e+00 0.000000e+00
      outer loop
         vertex 6.300000e+01 6.442020e+01 4.060307e+01
         vertex 6.300000e+01 6.271010e+01 4.530154e+01
         vertex 6.300000e+01 6.273648e+01 4.015192e+01
      endloop
   endfacet
   facet normal 1.000000e+00 0.000000e+00 0.000000e+00
      outer loop
         vertex 6.300000e+01 6.273648e+01 4.015192e+01
         vertex 6.300000e+01 6.271010e+01 4.530154e+01
         vertex 6.300000e+01 6.186824e+01 4.507596e+01
      endloop
   endfacet
   facet normal 1.000000e+00 0.000000e+00 0.000000e+00
      outer loop
         vertex 6.300000e+01 6.273648e+01 4.015192e+01
         vertex 6.300000e+01 6.186824e+01 4.507596e+01
         vertex 6.300000e+01 6.100000e+01 4.000000e+01
      endloop
   endfacet
   facet normal 1.000000e+00 0.000000e+00 0.000000e+00
      outer loop
         vertex 6.300000e+01 6.100000e+01 4.000000e+01
         vertex 6.300000e+01 6.186824e+01 4.507596e+01
         vertex 6.300000e+01 6.100000e+01 4.500000e+01
      endloop
   endfacet
   facet normal 1.000000e+00 0.000000e+00 -0.000000e+00
      outer loop
         vertex 6.300000e+01 6.100000e+01 4.000000e+01
         vertex 6.300000e+01 6.100000e+01 4.500000e+01
         vertex 6.300000e+01 6.013176e+01 4.507596e+01
      endloop
   endfacet
   facet normal -1.000000e+00 -0.000000e+00 0.000000e+00
      outer loop
         vertex 6.000000e+01 6.013176e+01 5.492404e+01
         vertex 6.000000e+01 5.928990e+01 5.469846e+01
         vertex 6.000000e+01 6.100000e+01 6.000000e+01
      endloop
   endfacet
   facet normal -1.000000e+00 -0.000000e+00 0.000000e+00
      outer loop
         vertex 6.000000e+01 5.778606e+01 5.383022e+01
         vertex 6.000000e+01 5.716978e+01 5.321394e+01
         vertex 6.000000e+01 5.000000e+01 6.000000e+01
      endloop
   endfacet
   facet normal -1.000000e+00 0.000000e+00 0.000000e+00
      outer loop
         vertex 6.000000e+01 5.000000e+01 6.000000e+01
         vertex 6.000000e+01 5.716978e+01 5.321394e+01
         vertex 6.000000e+01 5.666987e+01 5.250000e+01
      endloop
   endfacet
   facet normal -1.000000e+00 0.000000e+00 0.000000e+00
      outer loop
         vertex 6.000000e+01 5.000000e+01 6.000000e+01
         vertex 6.000000e+01 5.666987e+01 5.250000e+01
         vertex 6.000000e+01 5.630154e+01 5.171010e+01
      endloop
   endfacet
   facet normal -1.000000e+00 -0.000000e+00 0.000000e+00
      outer loop
         vertex 6.000000e+01 6.100000e+01 6.000000e+01
         vertex 6.000000e+01 5.928990e+01 5.469846e+01
         vertex 6.000000e+01 5.000000e+01 6.000000e+01
      endloop
   endfacet
   facet normal -1.000000e+00 0.000000e+00 0.000000e+00
      outer loop
         vertex 6.000000e+01 5.000000e+01 6.000000e+01
         vertex 6.000000e+01 5.928990e+01 5.469846e+01
         vertex 6.000000e+01 5.850000e+01 5.433013e+01
      endloop
   endfacet
   facet normal -1.000000e+00 0.000000e+00 0.000000e+00
      outer loop
         vertex 6.000000e+01 5.000000e+01 6.000000e+01
         vertex 6.000000e+01 5.850000e+01 5.433013e+01
         vertex 6.000000e+01 5.778606e+01 5.383022e+01
      endloop
   endfacet
   facet normal -1.000000e+00 -0.000000e+00 0.000000e+00
      outer loop
         vertex 6.000000e+01 5.607596e+01 4.913176e+01
         vertex 6.000000e+01 5.000000e+01 4.000000e+01
         vertex 6.000000e+01 5.600000e+01 5.000000e+01
      endloop
   endfacet
   facet normal -1.000000e+00 -0.000000e+00 0.000000e+00
      outer loop
         vertex 6.000000e+01 5.600000e+01 5.000000e+01
         vertex 6.000000e+01 5.000000e+01 4.000000e+01
         vertex 6.000000e+01 5.000000e+01 6.000000e+01
      endloop
   endfacet
   facet normal -1.000000e+00 0.000000e+00 0.000000e+00
      outer loop
         vertex 6.000000e+01 5.600000e+01 5.000000e+01
         vertex 6.000000e+01 5.000000e+01 6.000000e+01
         vertex 6.000000e+01 5.607596e+01 5.086824e+01
      endloop
   endfacet
   facet normal -1.000000e+00 0.000000e+00 0.000000e+00
      outer loop
         vertex 6.000000e+01 5.607596e+01 5.086824e+01
         vertex 6.000000e+01 5.000000e+01 6.000000e+01
         vertex 6.000000e+01 5.630154e+01 5.171010e+01
      endloop
   endfacet
   facet normal -1.000000e+00 0.000000e+00 -0.000000e+00
      outer loop
         vertex 6.000000e+01 5.607596e+01 4.913176e+01
         vertex 6.000000e+01 5.630154e+01 4.828990e+01
         vertex 6.000000e+01 5.000000e+01 4.000000e+01
      endloop
   endfacet
   facet normal -1.000000e+00 0.000000e+00 0.000000e+00
      outer loop
         vertex 6.000000e+01 5.000000e+01 4.000000e+01
         vertex 6.000000e+01 5.630154e+01 4.828990e+01
         vertex 6.000000e+01 5.666987e+01 4.750000e+01
      endloop
   endfacet
   facet normal -1.000000e+00 0.000000e+00 0.000000e+00
      outer loop
         vertex 6.000000e+01 5.000000e+01 4.000000e+01
         vertex 6.000000e+01 5.666987e+01 4.750000e+01
         vertex 6.000000e+01 5.716978e+01 4.678606e+01
      endloop
   endfacet
   facet normal -1.000000e+00 -0.000000e+00 -0.000000e+00
      outer loop
         vertex 6.000000e+01 5.928990e+01 4.530154e+01
         vertex 6.000000e+01 6.100000e+01 4.000000e+01
         vertex 6.000000e+01 5.850000e+01 4.566987e+01
      endloop
   endfacet
   facet normal -1.000000e+00 0.000000e+00 -0.000000e+00
      outer loop
         vertex 6.000000e+01 5.850000e+01 4.566987e+01
         vertex 6.000000e+01 6.100000e+01 4.000000e+01
         vertex 6.000000e+01 5.000000e+01 4.000000e+01
      endloop
   endfacet
   facet normal -1.000000e+00 -0.000000e+00 0.000000e+00
      outer loop
         vertex 6.000000e+01 5.850000e+01 4.566987e+01
         vertex 6.000000e+01 5.000000e+01 4.000000e+01
         vertex 6.000000e+01 5.778606e+01 4.616978e+01
      endloop
   endfacet
   facet normal -1.000000e+00 -0.000000e+00 0.000000e+00
      outer loop
         vertex 6.000000e+01 5.778606e+01 4.616978e+01
         vertex 6.000000e+01 5.000000e+01 4.000000e+01
         vertex 6.000000e+01 5.716978e+01 4.678606e+01
      endloop
   endfacet
   facet normal -1.000000e+00 0.000000e+00 0.000000e+00
      outer loop
         vertex 6.000000e+01 5.928990e+01 4.530154e+01
         vertex 6.000000e+01 6.013176e+01 4.507596e+01
         vertex 6.000000e+01 6.100000e+01 4.000000e+01
      endloop
   endfacet
   facet normal -1.000000e+00 0.000000e+00 0.000000e+00
      outer loop
         vertex 6.000000e+01 6.100000e+01 4.000000e+01
         vertex 6.000000e+01 6.013176e+01 4.507596e+01
         vertex 6.000000e+01 6.100000e+01 4.500000e+01
      endloop
   endfacet
   facet normal -1.000000e+00 0.000000e+00 0.000000e+00
      outer loop
         vertex 6.000000e+01 6.100000e+01 4.000000e+01
         vertex 6.000000e+01 6.100000e+01 4.500000e+01
         vertex 6.000000e+01 6.273648e+01 4.015192e+01
      endloop
   endfacet
   facet normal -1.000000e+00 0.000000e+00 0.000000e+00
      outer loop
         vertex 6.000000e+01 6.273648e+01 4.015192e+01
         vertex 6.000000e+01 6.100000e+01 4.500000e+01
         vertex 6.000000e+01 6.186824e+01 4.507596e+01
      endloop
   endfacet
   facet normal -1.000000e+00 0.000000e+00 0.000000e+00
      outer loop
         vertex 6.000000e+01 6.273648e+01 4.015192e+01
         vertex 6.000000e+01 6.186824e+01 4.507596e+01
         vertex 6.000000e+01 6.442020e+01 4.060307e+01
      endloop
   endfacet
   facet normal -1.000000e+00 0.000000e+00 0.000000e+00
      outer loop
         vertex 6.000000e+01 6.442020e+01 4.060307e+01
         vertex 6.000000e+01 6.186824e+01 4.507596e+01
         vertex 6.000000e+01 6.271010e+01 4.530154e+01
      endloop
   endfacet
   facet normal -1.000000e+00 0.000000e+00 0.000000e+00
      outer loop
         vertex 6.000000e+01 6.442020e+01 4.060307e+01
         vertex 6.000000e+01 6.271010e+01 4.530154e+01
         vertex 6.000000e+01 6.600000e+01 4.133975e+01
      endloop
   endfacet
   facet normal -1.000000e+00 0.000000e+00 0.000000e+00
      outer loop
         vertex 6.000000e+01 6.600000e+01 4.133975e+01
         vertex 6.000000e+01 6.271010e+01 4.530154e+01
         vertex 6.000000e+01 6.350000e+01 4.566987e+01
      endloop
   endfacet
   facet normal -1.000000e+00 0.000000e+00 0.000000e+00
      outer loop
         vertex 6.000000e+01 6.600000e+01 4.133975e+01
         vertex 6.000000e+01 6.350000e+01 4.566987e+01
         vertex 6.000000e+01 6.742787e+01 4.233956e+01
      endloop
   endfacet
   facet normal -1.000000e+00 0.000000e+00 0.000000e+00
      outer loop
         vertex 6.000000e+01 6.742787e+01 4.233956e+01
         vertex 6.000000e+01 6.350000e+01 4.566987e+01
         vertex 6.000000e+01 6.421394e+01 4.616978e+01
      endloop
   endfacet
   facet normal -1.000000e+00 0.000000e+00 0.000000e+00
      outer loop
         vertex 6.000000e+01 6.742787e+01 4.233956e+01
         vertex 6.000000e+01 6.421394e+01 4.616978e+01
         vertex 6.000000e+01 6.866045e+01 4.357212e+01
      endloop
   endfacet
   facet normal -1.000000e+00 0.000000e+00 0.000000e+00
      outer loop
         vertex 6.000000e+01 6.866045e+01 4.357212e+01
         vertex 6.000000e+01 6.421394e+01 4.616978e+01
         vertex 6.000000e+01 6.483022e+01 4.678606e+01
      endloop
   endfacet
   facet normal -1.000000e+00 0.000000e+00 0.000000e+00
      outer loop
         vertex 6.000000e+01 6.866045e+01 4.357212e+01
         vertex 6.000000e+01 6.483022e+01 4.678606e+01
         vertex 6.000000e+01 6.966025e+01 4.500000e+01
      endloop
   endfacet
   facet normal -1.000000e+00 0.000000e+00 0.000000e+00
      outer loop
         vertex 6.000000e+01 6.966025e+01 4.500000e+01
         vertex 6.000000e+01 6.483022e+01 4.678606e+01
         vertex 6.000000e+01 6.533013e+01 4.750000e+01
      endloop
   endfacet
   facet normal -1.000000e+00 0.000000e+00 0.000000e+00
      outer loop
         vertex 6.000000e+01 6.966025e+01 4.500000e+01
         vertex 6.000000e+01 6.533013e+01 4.750000e+01
         vertex 6.000000e+01 7.039692e+01 4.657980e+01
      endloop
   endfacet
   facet normal -1.000000e+00 0.000000e+00 0.000000e+00
      outer loop
         vertex 6.000000e+01 7.039692e+01 4.657980e+01
         vertex 6.000000e+01 6.533013e+01 4.750000e+01
         vertex 6.000000e+01 6.569846e+01 4.828990e+01
      endloop
   endfacet
   facet normal -1.000000e+00 0.000000e+00 0.000000e+00
      outer loop
         vertex 6.000000e+01 7.039692e+01 4.657980e+01
         vertex 6.000000e+01 6.569846e+01 4.828990e+01
         vertex 6.000000e+01 7.084808e+01 4.826352e+01
      endloop
   endfacet
   facet normal -1.000000e+00 0.000000e+00 0.000000e+00
      outer loop
         vertex 6.000000e+01 7.084808e+01 4.826352e+01
         vertex 6.000000e+01 6.569846e+01 4.828990e+01
         vertex 6.000000e+01 6.592404e+01 4.913176e+01
      endloop
   endfacet
   facet normal -1.000000e+00 0.000000e+00 0.000000e+00
      outer loop
         vertex 6.000000e+01 7.084808e+01 4.826352e+01
         vertex 6.000000e+01 6.592404e+01 4.913176e+01
         vertex 6.000000e+01 7.100000e+01 5.000000e+01
      endloop
   endfacet
   facet normal -1.000000e+00 0.000000e+00 0.000000e+00
      outer loop
         vertex 6.000000e+01 7.100000e+01 5.000000e+01
         vertex 6.000000e+01 6.592404e+01 4.913176e+01
         vertex 6.000000e+01 6.600000e+01 5.000000e+01
      endloop
   endfacet
   facet normal -1.000000e+00 -0.000000e+00 0.000000e+00
      outer loop
         vertex 6.000000e+01 7.100000e+01 5.000000e+01
         vertex 6.000000e+01 6.600000e+01 5.000000e+01
         vertex 6.000000e+01 7.084808e+01 5.173648e+01
      endloop
   endfacet
   facet normal -1.000000e+00 0.000000e+00 0.000000e+00
      outer loop
         vertex 6.000000e+01 7.084808e+01 5.173648e+01
         vertex 6.000000e+01 6.600000e+01 5.000000e+01
         vertex 6.000000e+01 6.592404e+01 5.086824e+01
      endloop
   endfacet
   facet normal -1.000000e+00 -0.000000e+00 0.000000e+00
      outer loop
         vertex 6.000000e+01 7.084808e+01 5.173648e+01
         vertex 6.000000e+01 6.592404e+01 5.086824e+01
         vertex 6.000000e+01 7.039692e+01 5.342020e+01
      endloop
   endfacet
   facet normal -1.000000e+00 0.000000e+00 0.000000e+00
      outer loop
         vertex 6.000000e+01 7.039692e+01 5.342020e+01
         vertex 6.000000e+01 6.592404e+01 5.086824e+01
         vertex 6.000000e+01 6.569846e+01 5.171010e+01
      endloop
   endfacet
   facet normal -1.000000e+00 -0.000000e+00 0.000000e+00
      outer loop
         vertex 6.000000e+01 7.039692e+01 5.342020e+01
         vertex 6.000000e+01 6.569846e+01 5.171010e+01
         vertex 6.000000e+01 6.966025e+01 5.500000e+01
      endloop
   endfacet
   facet normal -1.000000e+00 0.000000e+00 0.000000e+00
      outer loop
         vertex 6.000000e+01 6.966025e+01 5.500000e+01
         vertex 6.000000e+01 6.569846e+01 5.171010e+01
         vertex 6.000000e+01 6.533013e+01 5.250000e+01
      endloop
   endfacet
   facet normal -1.000000e+00 -0.000000e+00 0.000000e+00
      outer loop
         vertex 6.000000e+01 6.966025e+01 5.500000e+01
         vertex 6.000000e+01 6.533013e+01 5.250000e+01
         vertex 6.000000e+01 6.866045e+01 5.642788e+01
      endloop
   endfacet
   facet normal -1.000000e+00 0.000000e+00 0.000000e+00
      outer loop
         vertex 6.000000e+01 6.866045e+01 5.642788e+01
         vertex 6.000000e+01 6.533013e+01 5.250000e+01
         vertex 6.000000e+01 6.483022e+01 5.321394e+01
      endloop
   endfacet
   facet normal -1.000000e+00 -0.000000e+00 0.000000e+00
      outer loop
         vertex 6.000000e+01 6.866045e+01 5.642788e+01
         vertex 6.000000e+01 6.483022e+01 5.321394e+01
         vertex 6.000000e+01 6.742787e+01 5.766045e+01
      endloop
   endfacet
   facet normal -1.000000e+00 0.000000e+00 0.000000e+00
      outer loop
         vertex 6.000000e+01 6.742787e+01 5.766045e+01
         vertex 6.000000e+01 6.483022e+01 5.321394e+01
         vertex 6.000000e+01 6.421394e+01 5.383022e+01
      endloop
   endfacet
   facet normal -1.000000e+00 -0.000000e+00 0.000000e+00
      outer loop
         vertex 6.000000e+01 6.742787e+01 5.766045e+01
         vertex 6.000000e+01 6.421394e+01 5.383022e+01
         vertex 6.000000e+01 6.600000e+01 5.866025e+01
      endloop
   endfacet
   facet normal -1.000000e+00 0.000000e+00 0.000000e+00
      outer loop
         vertex 6.000000e+01 6.600000e+01 5.866025e+01
         vertex 6.000000e+01 6.421394e+01 5.383022e+01
         vertex 6.000000e+01 6.350000e+01 5.433013e+01
      endloop
   endfacet
   facet normal -1.000000e+00 -0.000000e+00 0.000000e+00
      outer loop
         vertex 6.000000e+01 6.600000e+01 5.866025e+01
         vertex 6.000000e+01 6.350000e+01 5.433013e+01
         vertex 6.000000e+01 6.442020e+01 5.939693e+01
      endloop
   endfacet
   facet normal -1.000000e+00 0.000000e+00 0.000000e+00
      outer loop
         vertex 6.000000e+01 6.442020e+01 5.939693e+01
         vertex 6.000000e+01 6.350000e+01 5.433013e+01
         vertex 6.000000e+01 6.271010e+01 5.469846e+01
      endloop
   endfacet
   facet normal -1.000000e+00 -0.000000e+00 0.000000e+00
      outer loop
         vertex 6.000000e+01 6.442020e+01 5.939693e+01
         vertex 6.000000e+01 6.271010e+01 5.469846e+01
         vertex 6.000000e+01 6.273648e+01 5.984808e+01
      endloop
   endfacet
   facet normal -1.000000e+00 0.000000e+00 0.000000e+00
      outer loop
         vertex 6.000000e+01 6.273648e+01 5.984808e+01
         vertex 6.000000e+01 6.271010e+01 5.469846e+01
         vertex 6.000000e+01 6.186824e+01 5.492404e+01
      endloop
   endfacet
   facet normal -1.000000e+00 -0.000000e+00 0.000000e+00
      outer loop
         vertex 6.000000e+01 6.273648e+01 5.984808e+01
         vertex 6.000000e+01 6.186824e+01 5.492404e+01
         vertex 6.000000e+01 6.100000e+01 6.000000e+01
      endloop
   endfacet
   facet normal -1.000000e+00 0.000000e+00 0.000000e+00
      outer loop
         vertex 6.000000e+01 6.100000e+01 6.000000e+01
         vertex 6.000000e+01 6.186824e+01 5.492404e+01
         vertex 6.000000e+01 6.100000e+01 5.500000e+01
      endloop
   endfacet
   facet normal -1.000000e+00 0.000000e+00 -0.000000e+00
      outer loop
         vertex 6.000000e+01 6.100000e+01 6.000000e+01
         vertex 6.000000e+01 6.100000e+01 5.500000e+01
         vertex 6.000000e+01 6.013176e+01 5.492404e+01
      endloop
   endfacet
   facet normal 0.000000e+00 0.000000e+00 -1.000000e+00
      outer loop
         vertex 3.700000e+01 5.000000e+01 4.000000e+01
         vertex 3.700000e+01 6.100000e+01 4.000000e+01
         vertex 4.000000e+01 5.000000e+01 4.000000e+01
      endloop
   endfacet
   facet normal 0.000000e+00 0.000000e+00 -1.000000e+00
      outer loop
         vertex 4.000000e+01 5.000000e+01 4.000000e+01
         vertex 3.700000e+01 6.100000e+01 4.000000e+01
         vertex 4.000000e+01 6.100000e+01 4.000000e+01
      endloop
   endfacet
   facet normal -0.000000e+00 0.000000e+00 1.000000e+00
      outer loop
         vertex 3.700000e+01 6.100000e+01 6.000000e+01
         vertex 3.700000e+01 5.000000e+01 6.000000e+01
         vertex 4.000000e+01 6.100000e+01 6.000000e+01
      endloop
   endfacet
   facet normal 0.000000e+00 0.000000e+00 1.000000e+00
      outer loop
         vertex 4.000000e+01 6.100000e+01 6.000000e+01
         vertex 3.700000e+01 5.000000e+01 6.000000e+01
         vertex 4.000000e+01 5.000000e+01 6.000000e+01
      endloop
   endfacet
   facet normal 0.000000e+00 -8.715571e-02 9.961947e-01
      outer loop
         vertex 3.700000e+01 6.100000e+01 4.500000e+01
         vertex 4.000000e+01 6.100000e+01 4.500000e+01
         vertex 3.700000e+01 6.186824e+01 4.507596e+01
      endloop
   endfacet
   facet normal 0.000000e+00 -8.715571e-02 9.961947e-01
      outer loop
         vertex 3.700000e+01 6.186824e+01 4.507596e+01
         vertex 4.000000e+01 6.100000e+01 4.500000e+01
         vertex 4.000000e+01 6.186824e+01 4.507596e+01
      endloop
   endfacet
   facet normal 0.000000e+00 -2.588191e-01 9.659258e-01
      outer loop
         vertex 3.700000e+01 6.186824e+01 4.507596e+01
         vertex 4.000000e+01 6.186824e+01 4.507596e+01
         vertex 3.700000e+01 6.271010e+01 4.530154e+01
      endloop
   endfacet
   facet normal 0.000000e+00 -2.588191e-01 9.659258e-01
      outer loop
         vertex 3.700000e+01 6.271010e+01 4.530154e+01
         vertex 4.000000e+01 6.186824e+01 4.507596e+01
         vertex 4.000000e+01 6.271010e+01 4.530154e+01
      endloop
   endfacet
   facet normal 0.000000e+00 -4.226167e-01 9.063085e-01
      outer loop
         vertex 3.700000e+01 6.271010e+01 4.530154e+01
         vertex 4.000000e+01 6.271010e+01 4.530154e+01
         vertex 3.700000e+01 6.350000e+01 4.566987e+01
      endloop
   endfacet
   facet normal 0.000000e+00 -4.226167e-01 9.063085e-01
      outer loop
         vertex 3.700000e+01 6.350000e+01 4.566987e+01
         vertex 4.000000e+01 6.271010e+01 4.530154e+01
         vertex 4.000000e+01 6.350000e+01 4.566987e+01
      endloop
   endfacet
   facet normal 0.000000e+00 -5.735770e-01 8.191516e-01
      outer loop
         vertex 3.700000e+01 6.350000e+01 4.566987e+01
         vertex 4.000000e+01 6.350000e+01 4.566987e+01
         vertex 3.700000e+01 6.421394e+01 4.616978e+01
      endloop
   endfacet
   facet normal 0.000000e+00 -5.735770e-01 8.191516e-01
      outer loop
         vertex 3.700000e+01 6.421394e+01 4.616978e+01
         vertex 4.000000e+01 6.350000e+01 4.566987e+01
         vertex 4.000000e+01 6.421394e+01 4.616978e+01
      endloop
   endfacet
   facet normal 0.000000e+00 -7.071078e-01 7.071057e-01
      outer loop
         vertex 3.700000e+01 6.421394e+01 4.616978e+01
         vertex 4.000000e+01 6.421394e+01 4.616978e+01
         vertex 3.700000e+01 6.483022e+01 4.678606e+01
      endloop
   endfacet
   facet normal 0.000000e+00 -7.071078e-01 7.071057e-01
      outer loop
         vertex 3.700000e+01 6.483022e+01 4.678606e+01
         vertex 4.000000e+01 6.421394e+01 4.616978e+01
         vertex 4.000000e+01 6.483022e+01 4.678606e+01
      endloop
   endfacet
   facet normal 0.000000e+00 -8.191524e-01 5.735759e-01
      outer loop
         vertex 3.700000e+01 6.483022e+01 4.678606e+01
         vertex 4.000000e+01 6.483022e+01 4.678606e+01
         vertex 3.700000e+01 6.533013e+01 4.750000e+01
      endloop
   endfacet
   facet normal 0.000000e+00 -8.191524e-01 5.735759e-01
      outer loop
         vertex 3.700000e+01 6.533013e+01 4.750000e+01
         vertex 4.000000e+01 6.483022e+01 4.678606e+01
         vertex 4.000000e+01 6.533013e+01 4.750000e+01
      endloop
   endfacet
   facet normal 0.000000e+00 -9.063085e-01 4.226166e-01
      outer loop
         vertex 3.700000e+01 6.533013e+01 4.750000e+01
         vertex 4.000000e+01 6.533013e+01 4.750000e+01
         vertex 3.700000e+01 6.569846e+01 4.828990e+01
      endloop
   endfacet
   facet normal 0.000000e+00 -9.063085e-01 4.226166e-01
      outer loop
         vertex 3.700000e+01 6.569846e+01 4.828990e+01
         vertex 4.000000e+01 6.533013e+01 4.750000e+01
         vertex 4.000000e+01 6.569846e+01 4.828990e+01
      endloop
   endfacet
   facet normal 0.000000e+00 -9.659242e-01 2.588250e-01
      outer loop
         vertex 3.700000e+01 6.569846e+01 4.828990e+01
         vertex 4.000000e+01 6.569846e+01 4.828990e+01
         vertex 3.700000e+01 6.592404e+01 4.913176e+01
      endloop
   endfacet
   facet normal 0.000000e+00 -9.659242e-01 2.588250e-01
      outer loop
         vertex 3.700000e+01 6.592404e+01 4.913176e+01
         vertex 4.000000e+01 6.569846e+01 4.828990e+01
         vertex 4.000000e+01 6.592404e+01 4.913176e+01
      endloop
   endfacet
   facet normal 0.000000e+00 -9.961950e-01 8.715282e-02
      outer loop
         vertex 3.700000e+01 6.592404e+01 4.913176e+01
         vertex 4.000000e+01 6.592404e+01 4.913176e+01
         vertex 3.700000e+01 6.600000e+01 5.000000e+01
      endloop
   endfacet
   facet normal 0.000000e+00 -9.961950e-01 8.715282e-02
      outer loop
         vertex 3.700000e+01 6.600000e+01 5.000000e+01
         vertex 4.000000e+01 6.592404e+01 4.913176e+01
         vertex 4.000000e+01 6.600000e+01 5.000000e+01
      endloop
   endfacet
   facet normal 0.000000e+00 -9.961950e-01 -8.715282e-02
      outer loop
         vertex 3.700000e+01 6.600000e+01 5.000000e+01
         vertex 4.000000e+01 6.600000e+01 5.000000e+01
         vertex 3.700000e+01 6.592404e+01 5.086824e+01
      endloop
   endfacet
   facet normal 0.000000e+00 -9.961950e-01 -8.715282e-02
      outer loop
         vertex 3.700000e+01 6.592404e+01 5.086824e+01
         vertex 4.000000e+01 6.600000e+01 5.000000e+01
         vertex 4.000000e+01 6.592404e+01 5.086824e+01
      endloop
   endfacet
   facet normal 0.000000e+00 -9.659242e-01 -2.588250e-01
      outer loop
         vertex 3.700000e+01 6.592404e+01 5.086824e+01
         vertex 4.000000e+01 6.592404e+01 5.086824e+01
         vertex 3.700000e+01 6.569846e+01 5.171010e+01
      endloop
   endfacet
   facet normal 0.000000e+00 -9.659242e-01 -2.588250e-01
      outer loop
         vertex 3.700000e+01 6.569846e+01 5.171010e+01
         vertex 4.000000e+01 6.592404e+01 5.086824e+01
         vertex 4.000000e+01 6.569846e+01 5.171010e+01
      endloop
   endfacet
   facet normal 0.000000e+00 -9.063085e-01 -4.226166e-01
      outer loop
         vertex 3.700000e+01 6.569846e+01 5.171010e+01
         vertex 4.000000e+01 6.569846e+01 5.171010e+01
         vertex 3.700000e+01 6.533013e+01 5.250000e+01
      endloop
   endfacet
   facet normal 0.000000e+00 -9.063085e-01 -4.226166e-01
      outer loop
         vertex 3.700000e+01 6.533013e+01 5.250000e+01
         vertex 4.000000e+01 6.569846e+01 5.171010e+01
         vertex 4.000000e+01 6.533013e+01 5.250000e+01
      endloop
   endfacet
   facet normal 0.000000e+00 -8.191524e-01 -5.735759e-01
      outer loop
         vertex 3.700000e+01 6.533013e+01 5.250000e+01
         vertex 4.000000e+01 6.533013e+01 5.250000e+01
         vertex 3.700000e+01 6.483022e+01 5.321394e+01
      endloop
   endfacet
   facet normal 0.000000e+00 -8.191524e-01 -5.735759e-01
      outer loop
         vertex 3.700000e+01 6.483022e+01 5.321394e+01
         vertex 4.000000e+01 6.533013e+01 5.250000e+01
         vertex 4.000000e+01 6.483022e+01 5.321394e+01
      endloop
   endfacet
   facet normal 0.000000e+00 -7.071078e-01 -7.071057e-01
      outer loop
         vertex 3.700000e+01 6.483022e+01 5.321394e+01
         vertex 4.000000e+01 6.483022e+01 5.321394e+01
         vertex 3.700000e+01 6.421394e+01 5.383022e+01
      endloop
   endfacet
   facet normal 0.000000e+00 -7.071078e-01 -7.071057e-01
      outer loop
         vertex 3.700000e+01 6.421394e+01 5.383022e+01
         vertex 4.000000e+01 6.483022e+01 5.321394e+01
         vertex 4.000000e+01 6.421394e+01 5.383022e+01
      endloop
   endfacet
   facet normal 0.000000e+00 -5.735770e-01 -8.191516e-01
      outer loop
         vertex 3.700000e+01 6.421394e+01 5.383022e+01
         vertex 4.000000e+01 6.421394e+01 5.383022e+01
         vertex 3.700000e+01 6.350000e+01 5.433013e+01
      endloop
   endfacet
   facet normal 0.000000e+00 -5.735770e-01 -8.191516e-01
      outer loop
         vertex 3.700000e+01 6.350000e+01 5.433013e+01
         vertex 4.000000e+01 6.421394e+01 5.383022e+01
         vertex 4.000000e+01 6.350000e+01 5.433013e+01
      endloop
   endfacet
   facet normal 0.000000e+00 -4.226167e-01 -9.063085e-01
      outer loop
         vertex 3.700000e+01 6.350000e+01 5.433013e+01
         vertex 4.000000e+01 6.350000e+01 5.433013e+01
         vertex 3.700000e+01 6.271010e+01 5.469846e+01
      endloop
   endfacet
   facet normal 0.000000e+00 -4.226167e-01 -9.063085e-01
      outer loop
         vertex 3.700000e+01 6.271010e+01 5.469846e+01
         vertex 4.000000e+01 6.350000e+01 5.433013e+01
         vertex 4.000000e+01 6.271010e+01 5.469846e+01
      endloop
   endfacet
   facet normal 0.000000e+00 -2.588191e-01 -9.659258e-01
      outer loop
         vertex 3.700000e+01 6.271010e+01 5.469846e+01
         vertex 4.000000e+01 6.271010e+01 5.469846e+01
         vertex 3.700000e+01 6.186824e+01 5.492404e+01
      endloop
   endfacet
   facet normal 0.000000e+00 -2.588191e-01 -9.659258e-01
      outer loop
         vertex 3.700000e+01 6.186824e+01 5.492404e+01
         vertex 4.000000e+01 6.271010e+01 5.469846e+01
         vertex 4.000000e+01 6.186824e+01 5.492404e+01
      endloop
   endfacet
   facet normal 0.000000e+00 -8.715571e-02 -9.961947e-01
      outer loop
         vertex 3.700000e+01 6.186824e+01 5.492404e+01
         vertex 4.000000e+01 6.186824e+01 5.492404e+01
         vertex 3.700000e+01 6.100000e+01 5.500000e+01
      endloop
   endfacet
   facet normal 0.000000e+00 -8.715571e-02 -9.961947e-01
      outer loop
         vertex 3.700000e+01 6.100000e+01 5.500000e+01
         vertex 4.000000e+01 6.186824e+01 5.492404e+01
         vertex 4.000000e+01 6.100000e+01 5.500000e+01
      endloop
   endfacet
   facet normal 0.000000e+00 8.715534e-02 -9.961947e-01
      outer loop
         vertex 3.700000e+01 6.100000e+01 5.500000e+01
         vertex 4.000000e+01 6.100000e+01 5.500000e+01
         vertex 3.700000e+01 6.013176e+01 5.492404e+01
      endloop
   endfacet
   facet normal 0.000000e+00 8.715534e-02 -9.961947e-01
      outer loop
         vertex 3.700000e+01 6.013176e+01 5.492404e+01
         vertex 4.000000e+01 6.100000e+01 5.500000e+01
         vertex 4.000000e+01 6.013176e+01 5.492404e+01
      endloop
   endfacet
   facet normal 0.000000e+00 2.588191e-01 -9.659258e-01
      outer loop
         vertex 3.700000e+01 6.013176e+01 5.492404e+01
         vertex 4.000000e+01 6.013176e+01 5.492404e+01
         vertex 3.700000e+01 5.928990e+01 5.469846e+01
      endloop
   endfacet
   facet normal 0.000000e+00 2.588191e-01 -9.659258e-01
      outer loop
         vertex 3.700000e+01 5.928990e+01 5.469846e+01
         vertex 4.000000e+01 6.013176e+01 5.492404e+01
         vertex 4.000000e+01 5.928990e+01 5.469846e+01
      endloop
   endfacet
   facet normal 0.000000e+00 4.226183e-01 -9.063077e-01
      outer loop
         vertex 3.700000e+01 5.928990e+01 5.469846e+01
         vertex 4.000000e+01 5.928990e+01 5.469846e+01
         vertex 3.700000e+01 5.850000e+01 5.433013e+01
      endloop
   endfacet
   facet normal 0.000000e+00 4.226183e-01 -9.063077e-01
      outer loop
         vertex 3.700000e+01 5.850000e+01 5.433013e+01
         vertex 4.000000e+01 5.928990e+01 5.469846e+01
         vertex 4.000000e+01 5.850000e+01 5.433013e+01
      endloop
   endfacet
   facet normal 0.000000e+00 5.735770e-01 -8.191516e-01
      outer loop
         vertex 3.700000e+01 5.850000e+01 5.433013e+01
         vertex 4.000000e+01 5.850000e+01 5.433013e+01
         vertex 3.700000e+01 5.778606e+01 5.383022e+01
      endloop
   endfacet
   facet normal 0.000000e+00 5.735770e-01 -8.191516e-01
      outer loop
         vertex 3.700000e+01 5.778606e+01 5.383022e+01
         vertex 4.000000e+01 5.850000e+01 5.433013e+01
         vertex 4.000000e+01 5.778606e+01 5.383022e+01
      endloop
   endfacet
   facet normal 0.000000e+00 7.071057e-01 -7.071078e-01
      outer loop
         vertex 3.700000e+01 5.778606e+01 5.383022e+01
         vertex 4.000000e+01 5.778606e+01 5.383022e+01
         vertex 3.700000e+01 5.716978e+01 5.321394e+01
      endloop
   endfacet
   facet normal 0.000000e+00 7.071057e-01 -7.071078e-01
      outer loop
         vertex 3.700000e+01 5.716978e+01 5.321394e+01
         vertex 4.000000e+01 5.778606e+01 5.383022e+01
         vertex 4.000000e+01 5.716978e+01 5.321394e+01
      endloop
   endfacet
   facet normal 0.000000e+00 8.191524e-01 -5.735759e-01
      outer loop
         vertex 3.700000e+01 5.716978e+01 5.321394e+01
         vertex 4.000000e+01 5.716978e+01 5.321394e+01
         vertex 3.700000e+01 5.666987e+01 5.250000e+01
      endloop
   endfacet
   facet normal 0.000000e+00 8.191524e-01 -5.735759e-01
      outer loop
         vertex 3.700000e+01 5.666987e+01 5.250000e+01
         vertex 4.000000e+01 5.716978e+01 5.321394e+01
         vertex 4.000000e+01 5.666987e+01 5.250000e+01
      endloop
   endfacet
   facet normal 0.000000e+00 9.063085e-01 -4.226166e-01
      outer loop
         vertex 3.700000e+01 5.666987e+01 5.250000e+01
         vertex 4.000000e+01 5.666987e+01 5.250000e+01
         vertex 3.700000e+01 5.630154e+01 5.171010e+01
      endloop
   endfacet
   facet normal 0.000000e+00 9.063085e-01 -4.226166e-01
      outer loop
         vertex 3.700000e+01 5.630154e+01 5.171010e+01
         vertex 4.000000e+01 5.666987e+01 5.250000e+01
         vertex 4.000000e+01 5.630154e+01 5.171010e+01
      endloop
   endfacet
   facet normal 0.000000e+00 9.659253e-01 -2.588210e-01
      outer loop
         vertex 3.700000e+01 5.630154e+01 5.171010e+01
         vertex 4.000000e+01 5.630154e+01 5.171010e+01
         vertex 3.700000e+01 5.607596e+01 5.086824e+01
      endloop
   endfacet
   facet normal 0.000000e+00 9.659253e-01 -2.588210e-01
      outer loop
         vertex 3.700000e+01 5.607596e+01 5.086824e+01
         vertex 4.000000e+01 5.630154e+01 5.171010e+01
         vertex 4.000000e+01 5.607596e+01 5.086824e+01
      endloop
   endfacet
   facet normal 0.000000e+00 9.961950e-01 -8.715282e-02
      outer loop
         vertex 3.700000e+01 5.607596e+01 5.086824e+01
         vertex 4.000000e+01 5.607596e+01 5.086824e+01
         vertex 3.700000e+01 5.600000e+01 5.000000e+01
      endloop
   endfacet
   facet normal 0.000000e+00 9.961950e-01 -8.715282e-02
      outer loop
         vertex 3.700000e+01 5.600000e+01 5.000000e+01
         vertex 4.000000e+01 5.607596e+01 5.086824e+01
         vertex 4.000000e+01 5.600000e+01 5.000000e+01
      endloop
   endfacet
   facet normal -0.000000e+00 9.961950e-01 8.715282e-02
      outer loop
         vertex 3.700000e+01 5.600000e+01 5.000000e+01
         vertex 4.000000e+01 5.600000e+01 5.000000e+01
         vertex 3.700000e+01 5.607596e+01 4.913176e+01
      endloop
   endfacet
   facet normal -0.000000e+00 9.961950e-01 8.715282e-02
      outer loop
         vertex 3.700000e+01 5.607596e+01 4.913176e+01
         vertex 4.000000e+01 5.600000e+01 5.000000e+01
         vertex 4.000000e+01 5.607596e+01 4.913176e+01
      endloop
   endfacet
   facet normal -0.000000e+00 9.659253e-01 2.588210e-01
      outer loop
         vertex 3.700000e+01 5.607596e+01 4.913176e+01
         vertex 4.000000e+01 5.607596e+01 4.913176e+01
         vertex 3.700000e+01 5.630154e+01 4.828990e+01
      endloop
   endfacet
   facet normal -0.000000e+00 9.659253e-01 2.588210e-01
      outer loop
         vertex 3.700000e+01 5.630154e+01 4.828990e+01
         vertex 4.000000e+01 5.607596e+01 4.913176e+01
         vertex 4.000000e+01 5.630154e+01 4.828990e+01
      endloop
   endfacet
   facet normal -0.000000e+00 9.063085e-01 4.226166e-01
      outer loop
         vertex 3.700000e+01 5.630154e+01 4.828990e+01
         vertex 4.000000e+01 5.630154e+01 4.828990e+01
         vertex 3.700000e+01 5.666987e+01 4.750000e+01
      endloop
   endfacet
   facet normal -0.000000e+00 9.063085e-01 4.226166e-01
      outer loop
         vertex 3.700000e+01 5.666987e+01 4.750000e+01
         vertex 4.000000e+01 5.630154e+01 4.828990e+01
         vertex 4.000000e+01 5.666987e+01 4.750000e+01
      endloop
   endfacet
   facet normal -0.000000e+00 8.191524e-01 5.735759e-01
      outer loop
         vertex 3.700000e+01 5.666987e+01 4.750000e+01
         vertex 4.000000e+01 5.666987e+01 4.750000e+01
         vertex 3.700000e+01 5.716978e+01 4.678606e+01
      endloop
   endfacet
   facet normal -0.000000e+00 8.191524e-01 5.735759e-01
      outer loop
         vertex 3.700000e+01 5.716978e+01 4.678606e+01
         vertex 4.000000e+01 5.666987e+01 4.750000e+01
         vertex 4.000000e+01 5.716978e+01 4.678606e+01
      endloop
   endfacet
   facet normal -0.000000e+00 7.071057e-01 7.071078e-01
      outer loop
         vertex 3.700000e+01 5.716978e+01 4.678606e+01
         vertex 4.000000e+01 5.716978e+01 4.678606e+01
         vertex 3.700000e+01 5.778606e+01 4.616978e+01
      endloop
   endfacet
   facet normal -0.000000e+00 7.071057e-01 7.071078e-01
      outer loop
         vertex 3.700000e+01 5.778606e+01 4.616978e+01
         vertex 4.000000e+01 5.716978e+01 4.678606e+01
         vertex 4.000000e+01 5.778606e+01 4.616978e+01
      endloop
   endfacet
   facet normal -0.000000e+00 5.735770e-01 8.191516e-01
      outer loop
         vertex 3.700000e+01 5.778606e+01 4.616978e+01
         vertex 4.000000e+01 5.778606e+01 4.616978e+01
         vertex 3.700000e+01 5.850000e+01 4.566987e+01
      endloop
   endfacet
   facet normal -0.000000e+00 5.735770e-01 8.191516e-01
      outer loop
         vertex 3.700000e+01 5.850000e+01 4.566987e+01
         vertex 4.000000e+01 5.778606e+01 4.616978e+01
         vertex 4.000000e+01 5.850000e+01 4.566987e+01
      endloop
   endfacet
   facet normal -0.000000e+00 4.226183e-01 9.063077e-01
      outer loop
         vertex 3.700000e+01 5.850000e+01 4.566987e+01
         vertex 4.000000e+01 5.850000e+01 4.566987e+01
         vertex 3.700000e+01 5.928990e+01 4.530154e+01
      endloop
   endfacet
   facet normal -0.000000e+00 4.226183e-01 9.063077e-01
      outer loop
         vertex 3.700000e+01 5.928990e+01 4.530154e+01
         vertex 4.000000e+01 5.850000e+01 4.566987e+01
         vertex 4.000000e+01 5.928990e+01 4.530154e+01
      endloop
   endfacet
   facet normal -0.000000e+00 2.588191e-01 9.659258e-01
      outer loop
         vertex 3.700000e+01 5.928990e+01 4.530154e+01
         vertex 4.000000e+01 5.928990e+01 4.530154e+01
         vertex 3.700000e+01 6.013176e+01 4.507596e+01
      endloop
   endfacet
   facet normal -0.000000e+00 2.588191e-01 9.659258e-01
      outer loop
         vertex 3.700000e+01 6.013176e+01 4.507596e+01
         vertex 4.000000e+01 5.928990e+01 4.530154e+01
         vertex 4.000000e+01 6.013176e+01 4.507596e+01
      endloop
   endfacet
   facet normal -0.000000e+00 8.715534e-02 9.961947e-01
      outer loop
         vertex 3.700000e+01 6.013176e+01 4.507596e+01
         vertex 4.000000e+01 6.013176e+01 4.507596e+01
         vertex 3.700000e+01 6.100000e+01 4.500000e+01
      endloop
   endfacet
   facet normal -0.000000e+00 8.715534e-02 9.961947e-01
      outer loop
         vertex 3.700000e+01 6.100000e+01 4.500000e+01
         vertex 4.000000e+01 6.013176e+01 4.507596e+01
         vertex 4.000000e+01 6.100000e+01 4.500000e+01
      endloop
   endfacet
   facet normal -0.000000e+00 8.715552e-02 9.961947e-01
      outer loop
         vertex 3.700000e+01 6.100000e+01 6.000000e+01
         vertex 4.000000e+01 6.100000e+01 6.000000e+01
         vertex 4.000000e+01 6.273648e+01 5.984808e+01
      endloop
   endfacet
   facet normal 0.000000e+00 8.715552e-02 9.961947e-01
      outer loop
         vertex 3.700000e+01 6.100000e+01 6.000000e+01
         vertex 4.000000e+01 6.273648e+01 5.984808e+01
         vertex 3.700000e+01 6.273648e+01 5.984808e+01
      endloop
   endfacet
   facet normal -0.000000e+00 2.588191e-01 9.659258e-01
      outer loop
         vertex 3.700000e+01 6.273648e+01 5.984808e+01
         vertex 4.000000e+01 6.273648e+01 5.984808e+01
         vertex 4.000000e+01 6.442020e+01 5.939693e+01
      endloop
   endfacet
   facet normal 0.000000e+00 2.588191e-01 9.659258e-01
      outer loop
         vertex 3.700000e+01 6.273648e+01 5.984808e+01
         vertex 4.000000e+01 6.442020e+01 5.939693e+01
         vertex 3.700000e+01 6.442020e+01 5.939693e+01
      endloop
   endfacet
   facet normal -0.000000e+00 4.226183e-01 9.063077e-01
      outer loop
         vertex 3.700000e+01 6.442020e+01 5.939693e+01
         vertex 4.000000e+01 6.442020e+01 5.939693e+01
         vertex 4.000000e+01 6.600000e+01 5.866025e+01
      endloop
   endfacet
   facet normal 0.000000e+00 4.226183e-01 9.063077e-01
      outer loop
         vertex 3.700000e+01 6.442020e+01 5.939693e+01
         vertex 4.000000e+01 6.600000e+01 5.866025e+01
         vertex 3.700000e+01 6.600000e+01 5.866025e+01
      endloop
   endfacet
   facet normal -0.000000e+00 5.735770e-01 8.191516e-01
      outer loop
         vertex 3.700000e+01 6.600000e+01 5.866025e+01
         vertex 4.000000e+01 6.600000e+01 5.866025e+01
         vertex 4.000000e+01 6.742787e+01 5.766045e+01
      endloop
   endfacet
   facet normal 0.000000e+00 5.735770e-01 8.191516e-01
      outer loop
         vertex 3.700000e+01 6.600000e+01 5.866025e+01
         vertex 4.000000e+01 6.742787e+01 5.766045e+01
         vertex 3.700000e+01 6.742787e+01 5.766045e+01
      endloop
   endfacet
   facet normal -0.000000e+00 7.071057e-01 7.071078e-01
      outer loop
         vertex 3.700000e+01 6.742787e+01 5.766045e+01
         vertex 4.000000e+01 6.742787e+01 5.766045e+01
         vertex 4.000000e+01 6.866045e+01 5.642788e+01
      endloop
   endfacet
   facet normal 0.000000e+00 7.071057e-01 7.071078e-01
      outer loop
         vertex 3.700000e+01 6.742787e+01 5.766045e+01
         vertex 4.000000e+01 6.866045e+01 5.642788e+01
         vertex 3.700000e+01 6.866045e+01 5.642788e+01
      endloop
   endfacet
   facet normal -0.000000e+00 8.191524e-01 5.735759e-01
      outer loop
         vertex 3.700000e+01 6.866045e+01 5.642788e+01
         vertex 4.000000e+01 6.866045e+01 5.642788e+01
         vertex 4.000000e+01 6.966025e+01 5.500000e+01
      endloop
   endfacet
   facet normal 0.000000e+00 8.191524e-01 5.735759e-01
      outer loop
         vertex 3.700000e+01 6.866045e+01 5.642788e+01
         vertex 4.000000e+01 6.966025e+01 5.500000e+01
         vertex 3.700000e+01 6.966025e+01 5.500000e+01
      endloop
   endfacet
   facet normal -0.000000e+00 9.063085e-01 4.226166e-01
      outer loop
         vertex 3.700000e+01 6.966025e+01 5.500000e+01
         vertex 4.000000e+01 6.966025e+01 5.500000e+01
         vertex 4.000000e+01 7.039692e+01 5.342020e+01
      endloop
   endfacet
   facet normal 0.000000e+00 9.063085e-01 4.226166e-01
      outer loop
         vertex 3.700000e+01 6.966025e+01 5.500000e+01
         vertex 4.000000e+01 7.039692e+01 5.342020e+01
         vertex 3.700000e+01 7.039692e+01 5.342020e+01
      endloop
   endfacet
   facet normal -0.000000e+00 9.659253e-01 2.588210e-01
      outer loop
         vertex 3.700000e+01 7.039692e+01 5.342020e+01
         vertex 4.000000e+01 7.039692e+01 5.342020e+01
         vertex 4.000000e+01 7.084808e+01 5.173648e+01
      endloop
   endfacet
   facet normal 0.000000e+00 9.659253e-01 2.588210e-01
      outer loop
         vertex 3.700000e+01 7.039692e+01 5.342020e+01
         vertex 4.000000e+01 7.084808e+01 5.173648e+01
         vertex 3.700000e+01 7.084808e+01 5.173648e+01
      endloop
   endfacet
   facet normal -0.000000e+00 9.961946e-01 8.715706e-02
      outer loop
         vertex 3.700000e+01 7.084808e+01 5.173648e+01
         vertex 4.000000e+01 7.084808e+01 5.173648e+01
         vertex 4.000000e+01 7.100000e+01 5.000000e+01
      endloop
   endfacet
   facet normal 0.000000e+00 9.961946e-01 8.715706e-02
      outer loop
         vertex 3.700000e+01 7.084808e+01 5.173648e+01
         vertex 4.000000e+01 7.100000e+01 5.000000e+01
         vertex 3.700000e+01 7.100000e+01 5.000000e+01
      endloop
   endfacet
   facet normal 0.000000e+00 9.961946e-01 -8.715706e-02
      outer loop
         vertex 3.700000e+01 7.100000e+01 5.000000e+01
         vertex 4.000000e+01 7.100000e+01 5.000000e+01
         vertex 4.000000e+01 7.084808e+01 4.826352e+01
      endloop
   endfacet
   facet normal 0.000000e+00 9.961946e-01 -8.715706e-02
      outer loop
         vertex 3.700000e+01 7.100000e+01 5.000000e+01
         vertex 4.000000e+01 7.084808e+01 4.826352e+01
         vertex 3.700000e+01 7.084808e+01 4.826352e+01
      endloop
   endfacet
   facet normal 0.000000e+00 9.659253e-01 -2.588210e-01
      outer loop
         vertex 3.700000e+01 7.084808e+01 4.826352e+01
         vertex 4.000000e+01 7.084808e+01 4.826352e+01
         vertex 4.000000e+01 7.039692e+01 4.657980e+01
      endloop
   endfacet
   facet normal 0.000000e+00 9.659253e-01 -2.588210e-01
      outer loop
         vertex 3.700000e+01 7.084808e+01 4.826352e+01
         vertex 4.000000e+01 7.039692e+01 4.657980e+01
         vertex 3.700000e+01 7.039692e+01 4.657980e+01
      endloop
   endfacet
   facet normal 0.000000e+00 9.063085e-01 -4.226166e-01
      outer loop
         vertex 3.700000e+01 7.039692e+01 4.657980e+01
         vertex 4.000000e+01 7.039692e+01 4.657980e+01
         vertex 4.000000e+01 6.966025e+01 4.500000e+01
      endloop
   endfacet
   facet normal 0.000000e+00 9.063085e-01 -4.226166e-01
      outer loop
         vertex 3.700000e+01 7.039692e+01 4.657980e+01
         vertex 4.000000e+01 6.966025e+01 4.500000e+01
         vertex 3.700000e+01 6.966025e+01 4.500000e+01
      endloop
   endfacet
   facet normal 0.000000e+00 8.191524e-01 -5.735759e-01
      outer loop
         vertex 3.700000e+01 6.966025e+01 4.500000e+01
         vertex 4.000000e+01 6.966025e+01 4.500000e+01
         vertex 4.000000e+01 6.866045e+01 4.357212e+01
      endloop
   endfacet
   facet normal 0.000000e+00 8.191524e-01 -5.735759e-01
      outer loop
         vertex 3.700000e+01 6.966025e+01 4.500000e+01
         vertex 4.000000e+01 6.866045e+01 4.357212e+01
         vertex 3.700000e+01 6.866045e+01 4.357212e+01
      endloop
   endfacet
   facet normal 0.000000e+00 7.071057e-01 -7.071078e-01
      outer loop
         vertex 3.700000e+01 6.866045e+01 4.357212e+01
         vertex 4.000000e+01 6.866045e+01 4.357212e+01
         vertex 4.000000e+01 6.742787e+01 4.233956e+01
      endloop
   endfacet
   facet normal 0.000000e+00 7.071057e-01 -7.071078e-01
      outer loop
         vertex 3.700000e+01 6.866045e+01 4.357212e+01
         vertex 4.000000e+01 6.742787e+01 4.233956e+01
         vertex 3.700000e+01 6.742787e+01 4.233956e+01
      endloop
   endfacet
   facet normal 0.000000e+00 5.735770e-01 -8.191516e-01
      outer loop
         vertex 3.700000e+01 6.742787e+01 4.233956e+01
         vertex 4.000000e+01 6.742787e+01 4.233956e+01
         vertex 4.000000e+01 6.600000e+01 4.133975e+01
      endloop
   endfacet
   facet normal 0.000000e+00 5.735770e-01 -8.191516e-01
      outer loop
         vertex 3.700000e+01 6.742787e+01 4.233956e+01
         vertex 4.000000e+01 6.600000e+01 4.133975e+01
         vertex 3.700000e+01 6.600000e+01 4.133975e+01
      endloop
   endfacet
   facet normal 0.000000e+00 4.226183e-01 -9.063077e-01
      outer loop
         vertex 3.700000e+01 6.600000e+01 4.133975e+01
         vertex 4.000000e+01 6.600000e+01 4.133975e+01
         vertex 4.000000e+01 6.442020e+01 4.060307e+01
      endloop
   endfacet
   facet normal 0.000000e+00 4.226183e-01 -9.063077e-01
      outer loop
         vertex 3.700000e+01 6.600000e+01 4.133975e+01
         vertex 4.000000e+01 6.442020e+01 4.060307e+01
         vertex 3.700000e+01 6.442020e+01 4.060307e+01
      endloop
   endfacet
   facet normal 0.000000e+00 2.588191e-01 -9.659258e-01
      outer loop
         vertex 3.700000e+01 6.442020e+01 4.060307e+01
         vertex 4.000000e+01 6.442020e+01 4.060307e+01
         vertex 4.000000e+01 6.273648e+01 4.015192e+01
      endloop
   endfacet
   facet normal 0.000000e+00 2.588191e-01 -9.659258e-01
      outer loop
         vertex 3.700000e+01 6.442020e+01 4.060307e+01
         vertex 4.000000e+01 6.273648e+01 4.015192e+01
         vertex 3.700000e+01 6.273648e+01 4.015192e+01
      endloop
   endfacet
   facet normal 0.000000e+00 8.715552e-02 -9.961947e-01
      outer loop
         vertex 3.700000e+01 6.273648e+01 4.015192e+01
         vertex 4.000000e+01 6.273648e+01 4.015192e+01
         vertex 4.000000e+01 6.100000e+01 4.000000e+01
      endloop
   endfacet
   facet normal 0.000000e+00 8.715552e-02 -9.961947e-01
      outer loop
         vertex 3.700000e+01 6.273648e+01 4.015192e+01
         vertex 4.000000e+01 6.100000e+01 4.000000e+01
         vertex 3.700000e+01 6.100000e+01 4.000000e+01
      endloop
   endfacet
   facet normal -1.000000e+00 -0.000000e+00 0.000000e+00
      outer loop
         vertex 3.700000e+01 6.013176e+01 5.492404e+01
         vertex 3.700000e+01 5.928990e+01 5.469846e+01
         vertex 3.700000e+01 6.100000e+01 6.000000e+01
      endloop
   endfacet
   facet normal -1.000000e+00 -0.000000e+00 0.000000e+00
      outer loop
         vertex 3.700000e+01 5.716978e+01 4.678606e+01
         vertex 3.700000e+01 5.000000e+01 4.000000e+01
         vertex 3.700000e+01 5.666987e+01 4.750000e+01
      endloop
   endfacet
   facet normal -1.000000e+00 -0.000000e+00 0.000000e+00
      outer loop
         vertex 3.700000e+01 5.666987e+01 4.750000e+01
         vertex 3.700000e+01 5.000000e+01 4.000000e+01
         vertex 3.700000e+01 5.630154e+01 4.828990e+01
      endloop
   endfacet
   facet normal -1.000000e+00 -0.000000e+00 0.000000e+00
      outer loop
         vertex 3.700000e+01 5.778606e+01 5.383022e+01
         vertex 3.700000e+01 5.716978e+01 5.321394e+01
         vertex 3.700000e+01 5.000000e+01 6.000000e+01
      endloop
   endfacet
   facet normal -1.000000e+00 0.000000e+00 0.000000e+00
      outer loop
         vertex 3.700000e+01 5.000000e+01 6.000000e+01
         vertex 3.700000e+01 5.716978e+01 5.321394e+01
         vertex 3.700000e+01 5.666987e+01 5.250000e+01
      endloop
   endfacet
   facet normal -1.000000e+00 0.000000e+00 0.000000e+00
      outer loop
         vertex 3.700000e+01 5.000000e+01 6.000000e+01
         vertex 3.700000e+01 5.666987e+01 5.250000e+01
         vertex 3.700000e+01 5.630154e+01 5.171010e+01
      endloop
   endfacet
   facet normal -1.000000e+00 -0.000000e+00 0.000000e+00
      outer loop
         vertex 3.700000e+01 5.630154e+01 5.171010e+01
         vertex 3.700000e+01 5.607596e+01 5.086824e+01
         vertex 3.700000e+01 5.000000e+01 6.000000e+01
      endloop
   endfacet
   facet normal -1.000000e+00 0.000000e+00 0.000000e+00
      outer loop
         vertex 3.700000e+01 5.000000e+01 6.000000e+01
         vertex 3.700000e+01 5.607596e+01 5.086824e+01
         vertex 3.700000e+01 5.600000e+01 5.000000e+01
      endloop
   endfacet
   facet normal -1.000000e+00 0.000000e+00 0.000000e+00
      outer loop
         vertex 3.700000e+01 5.000000e+01 6.000000e+01
         vertex 3.700000e+01 5.600000e+01 5.000000e+01
         vertex 3.700000e+01 5.000000e+01 4.000000e+01
      endloop
   endfacet
   facet normal -1.000000e+00 0.000000e+00 0.000000e+00
      outer loop
         vertex 3.700000e+01 5.000000e+01 4.000000e+01
         vertex 3.700000e+01 5.600000e+01 5.000000e+01
         vertex 3.700000e+01 5.607596e+01 4.913176e+01
      endloop
   endfacet
   facet normal -1.000000e+00 0.000000e+00 0.000000e+00
      outer loop
         vertex 3.700000e+01 5.000000e+01 4.000000e+01
         vertex 3.700000e+01 5.607596e+01 4.913176e+01
         vertex 3.700000e+01 5.630154e+01 4.828990e+01
      endloop
   endfacet
   facet normal -1.000000e+00 -0.000000e+00 0.000000e+00
      outer loop
         vertex 3.700000e+01 6.100000e+01 6.000000e+01
         vertex 3.700000e+01 5.928990e+01 5.469846e+01
         vertex 3.700000e+01 5.000000e+01 6.000000e+01
      endloop
   endfacet
   facet normal -1.000000e+00 0.000000e+00 0.000000e+00
      outer loop
         vertex 3.700000e+01 5.000000e+01 6.000000e+01
         vertex 3.700000e+01 5.928990e+01 5.469846e+01
         vertex 3.700000e+01 5.850000e+01 5.433013e+01
      endloop
   endfacet
   facet normal -1.000000e+00 0.000000e+00 0.000000e+00
      outer loop
         vertex 3.700000e+01 5.000000e+01 6.000000e+01
         vertex 3.700000e+01 5.850000e+01 5.433013e+01
         vertex 3.700000e+01 5.778606e+01 5.383022e+01
      endloop
   endfacet
   facet normal -1.000000e+00 -0.000000e+00 -0.000000e+00
      outer loop
         vertex 3.700000e+01 5.928990e+01 4.530154e+01
         vertex 3.700000e+01 6.100000e+01 4.000000e+01
         vertex 3.700000e+01 5.850000e+01 4.566987e+01
      endloop
   endfacet
   facet normal -1.000000e+00 0.000000e+00 -0.000000e+00
      outer loop
         vertex 3.700000e+01 5.850000e+01 4.566987e+01
         vertex 3.700000e+01 6.100000e+01 4.000000e+01
         vertex 3.700000e+01 5.000000e+01 4.000000e+01
      endloop
   endfacet
   facet normal -1.000000e+00 -0.000000e+00 0.000000e+00
      outer loop
         vertex 3.700000e+01 5.850000e+01 4.566987e+01
         vertex 3.700000e+01 5.000000e+01 4.000000e+01
         vertex 3.700000e+01 5.778606e+01 4.616978e+01
      endloop
   endfacet
   facet normal -1.000000e+00 -0.000000e+00 0.000000e+00
      outer loop
         vertex 3.700000e+01 5.778606e+01 4.616978e+01
         vertex 3.700000e+01 5.000000e+01 4.000000e+01
         vertex 3.700000e+01 5.716978e+01 4.678606e+01
      endloop
   endfacet
   facet normal -1.000000e+00 0.000000e+00 0.000000e+00
      outer loop
         vertex 3.700000e+01 5.928990e+01 4.530154e+01
         vertex 3.700000e+01 6.013176e+01 4.507596e+01
         vertex 3.700000e+01 6.100000e+01 4.000000e+01
      endloop
   endfacet
   facet normal -1.000000e+00 0.000000e+00 0.000000e+00
      outer loop
         vertex 3.700000e+01 6.100000e+01 4.000000e+01
         vertex 3.700000e+01 6.013176e+01 4.507596e+01
         vertex 3.700000e+01 6.100000e+01 4.500000e+01
      endloop
   endfacet
   facet normal -1.000000e+00 0.000000e+00 0.000000e+00
      outer loop
         vertex 3.700000e+01 6.100000e+01 4.000000e+01
         vertex 3.700000e+01 6.100000e+01 4.500000e+01
         vertex 3.700000e+01 6.273648e+01 4.015192e+01
      endloop
   endfacet
   facet normal -1.000000e+00 0.000000e+00 0.000000e+00
      outer loop
         vertex 3.700000e+01 6.273648e+01 4.015192e+01
         vertex 3.700000e+01 6.100000e+01 4.500000e+01
         vertex 3.700000e+01 6.186824e+01 4.507596e+01
      endloop
   endfacet
   facet normal -1.000000e+00 0.000000e+00 0.000000e+00
      outer loop
         vertex 3.700000e+01 6.273648e+01 4.015192e+01
         vertex 3.700000e+01 6.186824e+01 4.507596e+01
         vertex 3.700000e+01 6.442020e+01 4.060307e+01
      endloop
   endfacet
   facet normal -1.000000e+00 0.000000e+00 0.000000e+00
      outer loop
         vertex 3.700000e+01 6.442020e+01 4.060307e+01
         vertex 3.700000e+01 6.186824e+01 4.507596e+01
         vertex 3.700000e+01 6.271010e+01 4.530154e+01
      endloop
   endfacet
   facet normal -1.000000e+00 0.000000e+00 0.000000e+00
      outer loop
         vertex 3.700000e+01 6.442020e+01 4.060307e+01
         vertex 3.700000e+01 6.271010e+01 4.530154e+01
         vertex 3.700000e+01 6.600000e+01 4.133975e+01
      endloop
   endfacet
   facet normal -1.000000e+00 0.000000e+00 0.000000e+00
      outer loop
         vertex 3.700000e+01 6.600000e+01 4.133975e+01
         vertex 3.700000e+01 6.271010e+01 4.530154e+01
         vertex 3.700000e+01 6.350000e+01 4.566987e+01
      endloop
   endfacet
   facet normal -1.000000e+00 0.000000e+00 0.000000e+00
      outer loop
         vertex 3.700000e+01 6.600000e+01 4.133975e+01
         vertex 3.700000e+01 6.350000e+01 4.566987e+01
         vertex 3.700000e+01 6.742787e+01 4.233956e+01
      endloop
   endfacet
   facet normal -1.000000e+00 0.000000e+00 0.000000e+00
      outer loop
         vertex 3.700000e+01 6.742787e+01 4.233956e+01
         vertex 3.700000e+01 6.350000e+01 4.566987e+01
         vertex 3.700000e+01 6.421394e+01 4.616978e+01
      endloop
   endfacet
   facet normal -1.000000e+00 0.000000e+00 0.000000e+00
      outer loop
         vertex 3.700000e+01 6.742787e+01 4.233956e+01
         vertex 3.700000e+01 6.421394e+01 4.616978e+01
         vertex 3.700000e+01 6.866045e+01 4.357212e+01
      endloop
   endfacet
   facet normal -1.000000e+00 0.000000e+00 0.000000e+00
      outer loop
         vertex 3.700000e+01 6.866045e+01 4.357212e+01
         vertex 3.700000e+01 6.421394e+01 4.616978e+01
         vertex 3.700000e+01 6.483022e+01 4.678606e+01
      endloop
   endfacet
   facet normal -1.000000e+00 0.000000e+00 0.000000e+00
      outer loop
         vertex 3.700000e+01 6.866045e+01 4.357212e+01
         vertex 3.700000e+01 6.483022e+01 4.678606e+01
         vertex 3.700000e+01 6.966025e+01 4.500000e+01
      endloop
   endfacet
   facet normal -1.000000e+00 0.000000e+00 0.000000e+00
      outer loop
         vertex 3.700000e+01 6.966025e+01 4.500000e+01
         vertex 3.700000e+01 6.483022e+01 4.678606e+01
         vertex 3.700000e+01 6.533013e+01 4.750000e+01
      endloop
   endfacet
   facet normal -1.000000e+00 0.000000e+00 0.000000e+00
      outer loop
         vertex 3.700000e+01 6.966025e+01 4.500000e+01
         vertex 3.700000e+01 6.533013e+01 4.750000e+01
         vertex 3.700000e+01 7.039692e+01 4.657980e+01
      endloop
   endfacet
   facet normal -1.000000e+00 0.000000e+00 0.000000e+00
      outer loop
         vertex 3.700000e+01 7.039692e+01 4.657980e+01
         vertex 3.700000e+01 6.533013e+01 4.750000e+01
         vertex 3.700000e+01 6.569846e+01 4.828990e+01
      endloop
   endfacet
   facet normal -1.000000e+00 0.000000e+00 0.000000e+00
      outer loop
         vertex 3.700000e+01 7.039692e+01 4.657980e+01
         vertex 3.700000e+01 6.569846e+01 4.828990e+01
         vertex 3.700000e+01 7.084808e+01 4.826352e+01
      endloop
   endfacet
   facet normal -1.000000e+00 0.000000e+00 0.000000e+00
      outer loop
         vertex 3.700000e+01 7.084808e+01 4.826352e+01
         vertex 3.700000e+01 6.569846e+01 4.828990e+01
         vertex 3.700000e+01 6.592404e+01 4.913176e+01
      endloop
   endfacet
   facet normal -1.000000e+00 0.000000e+00 0.000000e+00
      outer loop
         vertex 3.700000e+01 7.084808e+01 4.826352e+01
         vertex 3.700000e+01 6.592404e+01 4.913176e+01
         vertex 3.700000e+01 7.100000e+01 5.000000e+01
      endloop
   endfacet
   facet normal -1.000000e+00 -0.000000e+00 0.000000e+00
      outer loop
         vertex 3.700000e+01 7.100000e+01 5.000000e+01
         vertex 3.700000e+01 6.592404e+01 4.913176e+01
         vertex 3.700000e+01 6.600000e+01 5.000000e+01
      endloop
   endfacet
   facet normal -1.000000e+00 0.000000e+00 0.000000e+00
      outer loop
         vertex 3.700000e+01 7.100000e+01 5.000000e+01
         vertex 3.700000e+01 6.600000e+01 5.000000e+01
         vertex 3.700000e+01 7.084808e+01 5.173648e+01
      endloop
   endfacet
   facet normal -1.000000e+00 0.000000e+00 0.000000e+00
      outer loop
         vertex 3.700000e+01 7.084808e+01 5.173648e+01
         vertex 3.700000e+01 6.600000e+01 5.000000e+01
         vertex 3.700000e+01 6.592404e+01 5.086824e+01
      endloop
   endfacet
   facet normal -1.000000e+00 -0.000000e+00 0.000000e+00
      outer loop
         vertex 3.700000e+01 7.084808e+01 5.173648e+01
         vertex 3.700000e+01 6.592404e+01 5.086824e+01
         vertex 3.700000e+01 7.039692e+01 5.342020e+01
      endloop
   endfacet
   facet normal -1.000000e+00 0.000000e+00 0.000000e+00
      outer loop
         vertex 3.700000e+01 7.039692e+01 5.342020e+01
         vertex 3.700000e+01 6.592404e+01 5.086824e+01
         vertex 3.700000e+01 6.569846e+01 5.171010e+01
      endloop
   endfacet
   facet normal -1.000000e+00 -0.000000e+00 0.000000e+00
      outer loop
         vertex 3.700000e+01 7.039692e+01 5.342020e+01
         vertex 3.700000e+01 6.569846e+01 5.171010e+01
         vertex 3.700000e+01 6.966025e+01 5.500000e+01
      endloop
   endfacet
   facet normal -1.000000e+00 0.000000e+00 0.000000e+00
      outer loop
         vertex 3.700000e+01 6.966025e+01 5.500000e+01
         vertex 3.700000e+01 6.569846e+01 5.171010e+01
         vertex 3.700000e+01 6.533013e+01 5.250000e+01
      endloop
   endfacet
   facet normal -1.000000e+00 -0.000000e+00 0.000000e+00
      outer loop
         vertex 3.700000e+01 6.966025e+01 5.500000e+01
         vertex 3.700000e+01 6.533013e+01 5.250000e+01
         vertex 3.700000e+01 6.866045e+01 5.642788e+01
      endloop
   endfacet
   facet normal -1.000000e+00 0.000000e+00 0.000000e+00
      outer loop
         vertex 3.700000e+01 6.866045e+01 5.642788e+01
         vertex 3.700000e+01 6.533013e+01 5.250000e+01
         vertex 3.700000e+01 6.483022e+01 5.321394e+01
      endloop
   endfacet
   facet normal -1.000000e+00 -0.000000e+00 0.000000e+00
      outer loop
         vertex 3.700000e+01 6.866045e+01 5.642788e+01
         vertex 3.700000e+01 6.483022e+01 5.321394e+01
         vertex 3.700000e+01 6.742787e+01 5.766045e+01
      endloop
   endfacet
   facet normal -1.000000e+00 0.000000e+00 0.000000e+00
      outer loop
         vertex 3.700000e+01 6.742787e+01 5.766045e+01
         vertex 3.700000e+01 6.483022e+01 5.321394e+01
         vertex 3.700000e+01 6.421394e+01 5.383022e+01
      endloop
   endfacet
   facet normal -1.000000e+00 -0.000000e+00 0.000000e+00
      outer loop
         vertex 3.700000e+01 6.742787e+01 5.766045e+01
         vertex 3.700000e+01 6.421394e+01 5.383022e+01
         vertex 3.700000e+01 6.600000e+01 5.866025e+01
      endloop
   endfacet
   facet normal -1.000000e+00 0.000000e+00 0.000000e+00
      outer loop
         vertex 3.700000e+01 6.600000e+01 5.866025e+01
         vertex 3.700000e+01 6.421394e+01 5.383022e+01
         vertex 3.700000e+01 6.350000e+01 5.433013e+01
      endloop
   endfacet
   facet normal -1.000000e+00 -0.000000e+00 0.000000e+00
      outer loop
         vertex 3.700000e+01 6.600000e+01 5.866025e+01
         vertex 3.700000e+01 6.350000e+01 5.433013e+01
         vertex 3.700000e+01 6.442020e+01 5.939693e+01
      endloop
   endfacet
   facet normal -1.000000e+00 0.000000e+00 0.000000e+00
      outer loop
         vertex 3.700000e+01 6.442020e+01 5.939693e+01
         vertex 3.700000e+01 6.350000e+01 5.433013e+01
         vertex 3.700000e+01 6.271010e+01 5.469846e+01
      endloop
   endfacet
   facet normal -1.000000e+00 -0.000000e+00 0.000000e+00
      outer loop
         vertex 3.700000e+01 6.442020e+01 5.939693e+01
         vertex 3.700000e+01 6.271010e+01 5.469846e+01
         vertex 3.700000e+01 6.273648e+01 5.984808e+01
      endloop
   endfacet
   facet normal -1.000000e+00 0.000000e+00 0.000000e+00
      outer loop
         vertex 3.700000e+01 6.273648e+01 5.984808e+01
         vertex 3.700000e+01 6.271010e+01 5.469846e+01
         vertex 3.700000e+01 6.186824e+01 5.492404e+01
      endloop
   endfacet
   facet normal -1.000000e+00 -0.000000e+00 0.000000e+00
      outer loop
         vertex 3.700000e+01 6.273648e+01 5.984808e+01
         vertex 3.700000e+01 6.186824e+01 5.492404e+01
         vertex 3.700000e+01 6.100000e+01 6.000000e+01
      endloop
   endfacet
   facet normal -1.000000e+00 0.000000e+00 0.000000e+00
      outer loop
         vertex 3.700000e+01 6.100000e+01 6.000000e+01
         vertex 3.700000e+01 6.186824e+01 5.492404e+01
         vertex 3.700000e+01 6.100000e+01 5.500000e+01
      endloop
   endfacet
   facet normal -1.000000e+00 0.000000e+00 -0.000000e+00
      outer loop
         vertex 3.700000e+01 6.100000e+01 6.000000e+01
         vertex 3.700000e+01 6.100000e+01 5.500000e+01
         vertex 3.700000e+01 6.013176e+01 5.492404e+01
      endloop
   endfacet
   facet normal 1.000000e+00 0.000000e+00 0.000000e+00
      outer loop
         vertex 4.000000e+01 6.013176e+01 4.507596e+01
         vertex 4.000000e+01 5.928990e+01 4.530154e+01
         vertex 4.000000e+01 6.100000e+01 4.000000e+01
      endloop
   endfacet
   facet normal 1.000000e+00 0.000000e+00 0.000000e+00
      outer loop
         vertex 4.000000e+01 5.778606e+01 4.616978e+01
         vertex 4.000000e+01 5.716978e+01 4.678606e+01
         vertex 4.000000e+01 5.000000e+01 4.000000e+01
      endloop
   endfacet
   facet normal 1.000000e+00 0.000000e+00 0.000000e+00
      outer loop
         vertex 4.000000e+01 5.000000e+01 4.000000e+01
         vertex 4.000000e+01 5.716978e+01 4.678606e+01
         vertex 4.000000e+01 5.666987e+01 4.750000e+01
      endloop
   endfacet
   facet normal 1.000000e+00 0.000000e+00 0.000000e+00
      outer loop
         vertex 4.000000e+01 5.000000e+01 4.000000e+01
         vertex 4.000000e+01 5.666987e+01 4.750000e+01
         vertex 4.000000e+01 5.630154e+01 4.828990e+01
      endloop
   endfacet
   facet normal 1.000000e+00 0.000000e+00 0.000000e+00
      outer loop
         vertex 4.000000e+01 6.100000e+01 4.000000e+01
         vertex 4.000000e+01 5.928990e+01 4.530154e+01
         vertex 4.000000e+01 5.000000e+01 4.000000e+01
      endloop
   endfacet
   facet normal 1.000000e+00 0.000000e+00 0.000000e+00
      outer loop
         vertex 4.000000e+01 5.000000e+01 4.000000e+01
         vertex 4.000000e+01 5.928990e+01 4.530154e+01
         vertex 4.000000e+01 5.850000e+01 4.566987e+01
      endloop
   endfacet
   facet normal 1.000000e+00 0.000000e+00 0.000000e+00
      outer loop
         vertex 4.000000e+01 5.000000e+01 4.000000e+01
         vertex 4.000000e+01 5.850000e+01 4.566987e+01
         vertex 4.000000e+01 5.778606e+01 4.616978e+01
      endloop
   endfacet
   facet normal 1.000000e+00 0.000000e+00 0.000000e+00
      outer loop
         vertex 4.000000e+01 5.607596e+01 5.086824e+01
         vertex 4.000000e+01 5.000000e+01 6.000000e+01
         vertex 4.000000e+01 5.600000e+01 5.000000e+01
      endloop
   endfacet
   facet normal 1.000000e+00 0.000000e+00 0.000000e+00
      outer loop
         vertex 4.000000e+01 5.600000e+01 5.000000e+01
         vertex 4.000000e+01 5.000000e+01 6.000000e+01
         vertex 4.000000e+01 5.000000e+01 4.000000e+01
      endloop
   endfacet
   facet normal 1.000000e+00 0.000000e+00 0.000000e+00
      outer loop
         vertex 4.000000e+01 5.600000e+01 5.000000e+01
         vertex 4.000000e+01 5.000000e+01 4.000000e+01
         vertex 4.000000e+01 5.607596e+01 4.913176e+01
      endloop
   endfacet
   facet normal 1.000000e+00 0.000000e+00 0.000000e+00
      outer loop
         vertex 4.000000e+01 5.607596e+01 4.913176e+01
         vertex 4.000000e+01 5.000000e+01 4.000000e+01
         vertex 4.000000e+01 5.630154e+01 4.828990e+01
      endloop
   endfacet
   facet normal 1.000000e+00 0.000000e+00 -0.000000e+00
      outer loop
         vertex 4.000000e+01 5.607596e+01 5.086824e+01
         vertex 4.000000e+01 5.630154e+01 5.171010e+01
         vertex 4.000000e+01 5.000000e+01 6.000000e+01
      endloop
   endfacet
   facet normal 1.000000e+00 0.000000e+00 0.000000e+00
      outer loop
         vertex 4.000000e+01 5.000000e+01 6.000000e+01
         vertex 4.000000e+01 5.630154e+01 5.171010e+01
         vertex 4.000000e+01 5.666987e+01 5.250000e+01
      endloop
   endfacet
   facet normal 1.000000e+00 0.000000e+00 0.000000e+00
      outer loop
         vertex 4.000000e+01 5.000000e+01 6.000000e+01
         vertex 4.000000e+01 5.666987e+01 5.250000e+01
         vertex 4.000000e+01 5.716978e+01 5.321394e+01
      endloop
   endfacet
   facet normal 1.000000e+00 0.000000e+00 -0.000000e+00
      outer loop
         vertex 4.000000e+01 5.928990e+01 5.469846e+01
         vertex 4.000000e+01 6.100000e+01 6.000000e+01
         vertex 4.000000e+01 5.850000e+01 5.433013e+01
      endloop
   endfacet
   facet normal 1.000000e+00 0.000000e+00 -0.000000e+00
      outer loop
         vertex 4.000000e+01 5.850000e+01 5.433013e+01
         vertex 4.000000e+01 6.100000e+01 6.000000e+01
         vertex 4.000000e+01 5.000000e+01 6.000000e+01
      endloop
   endfacet
   facet normal 1.000000e+00 0.000000e+00 0.000000e+00
      outer loop
         vertex 4.000000e+01 5.850000e+01 5.433013e+01
         vertex 4.000000e+01 5.000000e+01 6.000000e+01
         vertex 4.000000e+01 5.778606e+01 5.383022e+01
      endloop
   endfacet
   facet normal 1.000000e+00 0.000000e+00 0.000000e+00
      outer loop
         vertex 4.000000e+01 5.778606e+01 5.383022e+01
         vertex 4.000000e+01 5.000000e+01 6.000000e+01
         vertex 4.000000e+01 5.716978e+01 5.321394e+01
      endloop
   endfacet
   facet normal 1.000000e+00 0.000000e+00 0.000000e+00
      outer loop
         vertex 4.000000e+01 5.928990e+01 5.469846e+01
         vertex 4.000000e+01 6.013176e+01 5.492404e+01
         vertex 4.000000e+01 6.100000e+01 6.000000e+01
      endloop
   endfacet
   facet normal 1.000000e+00 0.000000e+00 0.000000e+00
      outer loop
         vertex 4.000000e+01 6.100000e+01 6.000000e+01
         vertex 4.000000e+01 6.013176e+01 5.492404e+01
         vertex 4.000000e+01 6.100000e+01 5.500000e+01
      endloop
   endfacet
   facet normal 1.000000e+00 0.000000e+00 0.000000e+00
      outer loop
         vertex 4.000000e+01 6.100000e+01 6.000000e+01
         vertex 4.000000e+01 6.100000e+01 5.500000e+01
         vertex 4.000000e+01 6.273648e+01 5.984808e+01
      endloop
   endfacet
   facet normal 1.000000e+00 0.000000e+00 0.000000e+00
      outer loop
         vertex 4.000000e+01 6.273648e+01 5.984808e+01
         vertex 4.000000e+01 6.100000e+01 5.500000e+01
         vertex 4.000000e+01 6.186824e+01 5.492404e+01
      endloop
   endfacet
   facet normal 1.000000e+00 0.000000e+00 0.000000e+00
      outer loop
         vertex 4.000000e+01 6.273648e+01 5.984808e+01
         vertex 4.000000e+01 6.186824e+01 5.492404e+01
         vertex 4.000000e+01 6.442020e+01 5.939693e+01
      endloop
   endfacet
   facet normal 1.000000e+00 0.000000e+00 0.000000e+00
      outer loop
         vertex 4.000000e+01 6.442020e+01 5.939693e+01
         vertex 4.000000e+01 6.186824e+01 5.492404e+01
         vertex 4.000000e+01 6.271010e+01 5.469846e+01
      endloop
   endfacet
   facet normal 1.000000e+00 0.000000e+00 0.000000e+00
      outer loop
         vertex 4.000000e+01 6.442020e+01 5.939693e+01
         vertex 4.000000e+01 6.271010e+01 5.469846e+01
         vertex 4.000000e+01 6.600000e+01 5.866025e+01
      endloop
   endfacet
   facet normal 1.000000e+00 0.000000e+00 0.000000e+00
      outer loop
         vertex 4.000000e+01 6.600000e+01 5.866025e+01
         vertex 4.000000e+01 6.271010e+01 5.469846e+01
         vertex 4.000000e+01 6.350000e+01 5.433013e+01
      endloop
   endfacet
   facet normal 1.000000e+00 0.000000e+00 0.000000e+00
      outer loop
         vertex 4.000000e+01 6.600000e+01 5.866025e+01
         vertex 4.000000e+01 6.350000e+01 5.433013e+01
         vertex 4.000000e+01 6.742787e+01 5.766045e+01
      endloop
   endfacet
   facet normal 1.000000e+00 0.000000e+00 0.000000e+00
      outer loop
         vertex 4.000000e+01 6.742787e+01 5.766045e+01
         vertex 4.000000e+01 6.350000e+01 5.433013e+01
         vertex 4.000000e+01 6.421394e+01 5.383022e+01
      endloop
   endfacet
   facet normal 1.000000e+00 0.000000e+00 0.000000e+00
      outer loop
         vertex 4.000000e+01 6.742787e+01 5.766045e+01
         vertex 4.000000e+01 6.421394e+01 5.383022e+01
         vertex 4.000000e+01 6.866045e+01 5.642788e+01
      endloop
   endfacet
   facet normal 1.000000e+00 0.000000e+00 0.000000e+00
      outer loop
         vertex 4.000000e+01 6.866045e+01 5.642788e+01
         vertex 4.000000e+01 6.421394e+01 5.383022e+01
         vertex 4.000000e+01 6.483022e+01 5.321394e+01
      endloop
   endfacet
   facet normal 1.000000e+00 0.000000e+00 0.000000e+00
      outer loop
         vertex 4.000000e+01 6.866045e+01 5.642788e+01
         vertex 4.000000e+01 6.483022e+01 5.321394e+01
         vertex 4.000000e+01 6.966025e+01 5.500000e+01
      endloop
   endfacet
   facet normal 1.000000e+00 0.000000e+00 0.000000e+00
      outer loop
         vertex 4.000000e+01 6.966025e+01 5.500000e+01
         vertex 4.000000e+01 6.483022e+01 5.321394e+01
         vertex 4.000000e+01 6.533013e+01 5.250000e+01
      endloop
   endfacet
   facet normal 1.000000e+00 0.000000e+00 0.000000e+00
      outer loop
         vertex 4.000000e+01 6.966025e+01 5.500000e+01
         vertex 4.000000e+01 6.533013e+01 5.250000e+01
         vertex 4.000000e+01 7.039692e+01 5.342020e+01
      endloop
   endfacet
   facet normal 1.000000e+00 0.000000e+00 0.000000e+00
      outer loop
         vertex 4.000000e+01 7.039692e+01 5.342020e+01
         vertex 4.000000e+01 6.533013e+01 5.250000e+01
         vertex 4.000000e+01 6.569846e+01 5.171010e+01
      endloop
   endfacet
   facet normal 1.000000e+00 0.000000e+00 0.000000e+00
      outer loop
         vertex 4.000000e+01 7.039692e+01 5.342020e+01
         vertex 4.000000e+01 6.569846e+01 5.171010e+01
         vertex 4.000000e+01 7.084808e+01 5.173648e+01
      endloop
   endfacet
   facet normal 1.000000e+00 0.000000e+00 0.000000e+00
      outer loop
         vertex 4.000000e+01 7.084808e+01 5.173648e+01
         vertex 4.000000e+01 6.569846e+01 5.171010e+01
         vertex 4.000000e+01 6.592404e+01 5.086824e+01
      endloop
   endfacet
   facet normal 1.000000e+00 0.000000e+00 0.000000e+00
      outer loop
         vertex 4.000000e+01 7.084808e+01 5.173648e+01
         vertex 4.000000e+01 6.592404e+01 5.086824e+01
         vertex 4.000000e+01 7.100000e+01 5.000000e+01
      endloop
   endfacet
   facet normal 1.000000e+00 0.000000e+00 0.000000e+00
      outer loop
         vertex 4.000000e+01 7.100000e+01 5.000000e+01
         vertex 4.000000e+01 6.592404e+01 5.086824e+01
         vertex 4.000000e+01 6.600000e+01 5.000000e+01
      endloop
   endfacet
   facet normal 1.000000e+00 0.000000e+00 0.000000e+00
      outer loop
         vertex 4.000000e+01 7.100000e+01 5.000000e+01
         vertex 4.000000e+01 6.600000e+01 5.000000e+01
         vertex 4.000000e+01 7.084808e+01 4.826352e+01
      endloop
   endfacet
   facet normal 1.000000e+00 0.000000e+00 0.000000e+00
      outer loop
         vertex 4.000000e+01 7.084808e+01 4.826352e+01
         vertex 4.000000e+01 6.600000e+01 5.000000e+01
         vertex 4.000000e+01 6.592404e+01 4.913176e+01
      endloop
   endfacet
   facet normal 1.000000e+00 0.000000e+00 0.000000e+00
      outer loop
         vertex 4.000000e+01 7.084808e+01 4.826352e+01
         vertex 4.000000e+01 6.592404e+01 4.913176e+01
         vertex 4.000000e+01 7.039692e+01 4.657980e+01
      endloop
   endfacet
   facet normal 1.000000e+00 0.000000e+00 0.000000e+00
      outer loop
         vertex 4.000000e+01 7.039692e+01 4.657980e+01
         vertex 4.000000e+01 6.592404e+01 4.913176e+01
         vertex 4.000000e+01 6.569846e+01 4.828990e+01
      endloop
   endfacet
   facet normal 1.000000e+00 0.000000e+00 0.000000e+00
      outer loop
         vertex 4.000000e+01 7.039692e+01 4.657980e+01
         vertex 4.000000e+01 6.569846e+01 4.828990e+01
         vertex 4.000000e+01 6.966025e+01 4.500000e+01
      endloop
   endfacet
   facet normal 1.000000e+00 0.000000e+00 0.000000e+00
      outer loop
         vertex 4.000000e+01 6.966025e+01 4.500000e+01
         vertex 4.000000e+01 6.569846e+01 4.828990e+01
         vertex 4.000000e+01 6.533013e+01 4.750000e+01
      endloop
   endfacet
   facet normal 1.000000e+00 0.000000e+00 0.000000e+00
      outer loop
         vertex 4.000000e+01 6.966025e+01 4.500000e+01
         vertex 4.000000e+01 6.533013e+01 4.750000e+01
         vertex 4.000000e+01 6.866045e+01 4.357212e+01
      endloop
   endfacet
   facet normal 1.000000e+00 0.000000e+00 0.000000e+00
      outer loop
         vertex 4.000000e+01 6.866045e+01 4.357212e+01
         vertex 4.000000e+01 6.533013e+01 4.750000e+01
         vertex 4.000000e+01 6.483022e+01 4.678606e+01
      endloop
   endfacet
   facet normal 1.000000e+00 0.000000e+00 0.000000e+00
      outer loop
         vertex 4.000000e+01 6.866045e+01 4.357212e+01
         vertex 4.000000e+01 6.483022e+01 4.678606e+01
         vertex 4.000000e+01 6.742787e+01 4.233956e+01
      endloop
   endfacet
   facet normal 1.000000e+00 0.000000e+00 0.000000e+00
      outer loop
         vertex 4.000000e+01 6.742787e+01 4.233956e+01
         vertex 4.000000e+01 6.483022e+01 4.678606e+01
         vertex 4.000000e+01 6.421394e+01 4.616978e+01
      endloop
   endfacet
   facet normal 1.000000e+00 0.000000e+00 0.000000e+00
      outer loop
         vertex 4.000000e+01 6.742787e+01 4.233956e+01
         vertex 4.000000e+01 6.421394e+01 4.616978e+01
         vertex 4.000000e+01 6.600000e+01 4.133975e+01
      endloop
   endfacet
   facet normal 1.000000e+00 0.000000e+00 0.000000e+00
      outer loop
         vertex 4.000000e+01 6.600000e+01 4.133975e+01
         vertex 4.000000e+01 6.421394e+01 4.616978e+01
         vertex 4.000000e+01 6.350000e+01 4.566987e+01
      endloop
   endfacet
   facet normal 1.000000e+00 0.000000e+00 0.000000e+00
      outer loop
         vertex 4.000000e+01 6.600000e+01 4.133975e+01
         vertex 4.000000e+01 6.350000e+01 4.566987e+01
         vertex 4.000000e+01 6.442020e+01 4.060307e+01
      endloop
   endfacet
   facet normal 1.000000e+00 0.000000e+00 0.000000e+00
      outer loop
         vertex 4.000000e+01 6.442020e+01 4.060307e+01
         vertex 4.000000e+01 6.350000e+01 4.566987e+01
         vertex 4.000000e+01 6.271010e+01 4.530154e+01
      endloop
   endfacet
   facet normal 1.000000e+00 0.000000e+00 0.000000e+00
      outer loop
         vertex 4.000000e+01 6.442020e+01 4.060307e+01
         vertex 4.000000e+01 6.271010e+01 4.530154e+01
         vertex 4.000000e+01 6.273648e+01 4.015192e+01
      endloop
   endfacet
   facet normal 1.000000e+00 0.000000e+00 0.000000e+00
      outer loop
         vertex 4.000000e+01 6.273648e+01 4.015192e+01
         vertex 4.000000e+01 6.271010e+01 4.530154e+01
         vertex 4.000000e+01 6.186824e+01 4.507596e+01
      endloop
   endfacet
   facet normal 1.000000e+00 0.000000e+00 0.000000e+00
      outer loop
         vertex 4.000000e+01 6.273648e+01 4.015192e+01
         vertex 4.000000e+01 6.186824e+01 4.507596e+01
         vertex 4.000000e+01 6.100000e+01 4.000000e+01
      endloop
   endfacet
   facet normal 1.000000e+00 0.000000e+00 0.000000e+00
      outer loop
         vertex 4.000000e+01 6.100000e+01 4.000000e+01
         vertex 4.000000e+01 6.186824e+01 4.507596e+01
         vertex 4.000000e+01 6.100000e+01 4.500000e+01
      endloop
   endfacet
   facet normal 1.000000e+00 0.000000e+00 -0.000000e+00
      outer loop
         vertex 4.000000e+01 6.100000e+01 4.000000e+01
         vertex 4.000000e+01 6.100000e+01 4.500000e+01
         vertex 4.000000e+01 6.013176e+01 4.507596e+01
      endloop
   endfacet
endsolid