solid link
   facet normal 0.000000e+00 1.000000e+00 -0.000000e+00
      outer loop
         vertex 5.544967e+00 2.300000e+01 1.226995e+01
         vertex 1.532758e+00 2.300000e+01 1.532032e+01
         vertex 5.954915e+00 2.300000e+01 1.293893e+01
      endloop
   endfacet
   facet normal 0.000000e+00 1.000000e+00 0.000000e+00
      outer loop
         vertex 5.954915e+00 2.300000e+01 1.293893e+01
         vertex 1.532758e+00 2.300000e+01 1.532032e+01
         vertex 2.181685e+00 2.300000e+01 1.623490e+01
      endloop
   endfacet
   facet normal 0.000000e+00 1.000000e+00 -0.000000e+00
      outer loop
         vertex 5.954915e+00 2.300000e+01 1.293893e+01
         vertex 2.181685e+00 2.300000e+01 1.623490e+01
         vertex 6.464466e+00 2.300000e+01 1.353553e+01
      endloop
   endfacet
   facet normal 0.000000e+00 1.000000e+00 0.000000e+00
      outer loop
         vertex 6.464466e+00 2.300000e+01 1.353553e+01
         vertex 2.181685e+00 2.300000e+01 1.623490e+01
         vertex 2.928932e+00 2.300000e+01 1.707107e+01
      endloop
   endfacet
   facet normal 0.000000e+00 1.000000e+00 -0.000000e+00
      outer loop
         vertex 6.464466e+00 2.300000e+01 1.353553e+01
         vertex 2.928932e+00 2.300000e+01 1.707107e+01
         vertex 7.061074e+00 2.300000e+01 1.404508e+01
      endloop
   endfacet
   facet normal 0.000000e+00 1.000000e+00 0.000000e+00
      outer loop
         vertex 9.217827e+00 2.300000e+01 5.061558e+00
         vertex 7.774791e+00 2.300000e+01 2.507204e-01
         vertex 8.454915e+00 2.300000e+01 5.244717e+00
      endloop
   endfacet
   facet normal 0.000000e+00 1.000000e+00 0.000000e+00
      outer loop
         vertex 8.454915e+00 2.300000e+01 5.244717e+00
         vertex 7.774791e+00 2.300000e+01 2.507204e-01
         vertex 6.697209e+00 2.300000e+01 5.611666e-01
      endloop
   endfacet
   facet normal 0.000000e+00 1.000000e+00 0.000000e+00
      outer loop
         vertex 8.454915e+00 2.300000e+01 5.244717e+00
         vertex 6.697209e+00 2.300000e+01 5.611666e-01
         vertex 7.730047e+00 2.300000e+01 5.544967e+00
      endloop
   endfacet
   facet normal -0.000000e+00 1.000000e+00 0.000000e+00
      outer loop
         vertex 1.078217e+01 2.300000e+01 1.493844e+01
         vertex 1.222521e+01 2.300000e+01 1.974928e+01
         vertex 1.154508e+01 2.300000e+01 1.475528e+01
      endloop
   endfacet
   facet normal 0.000000e+00 1.000000e+00 0.000000e+00
      outer loop
         vertex 1.154508e+01 2.300000e+01 1.475528e+01
         vertex 1.222521e+01 2.300000e+01 1.974928e+01
         vertex 1.330279e+01 2.300000e+01 1.943883e+01
      endloop
   endfacet
   facet normal -0.000000e+00 1.000000e+00 0.000000e+00
      outer loop
         vertex 1.154508e+01 2.300000e+01 1.475528e+01
         vertex 1.330279e+01 2.300000e+01 1.943883e+01
         vertex 1.226995e+01 2.300000e+01 1.445503e+01
      endloop
   endfacet
   facet normal 0.000000e+00 1.000000e+00 -0.000000e+00
      outer loop
         vertex 8.454915e+00 2.300000e+01 1.475528e+01
         vertex 7.774791e+00 2.300000e+01 1.974928e+01
         vertex 9.217827e+00 2.300000e+01 1.493844e+01
      endloop
   endfacet
   facet normal 0.000000e+00 1.000000e+00 0.000000e+00
      outer loop
         vertex 9.217827e+00 2.300000e+01 1.493844e+01
         vertex 7.774791e+00 2.300000e+01 1.974928e+01
         vertex 8.880355e+00 2.300000e+01 1.993712e+01
      endloop
   endfacet
   facet normal 0.000000e+00 1.000000e+00 -0.000000e+00
      outer loop
         vertex 9.217827e+00 2.300000e+01 1.493844e+01
         vertex 8.880355e+00 2.300000e+01 1.993712e+01
         vertex 1.000000e+01 2.300000e+01 1.500000e+01
      endloop
   endfacet
   facet normal 0.000000e+00 1.000000e+00 0.000000e+00
      outer loop
         vertex 1.000000e+01 2.300000e+01 1.500000e+01
         vertex 8.880355e+00 2.300000e+01 1.993712e+01
         vertex 1.000000e+01 2.300000e+01 2.000000e+01
      endloop
   endfacet
   facet normal -0.000000e+00 1.000000e+00 -0.000000e+00
      outer loop
         vertex 1.000000e+01 2.300000e+01 1.500000e+01
         vertex 1.000000e+01 2.300000e+01 2.000000e+01
         vertex 1.078217e+01 2.300000e+01 1.493844e+01
      endloop
   endfacet
   facet normal 0.000000e+00 1.000000e+00 -0.000000e+00
      outer loop
         vertex 1.078217e+01 2.300000e+01 1.493844e+01
         vertex 1.000000e+01 2.300000e+01 2.000000e+01
         vertex 1.111964e+01 2.300000e+01 1.993712e+01
      endloop
   endfacet
   facet normal 0.000000e+00 1.000000e+00 0.000000e+00
      outer loop
         vertex 1.078217e+01 2.300000e+01 1.493844e+01
         vertex 1.111964e+01 2.300000e+01 1.993712e+01
         vertex 1.222521e+01 2.300000e+01 1.974928e+01
      endloop
   endfacet
   facet normal 0.000000e+00 1.000000e+00 -0.000000e+00
      outer loop
         vertex 5.061558e+00 2.300000e+01 1.078217e+01
         vertex 2.507204e-01 2.300000e+01 1.222521e+01
         vertex 5.244717e+00 2.300000e+01 1.154508e+01
      endloop
   endfacet
   facet normal 0.000000e+00 1.000000e+00 0.000000e+00
      outer loop
         vertex 5.244717e+00 2.300000e+01 1.154508e+01
         vertex 2.507204e-01 2.300000e+01 1.222521e+01
         vertex 5.611666e-01 2.300000e+01 1.330279e+01
      endloop
   endfacet
   facet normal 0.000000e+00 1.000000e+00 -0.000000e+00
      outer loop
         vertex 5.244717e+00 2.300000e+01 1.154508e+01
         vertex 5.611666e-01 2.300000e+01 1.330279e+01
         vertex 5.544967e+00 2.300000e+01 1.226995e+01
      endloop
   endfacet
   facet normal 0.000000e+00 1.000000e+00 0.000000e+00
      outer loop
         vertex 5.544967e+00 2.300000e+01 1.226995e+01
         vertex 5.611666e-01 2.300000e+01 1.330279e+01
         vertex 9.903107e-01 2.300000e+01 1.433884e+01
      endloop
   endfacet
   facet normal 0.000000e+00 1.000000e+00 0.000000e+00
      outer loop
         vertex 5.544967e+00 2.300000e+01 1.226995e+01
         vertex 9.903107e-01 2.300000e+01 1.433884e+01
         vertex 1.532758e+00 2.300000e+01 1.532032e+01
      endloop
   endfacet
   facet normal 0.000000e+00 1.000000e+00 -0.000000e+00
      outer loop
         vertex 6.697209e+00 2.300000e+01 5.611666e-01
         vertex 5.661163e+00 2.300000e+01 9.903107e-01
         vertex 7.730047e+00 2.300000e+01 5.544967e+00
      endloop
   endfacet
   facet normal 0.000000e+00 1.000000e+00 0.000000e+00
      outer loop
         vertex 7.730047e+00 2.300000e+01 5.544967e+00
         vertex 5.661163e+00 2.300000e+01 9.903107e-01
         vertex 4.679679e+00 2.300000e+01 1.532758e+00
      endloop
   endfacet
   facet normal 0.000000e+00 1.000000e+00 0.000000e+00
      outer loop
         vertex 7.730047e+00 2.300000e+01 5.544967e+00
         vertex 4.679679e+00 2.300000e+01 1.532758e+00
         vertex 7.061074e+00 2.300000e+01 5.954915e+00
      endloop
   endfacet
   facet normal 0.000000e+00 1.000000e+00 0.000000e+00
      outer loop
         vertex 7.061074e+00 2.300000e+01 5.954915e+00
         vertex 4.679679e+00 2.300000e+01 1.532758e+00
         vertex 3.765102e+00 2.300000e+01 2.181685e+00
      endloop
   endfacet
   facet normal 0.000000e+00 1.000000e+00 0.000000e+00
      outer loop
         vertex 7.061074e+00 2.300000e+01 5.954915e+00
         vertex 3.765102e+00 2.300000e+01 2.181685e+00
         vertex 6.464466e+00 2.300000e+01 6.464466e+00
      endloop
   endfacet
   facet normal 0.000000e+00 1.000000e+00 0.000000e+00
      outer loop
         vertex 6.464466e+00 2.300000e+01 6.464466e+00
         vertex 3.765102e+00 2.300000e+01 2.181685e+00
         vertex 2.928932e+00 2.300000e+01 2.928932e+00
      endloop
   endfacet
   facet normal 0.000000e+00 1.000000e+00 0.000000e+00
      outer loop
         vertex 6.464466e+00 2.300000e+01 6.464466e+00
         vertex 2.928932e+00 2.300000e+01 2.928932e+00
         vertex 5.954915e+00 2.300000e+01 7.061074e+00
      endloop
   endfacet
   facet normal 0.000000e+00 1.000000e+00 0.000000e+00
      outer loop
         vertex 1.154508e+01 2.300000e+01 5.244717e+00
         vertex 1.222521e+01 2.300000e+01 2.507204e-01
         vertex 1.078217e+01 2.300000e+01 5.061558e+00
      endloop
   endfacet
   facet normal 0.000000e+00 1.000000e+00 0.000000e+00
      outer loop
         vertex 1.078217e+01 2.300000e+01 5.061558e+00
         vertex 1.222521e+01 2.300000e+01 2.507204e-01
         vertex 1.111964e+01 2.300000e+01 6.287731e-02
      endloop
   endfacet
   facet normal 0.000000e+00 1.000000e+00 0.000000e+00
      outer loop
         vertex 1.078217e+01 2.300000e+01 5.061558e+00
         vertex 1.111964e+01 2.300000e+01 6.287731e-02
         vertex 1.000000e+01 2.300000e+01 5.000000e+00
      endloop
   endfacet
   facet normal 0.000000e+00 1.000000e+00 0.000000e+00
      outer loop
         vertex 1.000000e+01 2.300000e+01 5.000000e+00
         vertex 1.111964e+01 2.300000e+01 6.287731e-02
         vertex 1.000000e+01 2.300000e+01 0.000000e+00
      endloop
   endfacet
   facet normal 0.000000e+00 1.000000e+00 0.000000e+00
      outer loop
         vertex 1.000000e+01 2.300000e+01 5.000000e+00
         vertex 1.000000e+01 2.300000e+01 0.000000e+00
         vertex 9.217827e+00 2.300000e+01 5.061558e+00
      endloop
   endfacet
   facet normal 0.000000e+00 1.000000e+00 0.000000e+00
      outer loop
         vertex 9.217827e+00 2.300000e+01 5.061558e+00
         vertex 1.000000e+01 2.300000e+01 0.000000e+00
         vertex 8.880355e+00 2.300000e+01 6.287731e-02
      endloop
   endfacet
   facet normal 0.000000e+00 1.000000e+00 0.000000e+00
      outer loop
         vertex 9.217827e+00 2.300000e+01 5.061558e+00
         vertex 8.880355e+00 2.300000e+01 6.287731e-02
         vertex 7.774791e+00 2.300000e+01 2.507204e-01
      endloop
   endfacet
   facet normal 0.000000e+00 1.000000e+00 0.000000e+00
      outer loop
         vertex 1.293893e+01 2.300000e+01 5.954915e+00
         vertex 1.532032e+01 2.300000e+01 1.532758e+00
         vertex 1.226995e+01 2.300000e+01 5.544967e+00
      endloop
   endfacet
   facet normal 0.000000e+00 1.000000e+00 0.000000e+00
      outer loop
         vertex 1.226995e+01 2.300000e+01 5.544967e+00
         vertex 1.532032e+01 2.300000e+01 1.532758e+00
         vertex 1.433884e+01 2.300000e+01 9.903107e-01
      endloop
   endfacet
   facet normal 0.000000e+00 1.000000e+00 0.000000e+00
      outer loop
         vertex 1.226995e+01 2.300000e+01 5.544967e+00
         vertex 1.433884e+01 2.300000e+01 9.903107e-01
         vertex 1.154508e+01 2.300000e+01 5.244717e+00
      endloop
   endfacet
   facet normal 0.000000e+00 1.000000e+00 0.000000e+00
      outer loop
         vertex 1.154508e+01 2.300000e+01 5.244717e+00
         vertex 1.433884e+01 2.300000e+01 9.903107e-01
         vertex 1.330279e+01 2.300000e+01 5.611666e-01
      endloop
   endfacet
   facet normal 0.000000e+00 1.000000e+00 0.000000e+00
      outer loop
         vertex 1.154508e+01 2.300000e+01 5.244717e+00
         vertex 1.330279e+01 2.300000e+01 5.611666e-01
         vertex 1.222521e+01 2.300000e+01 2.507204e-01
      endloop
   endfacet
   facet normal -0.000000e+00 1.000000e+00 0.000000e+00
      outer loop
         vertex 2.928932e+00 2.300000e+01 1.707107e+01
         vertex 3.765102e+00 2.300000e+01 1.781831e+01
         vertex 7.061074e+00 2.300000e+01 1.404508e+01
      endloop
   endfacet
   facet normal 0.000000e+00 1.000000e+00 0.000000e+00
      outer loop
         vertex 7.061074e+00 2.300000e+01 1.404508e+01
         vertex 3.765102e+00 2.300000e+01 1.781831e+01
         vertex 4.679679e+00 2.300000e+01 1.846724e+01
      endloop
   endfacet
   facet normal 0.000000e+00 1.000000e+00 -0.000000e+00
      outer loop
         vertex 7.061074e+00 2.300000e+01 1.404508e+01
         vertex 4.679679e+00 2.300000e+01 1.846724e+01
         vertex 7.730047e+00 2.300000e+01 1.445503e+01
      endloop
   endfacet
   facet normal 0.000000e+00 1.000000e+00 0.000000e+00
      outer loop
         vertex 7.730047e+00 2.300000e+01 1.445503e+01
         vertex 4.679679e+00 2.300000e+01 1.846724e+01
         vertex 5.661163e+00 2.300000e+01 1.900969e+01
      endloop
   endfacet
   facet normal 0.000000e+00 1.000000e+00 -0.000000e+00
      outer loop
         vertex 7.730047e+00 2.300000e+01 1.445503e+01
         vertex 5.661163e+00 2.300000e+01 1.900969e+01
         vertex 8.454915e+00 2.300000e+01 1.475528e+01
      endloop
   endfacet
   facet normal 0.000000e+00 1.000000e+00 0.000000e+00
      outer loop
         vertex 8.454915e+00 2.300000e+01 1.475528e+01
         vertex 5.661163e+00 2.300000e+01 1.900969e+01
         vertex 6.697209e+00 2.300000e+01 1.943883e+01
      endloop
   endfacet
   facet normal 0.000000e+00 1.000000e+00 0.000000e+00
      outer loop
         vertex 8.454915e+00 2.300000e+01 1.475528e+01
         vertex 6.697209e+00 2.300000e+01 1.943883e+01
         vertex 7.774791e+00 2.300000e+01 1.974928e+01
      endloop
   endfacet
   facet normal 0.000000e+00 1.000000e+00 0.000000e+00
      outer loop
         vertex 5.244717e+00 2.300000e+01 8.454915e+00
         vertex 2.507204e-01 2.300000e+01 7.774791e+00
         vertex 5.061558e+00 2.300000e+01 9.217827e+00
      endloop
   endfacet
   facet normal 0.000000e+00 1.000000e+00 0.000000e+00
      outer loop
         vertex 5.061558e+00 2.300000e+01 9.217827e+00
         vertex 2.507204e-01 2.300000e+01 7.774791e+00
         vertex 6.287731e-02 2.300000e+01 8.880355e+00
      endloop
   endfacet
   facet normal 0.000000e+00 1.000000e+00 0.000000e+00
      outer loop
         vertex 5.061558e+00 2.300000e+01 9.217827e+00
         vertex 6.287731e-02 2.300000e+01 8.880355e+00
         vertex 5.000000e+00 2.300000e+01 1.000000e+01
      endloop
   endfacet
   facet normal 0.000000e+00 1.000000e+00 0.000000e+00
      outer loop
         vertex 5.000000e+00 2.300000e+01 1.000000e+01
         vertex 6.287731e-02 2.300000e+01 8.880355e+00
         vertex 0.000000e+00 2.300000e+01 1.000000e+01
      endloop
   endfacet
   facet normal 0.000000e+00 1.000000e+00 -0.000000e+00
      outer loop
         vertex 5.000000e+00 2.300000e+01 1.000000e+01
         vertex 0.000000e+00 2.300000e+01 1.000000e+01
         vertex 5.061558e+00 2.300000e+01 1.078217e+01
      endloop
   endfacet
   facet normal 0.000000e+00 1.000000e+00 0.000000e+00
      outer loop
         vertex 5.061558e+00 2.300000e+01 1.078217e+01
         vertex 0.000000e+00 2.300000e+01 1.000000e+01
         vertex 6.287731e-02 2.300000e+01 1.111964e+01
      endloop
   endfacet
   facet normal 0.000000e+00 1.000000e+00 0.000000e+00
      outer loop
         vertex 5.061558e+00 2.300000e+01 1.078217e+01
         vertex 6.287731e-02 2.300000e+01 1.111964e+01
         vertex 2.507204e-01 2.300000e+01 1.222521e+01
      endloop
   endfacet
   facet normal 0.000000e+00 1.000000e+00 0.000000e+00
      outer loop
         vertex 1.445503e+01 2.300000e+01 7.730047e+00
         vertex 1.846724e+01 2.300000e+01 4.679679e+00
         vertex 1.404508e+01 2.300000e+01 7.061074e+00
      endloop
   endfacet
   facet normal 0.000000e+00 1.000000e+00 0.000000e+00
      outer loop
         vertex 1.404508e+01 2.300000e+01 7.061074e+00
         vertex 1.846724e+01 2.300000e+01 4.679679e+00
         vertex 1.781831e+01 2.300000e+01 3.765102e+00
      endloop
   endfacet
   facet normal 0.000000e+00 1.000000e+00 0.000000e+00
      outer loop
         vertex 1.404508e+01 2.300000e+01 7.061074e+00
         vertex 1.781831e+01 2.300000e+01 3.765102e+00
         vertex 1.353553e+01 2.300000e+01 6.464466e+00
      endloop
   endfacet
   facet normal 0.000000e+00 1.000000e+00 0.000000e+00
      outer loop
         vertex 1.353553e+01 2.300000e+01 6.464466e+00
         vertex 1.781831e+01 2.300000e+01 3.765102e+00
         vertex 1.707107e+01 2.300000e+01 2.928932e+00
      endloop
   endfacet
   facet normal 0.000000e+00 1.000000e+00 0.000000e+00
      outer loop
         vertex 1.353553e+01 2.300000e+01 6.464466e+00
         vertex 1.707107e+01 2.300000e+01 2.928932e+00
         vertex 1.293893e+01 2.300000e+01 5.954915e+00
      endloop
   endfacet
   facet normal 0.000000e+00 1.000000e+00 0.000000e+00
      outer loop
         vertex 1.293893e+01 2.300000e+01 5.954915e+00
         vertex 1.707107e+01 2.300000e+01 2.928932e+00
         vertex 1.623490e+01 2.300000e+01 2.181685e+00
      endloop
   endfacet
   facet normal 0.000000e+00 1.000000e+00 0.000000e+00
      outer loop
         vertex 1.293893e+01 2.300000e+01 5.954915e+00
         vertex 1.623490e+01 2.300000e+01 2.181685e+00
         vertex 1.532032e+01 2.300000e+01 1.532758e+00
      endloop
   endfacet
   facet normal 0.000000e+00 1.000000e+00 0.000000e+00
      outer loop
         vertex 1.493844e+01 2.300000e+01 9.217827e+00
         vertex 1.974928e+01 2.300000e+01 7.774791e+00
         vertex 1.475528e+01 2.300000e+01 8.454915e+00
      endloop
   endfacet
   facet normal 0.000000e+00 1.000000e+00 0.000000e+00
      outer loop
         vertex 1.475528e+01 2.300000e+01 8.454915e+00
         vertex 1.974928e+01 2.300000e+01 7.774791e+00
         vertex 1.943883e+01 2.300000e+01 6.697209e+00
      endloop
   endfacet
   facet normal 0.000000e+00 1.000000e+00 0.000000e+00
      outer loop
         vertex 1.475528e+01 2.300000e+01 8.454915e+00
         vertex 1.943883e+01 2.300000e+01 6.697209e+00
         vertex 1.445503e+01 2.300000e+01 7.730047e+00
      endloop
   endfacet
   facet normal 0.000000e+00 1.000000e+00 0.000000e+00
      outer loop
         vertex 1.445503e+01 2.300000e+01 7.730047e+00
         vertex 1.943883e+01 2.300000e+01 6.697209e+00
         vertex 1.900969e+01 2.300000e+01 5.661163e+00
      endloop
   endfacet
   facet normal 0.000000e+00 1.000000e+00 0.000000e+00
      outer loop
         vertex 1.445503e+01 2.300000e+01 7.730047e+00
         vertex 1.900969e+01 2.300000e+01 5.661163e+00
         vertex 1.846724e+01 2.300000e+01 4.679679e+00
      endloop
   endfacet
   facet normal -0.000000e+00 1.000000e+00 0.000000e+00
      outer loop
         vertex 1.404508e+01 2.300000e+01 1.293893e+01
         vertex 1.846724e+01 2.300000e+01 1.532032e+01
         vertex 1.445503e+01 2.300000e+01 1.226995e+01
      endloop
   endfacet
   facet normal 0.000000e+00 1.000000e+00 0.000000e+00
      outer loop
         vertex 1.445503e+01 2.300000e+01 1.226995e+01
         vertex 1.846724e+01 2.300000e+01 1.532032e+01
         vertex 1.900969e+01 2.300000e+01 1.433884e+01
      endloop
   endfacet
   facet normal -0.000000e+00 1.000000e+00 0.000000e+00
      outer loop
         vertex 1.445503e+01 2.300000e+01 1.226995e+01
         vertex 1.900969e+01 2.300000e+01 1.433884e+01
         vertex 1.475528e+01 2.300000e+01 1.154508e+01
      endloop
   endfacet
   facet normal 0.000000e+00 1.000000e+00 0.000000e+00
      outer loop
         vertex 1.330279e+01 2.300000e+01 1.943883e+01
         vertex 1.433884e+01 2.300000e+01 1.900969e+01
         vertex 1.226995e+01 2.300000e+01 1.445503e+01
      endloop
   endfacet
   facet normal 0.000000e+00 1.000000e+00 0.000000e+00
      outer loop
         vertex 1.226995e+01 2.300000e+01 1.445503e+01
         vertex 1.433884e+01 2.300000e+01 1.900969e+01
         vertex 1.532032e+01 2.300000e+01 1.846724e+01
      endloop
   endfacet
   facet normal -0.000000e+00 1.000000e+00 0.000000e+00
      outer loop
         vertex 1.226995e+01 2.300000e+01 1.445503e+01
         vertex 1.532032e+01 2.300000e+01 1.846724e+01
         vertex 1.293893e+01 2.300000e+01 1.404508e+01
      endloop
   endfacet
   facet normal 0.000000e+00 1.000000e+00 0.000000e+00
      outer loop
         vertex 1.293893e+01 2.300000e+01 1.404508e+01
         vertex 1.532032e+01 2.300000e+01 1.846724e+01
         vertex 1.623490e+01 2.300000e+01 1.781831e+01
      endloop
   endfacet
   facet normal -0.000000e+00 1.000000e+00 0.000000e+00
      outer loop
         vertex 1.293893e+01 2.300000e+01 1.404508e+01
         vertex 1.623490e+01 2.300000e+01 1.781831e+01
         vertex 1.353553e+01 2.300000e+01 1.353553e+01
      endloop
   endfacet
   facet normal 0.000000e+00 1.000000e+00 0.000000e+00
      outer loop
         vertex 1.353553e+01 2.300000e+01 1.353553e+01
         vertex 1.623490e+01 2.300000e+01 1.781831e+01
         vertex 1.707107e+01 2.300000e+01 1.707107e+01
      endloop
   endfacet
   facet normal -0.000000e+00 1.000000e+00 0.000000e+00
      outer loop
         vertex 1.353553e+01 2.300000e+01 1.353553e+01
         vertex 1.707107e+01 2.300000e+01 1.707107e+01
         vertex 1.404508e+01 2.300000e+01 1.293893e+01
      endloop
   endfacet
   facet normal 0.000000e+00 1.000000e+00 0.000000e+00
      outer loop
         vertex 1.404508e+01 2.300000e+01 1.293893e+01
         vertex 1.707107e+01 2.300000e+01 1.707107e+01
         vertex 1.781831e+01 2.300000e+01 1.623490e+01
      endloop
   endfacet
   facet normal 0.000000e+00 1.000000e+00 0.000000e+00
      outer loop
         vertex 1.404508e+01 2.300000e+01 1.293893e+01
         vertex 1.781831e+01 2.300000e+01 1.623490e+01
         vertex 1.846724e+01 2.300000e+01 1.532032e+01
      endloop
   endfacet
   facet normal 0.000000e+00 1.000000e+00 -0.000000e+00
      outer loop
         vertex 2.928932e+00 2.300000e+01 2.928932e+00
         vertex 2.181685e+00 2.300000e+01 3.765102e+00
         vertex 5.954915e+00 2.300000e+01 7.061074e+00
      endloop
   endfacet
   facet normal 0.000000e+00 1.000000e+00 0.000000e+00
      outer loop
         vertex 5.954915e+00 2.300000e+01 7.061074e+00
         vertex 2.181685e+00 2.300000e+01 3.765102e+00
         vertex 1.532758e+00 2.300000e+01 4.679679e+00
      endloop
   endfacet
   facet normal 0.000000e+00 1.000000e+00 0.000000e+00
      outer loop
         vertex 5.954915e+00 2.300000e+01 7.061074e+00
         vertex 1.532758e+00 2.300000e+01 4.679679e+00
         vertex 5.544967e+00 2.300000e+01 7.730047e+00
      endloop
   endfacet
   facet normal 0.000000e+00 1.000000e+00 0.000000e+00
      outer loop
         vertex 5.544967e+00 2.300000e+01 7.730047e+00
         vertex 1.532758e+00 2.300000e+01 4.679679e+00
         vertex 9.903107e-01 2.300000e+01 5.661163e+00
      endloop
   endfacet
   facet normal 0.000000e+00 1.000000e+00 0.000000e+00
      outer loop
         vertex 5.544967e+00 2.300000e+01 7.730047e+00
         vertex 9.903107e-01 2.300000e+01 5.661163e+00
         vertex 5.244717e+00 2.300000e+01 8.454915e+00
      endloop
   endfacet
   facet normal 0.000000e+00 1.000000e+00 0.000000e+00
      outer loop
         vertex 5.244717e+00 2.300000e+01 8.454915e+00
         vertex 9.903107e-01 2.300000e+01 5.661163e+00
         vertex 5.611666e-01 2.300000e+01 6.697209e+00
      endloop
   endfacet
   facet normal 0.000000e+00 1.000000e+00 0.000000e+00
      outer loop
         vertex 5.244717e+00 2.300000e+01 8.454915e+00
         vertex 5.611666e-01 2.300000e+01 6.697209e+00
         vertex 2.507204e-01 2.300000e+01 7.774791e+00
      endloop
   endfacet
   facet normal 0.000000e+00 1.000000e+00 0.000000e+00
      outer loop
         vertex 1.900969e+01 2.300000e+01 1.433884e+01
         vertex 1.943883e+01 2.300000e+01 1.330279e+01
         vertex 1.475528e+01 2.300000e+01 1.154508e+01
      endloop
   endfacet
   facet normal 0.000000e+00 1.000000e+00 0.000000e+00
      outer loop
         vertex 1.475528e+01 2.300000e+01 1.154508e+01
         vertex 1.943883e+01 2.300000e+01 1.330279e+01
         vertex 1.974928e+01 2.300000e+01 1.222521e+01
      endloop
   endfacet
   facet normal -0.000000e+00 1.000000e+00 0.000000e+00
      outer loop
         vertex 1.475528e+01 2.300000e+01 1.154508e+01
         vertex 1.974928e+01 2.300000e+01 1.222521e+01
         vertex 1.493844e+01 2.300000e+01 1.078217e+01
      endloop
   endfacet
   facet normal 0.000000e+00 1.000000e+00 0.000000e+00
      outer loop
         vertex 1.493844e+01 2.300000e+01 1.078217e+01
         vertex 1.974928e+01 2.300000e+01 1.222521e+01
         vertex 1.993712e+01 2.300000e+01 1.111964e+01
      endloop
   endfacet
   facet normal -0.000000e+00 1.000000e+00 0.000000e+00
      outer loop
         vertex 1.493844e+01 2.300000e+01 1.078217e+01
         vertex 1.993712e+01 2.300000e+01 1.111964e+01
         vertex 1.500000e+01 2.300000e+01 1.000000e+01
      endloop
   endfacet
   facet normal -0.000000e+00 1.000000e+00 0.000000e+00
      outer loop
         vertex 1.500000e+01 2.300000e+01 1.000000e+01
         vertex 1.993712e+01 2.300000e+01 1.111964e+01
         vertex 2.000000e+01 2.300000e+01 1.000000e+01
      endloop
   endfacet
   facet normal 0.000000e+00 1.000000e+00 0.000000e+00
      outer loop
         vertex 1.500000e+01 2.300000e+01 1.000000e+01
         vertex 2.000000e+01 2.300000e+01 1.000000e+01
         vertex 1.493844e+01 2.300000e+01 9.217827e+00
      endloop
   endfacet
   facet normal -0.000000e+00 1.000000e+00 0.000000e+00
      outer loop
         vertex 1.493844e+01 2.300000e+01 9.217827e+00
         vertex 2.000000e+01 2.300000e+01 1.000000e+01
         vertex 1.993712e+01 2.300000e+01 8.880355e+00
      endloop
   endfacet
   facet normal 0.000000e+00 1.000000e+00 0.000000e+00
      outer loop
         vertex 1.493844e+01 2.300000e+01 9.217827e+00
         vertex 1.993712e+01 2.300000e+01 8.880355e+00
         vertex 1.974928e+01 2.300000e+01 7.774791e+00
      endloop
   endfacet
   facet normal 0.000000e+00 -1.000000e+00 -0.000000e+00
      outer loop
         vertex 8.454915e+00 3.000000e+00 5.244717e+00
         vertex 7.774791e+00 3.000000e+00 2.507204e-01
         vertex 9.217827e+00 3.000000e+00 5.061558e+00
      endloop
   endfacet
   facet normal 0.000000e+00 -1.000000e+00 0.000000e+00
      outer loop
         vertex 9.217827e+00 3.000000e+00 5.061558e+00
         vertex 7.774791e+00 3.000000e+00 2.507204e-01
         vertex 8.880355e+00 3.000000e+00 6.287731e-02
      endloop
   endfacet
   facet normal 0.000000e+00 -1.000000e+00 -0.000000e+00
      outer loop
         vertex 9.217827e+00 3.000000e+00 5.061558e+00
         vertex 8.880355e+00 3.000000e+00 6.287731e-02
         vertex 1.000000e+01 3.000000e+00 5.000000e+00
      endloop
   endfacet
   facet normal 0.000000e+00 -1.000000e+00 -0.000000e+00
      outer loop
         vertex 1.000000e+01 3.000000e+00 5.000000e+00
         vertex 8.880355e+00 3.000000e+00 6.287731e-02
         vertex 1.000000e+01 3.000000e+00 0.000000e+00
      endloop
   endfacet
   facet normal 0.000000e+00 -1.000000e+00 0.000000e+00
      outer loop
         vertex 1.000000e+01 3.000000e+00 5.000000e+00
         vertex 1.000000e+01 3.000000e+00 0.000000e+00
         vertex 1.078217e+01 3.000000e+00 5.061558e+00
      endloop
   endfacet
   facet normal 0.000000e+00 -1.000000e+00 0.000000e+00
      outer loop
         vertex 1.226995e+01 3.000000e+00 5.544967e+00
         vertex 1.532032e+01 3.000000e+00 1.532758e+00
         vertex 1.293893e+01 3.000000e+00 5.954915e+00
      endloop
   endfacet
   facet normal 0.000000e+00 -1.000000e+00 0.000000e+00
      outer loop
         vertex 1.293893e+01 3.000000e+00 5.954915e+00
         vertex 1.532032e+01 3.000000e+00 1.532758e+00
         vertex 1.623490e+01 3.000000e+00 2.181685e+00
      endloop
   endfacet
   facet normal 0.000000e+00 -1.000000e+00 0.000000e+00
      outer loop
         vertex 1.293893e+01 3.000000e+00 5.954915e+00
         vertex 1.623490e+01 3.000000e+00 2.181685e+00
         vertex 1.353553e+01 3.000000e+00 6.464466e+00
      endloop
   endfacet
   facet normal 0.000000e+00 -1.000000e+00 0.000000e+00
      outer loop
         vertex 1.353553e+01 3.000000e+00 6.464466e+00
         vertex 1.623490e+01 3.000000e+00 2.181685e+00
         vertex 1.707107e+01 3.000000e+00 2.928932e+00
      endloop
   endfacet
   facet normal 0.000000e+00 -1.000000e+00 0.000000e+00
      outer loop
         vertex 1.353553e+01 3.000000e+00 6.464466e+00
         vertex 1.707107e+01 3.000000e+00 2.928932e+00
         vertex 1.404508e+01 3.000000e+00 7.061074e+00
      endloop
   endfacet
   facet normal 0.000000e+00 -1.000000e+00 -0.000000e+00
      outer loop
         vertex 7.061074e+00 3.000000e+00 5.954915e+00
         vertex 4.679679e+00 3.000000e+00 1.532758e+00
         vertex 7.730047e+00 3.000000e+00 5.544967e+00
      endloop
   endfacet
   facet normal 0.000000e+00 -1.000000e+00 0.000000e+00
      outer loop
         vertex 7.730047e+00 3.000000e+00 5.544967e+00
         vertex 4.679679e+00 3.000000e+00 1.532758e+00
         vertex 5.661163e+00 3.000000e+00 9.903107e-01
      endloop
   endfacet
   facet normal 0.000000e+00 -1.000000e+00 -0.000000e+00
      outer loop
         vertex 7.730047e+00 3.000000e+00 5.544967e+00
         vertex 5.661163e+00 3.000000e+00 9.903107e-01
         vertex 8.454915e+00 3.000000e+00 5.244717e+00
      endloop
   endfacet
   facet normal 0.000000e+00 -1.000000e+00 0.000000e+00
      outer loop
         vertex 8.454915e+00 3.000000e+00 5.244717e+00
         vertex 5.661163e+00 3.000000e+00 9.903107e-01
         vertex 6.697209e+00 3.000000e+00 5.611666e-01
      endloop
   endfacet
   facet normal 0.000000e+00 -1.000000e+00 0.000000e+00
      outer loop
         vertex 8.454915e+00 3.000000e+00 5.244717e+00
         vertex 6.697209e+00 3.000000e+00 5.611666e-01
         vertex 7.774791e+00 3.000000e+00 2.507204e-01
      endloop
   endfacet
   facet normal 0.000000e+00 -1.000000e+00 0.000000e+00
      outer loop
         vertex 1.293893e+01 3.000000e+00 1.404508e+01
         vertex 1.532032e+01 3.000000e+00 1.846724e+01
         vertex 1.226995e+01 3.000000e+00 1.445503e+01
      endloop
   endfacet
   facet normal 0.000000e+00 -1.000000e+00 0.000000e+00
      outer loop
         vertex 1.226995e+01 3.000000e+00 1.445503e+01
         vertex 1.532032e+01 3.000000e+00 1.846724e+01
         vertex 1.433884e+01 3.000000e+00 1.900969e+01
      endloop
   endfacet
   facet normal 0.000000e+00 -1.000000e+00 0.000000e+00
      outer loop
         vertex 1.226995e+01 3.000000e+00 1.445503e+01
         vertex 1.433884e+01 3.000000e+00 1.900969e+01
         vertex 1.154508e+01 3.000000e+00 1.475528e+01
      endloop
   endfacet
   facet normal 0.000000e+00 -1.000000e+00 0.000000e+00
      outer loop
         vertex 1.445503e+01 3.000000e+00 1.226995e+01
         vertex 1.846724e+01 3.000000e+00 1.532032e+01
         vertex 1.404508e+01 3.000000e+00 1.293893e+01
      endloop
   endfacet
   facet normal 0.000000e+00 -1.000000e+00 0.000000e+00
      outer loop
         vertex 1.404508e+01 3.000000e+00 1.293893e+01
         vertex 1.846724e+01 3.000000e+00 1.532032e+01
         vertex 1.781831e+01 3.000000e+00 1.623490e+01
      endloop
   endfacet
   facet normal 0.000000e+00 -1.000000e+00 0.000000e+00
      outer loop
         vertex 1.404508e+01 3.000000e+00 1.293893e+01
         vertex 1.781831e+01 3.000000e+00 1.623490e+01
         vertex 1.353553e+01 3.000000e+00 1.353553e+01
      endloop
   endfacet
   facet normal 0.000000e+00 -1.000000e+00 0.000000e+00
      outer loop
         vertex 1.353553e+01 3.000000e+00 1.353553e+01
         vertex 1.781831e+01 3.000000e+00 1.623490e+01
         vertex 1.707107e+01 3.000000e+00 1.707107e+01
      endloop
   endfacet
   facet normal 0.000000e+00 -1.000000e+00 0.000000e+00
      outer loop
         vertex 1.353553e+01 3.000000e+00 1.353553e+01
         vertex 1.707107e+01 3.000000e+00 1.707107e+01
         vertex 1.293893e+01 3.000000e+00 1.404508e+01
      endloop
   endfacet
   facet normal 0.000000e+00 -1.000000e+00 0.000000e+00
      outer loop
         vertex 1.293893e+01 3.000000e+00 1.404508e+01
         vertex 1.707107e+01 3.000000e+00 1.707107e+01
         vertex 1.623490e+01 3.000000e+00 1.781831e+01
      endloop
   endfacet
   facet normal 0.000000e+00 -1.000000e+00 0.000000e+00
      outer loop
         vertex 1.293893e+01 3.000000e+00 1.404508e+01
         vertex 1.623490e+01 3.000000e+00 1.781831e+01
         vertex 1.532032e+01 3.000000e+00 1.846724e+01
      endloop
   endfacet
   facet normal 0.000000e+00 -1.000000e+00 0.000000e+00
      outer loop
         vertex 1.493844e+01 3.000000e+00 1.078217e+01
         vertex 1.974928e+01 3.000000e+00 1.222521e+01
         vertex 1.475528e+01 3.000000e+00 1.154508e+01
      endloop
   endfacet
   facet normal 0.000000e+00 -1.000000e+00 0.000000e+00
      outer loop
         vertex 1.475528e+01 3.000000e+00 1.154508e+01
         vertex 1.974928e+01 3.000000e+00 1.222521e+01
         vertex 1.943883e+01 3.000000e+00 1.330279e+01
      endloop
   endfacet
   facet normal 0.000000e+00 -1.000000e+00 0.000000e+00
      outer loop
         vertex 1.475528e+01 3.000000e+00 1.154508e+01
         vertex 1.943883e+01 3.000000e+00 1.330279e+01
         vertex 1.445503e+01 3.000000e+00 1.226995e+01
      endloop
   endfacet
   facet normal 0.000000e+00 -1.000000e+00 0.000000e+00
      outer loop
         vertex 1.445503e+01 3.000000e+00 1.226995e+01
         vertex 1.943883e+01 3.000000e+00 1.330279e+01
         vertex 1.900969e+01 3.000000e+00 1.433884e+01
      endloop
   endfacet
   facet normal 0.000000e+00 -1.000000e+00 0.000000e+00
      outer loop
         vertex 1.445503e+01 3.000000e+00 1.226995e+01
         vertex 1.900969e+01 3.000000e+00 1.433884e+01
         vertex 1.846724e+01 3.000000e+00 1.532032e+01
      endloop
   endfacet
   facet normal 0.000000e+00 -1.000000e+00 0.000000e+00
      outer loop
         vertex 1.475528e+01 3.000000e+00 8.454915e+00
         vertex 1.974928e+01 3.000000e+00 7.774791e+00
         vertex 1.493844e+01 3.000000e+00 9.217827e+00
      endloop
   endfacet
   facet normal 0.000000e+00 -1.000000e+00 0.000000e+00
      outer loop
         vertex 1.493844e+01 3.000000e+00 9.217827e+00
         vertex 1.974928e+01 3.000000e+00 7.774791e+00
         vertex 1.993712e+01 3.000000e+00 8.880355e+00
      endloop
   endfacet
   facet normal 0.000000e+00 -1.000000e+00 0.000000e+00
      outer loop
         vertex 1.493844e+01 3.000000e+00 9.217827e+00
         vertex 1.993712e+01 3.000000e+00 8.880355e+00
         vertex 1.500000e+01 3.000000e+00 1.000000e+01
      endloop
   endfacet
   facet normal 0.000000e+00 -1.000000e+00 0.000000e+00
      outer loop
         vertex 1.500000e+01 3.000000e+00 1.000000e+01
         vertex 1.993712e+01 3.000000e+00 8.880355e+00
         vertex 2.000000e+01 3.000000e+00 1.000000e+01
      endloop
   endfacet
   facet normal 0.000000e+00 -1.000000e+00 0.000000e+00
      outer loop
         vertex 1.500000e+01 3.000000e+00 1.000000e+01
         vertex 2.000000e+01 3.000000e+00 1.000000e+01
         vertex 1.493844e+01 3.000000e+00 1.078217e+01
      endloop
   endfacet
   facet normal 0.000000e+00 -1.000000e+00 0.000000e+00
      outer loop
         vertex 1.493844e+01 3.000000e+00 1.078217e+01
         vertex 2.000000e+01 3.000000e+00 1.000000e+01
         vertex 1.993712e+01 3.000000e+00 1.111964e+01
      endloop
   endfacet
   facet normal 0.000000e+00 -1.000000e+00 0.000000e+00
      outer loop
         vertex 1.493844e+01 3.000000e+00 1.078217e+01
         vertex 1.993712e+01 3.000000e+00 1.111964e+01
         vertex 1.974928e+01 3.000000e+00 1.222521e+01
      endloop
   endfacet
   facet normal 0.000000e+00 -1.000000e+00 0.000000e+00
      outer loop
         vertex 1.000000e+01 3.000000e+00 0.000000e+00
         vertex 1.111964e+01 3.000000e+00 6.287731e-02
         vertex 1.078217e+01 3.000000e+00 5.061558e+00
      endloop
   endfacet
   facet normal 0.000000e+00 -1.000000e+00 0.000000e+00
      outer loop
         vertex 1.078217e+01 3.000000e+00 5.061558e+00
         vertex 1.111964e+01 3.000000e+00 6.287731e-02
         vertex 1.222521e+01 3.000000e+00 2.507204e-01
      endloop
   endfacet
   facet normal 0.000000e+00 -1.000000e+00 0.000000e+00
      outer loop
         vertex 1.078217e+01 3.000000e+00 5.061558e+00
         vertex 1.222521e+01 3.000000e+00 2.507204e-01
         vertex 1.154508e+01 3.000000e+00 5.244717e+00
      endloop
   endfacet
   facet normal 0.000000e+00 -1.000000e+00 0.000000e+00
      outer loop
         vertex 1.154508e+01 3.000000e+00 5.244717e+00
         vertex 1.222521e+01 3.000000e+00 2.507204e-01
         vertex 1.330279e+01 3.000000e+00 5.611666e-01
      endloop
   endfacet
   facet normal 0.000000e+00 -1.000000e+00 0.000000e+00
      outer loop
         vertex 1.154508e+01 3.000000e+00 5.244717e+00
         vertex 1.330279e+01 3.000000e+00 5.611666e-01
         vertex 1.226995e+01 3.000000e+00 5.544967e+00
      endloop
   endfacet
   facet normal 0.000000e+00 -1.000000e+00 0.000000e+00
      outer loop
         vertex 1.226995e+01 3.000000e+00 5.544967e+00
         vertex 1.330279e+01 3.000000e+00 5.611666e-01
         vertex 1.433884e+01 3.000000e+00 9.903107e-01
      endloop
   endfacet
   facet normal 0.000000e+00 -1.000000e+00 0.000000e+00
      outer loop
         vertex 1.226995e+01 3.000000e+00 5.544967e+00
         vertex 1.433884e+01 3.000000e+00 9.903107e-01
         vertex 1.532032e+01 3.000000e+00 1.532758e+00
      endloop
   endfacet
   facet normal 0.000000e+00 -1.000000e+00 -0.000000e+00
      outer loop
         vertex 5.544967e+00 3.000000e+00 7.730047e+00
         vertex 1.532758e+00 3.000000e+00 4.679679e+00
         vertex 5.954915e+00 3.000000e+00 7.061074e+00
      endloop
   endfacet
   facet normal 0.000000e+00 -1.000000e+00 0.000000e+00
      outer loop
         vertex 5.954915e+00 3.000000e+00 7.061074e+00
         vertex 1.532758e+00 3.000000e+00 4.679679e+00
         vertex 2.181685e+00 3.000000e+00 3.765102e+00
      endloop
   endfacet
   facet normal 0.000000e+00 -1.000000e+00 -0.000000e+00
      outer loop
         vertex 5.954915e+00 3.000000e+00 7.061074e+00
         vertex 2.181685e+00 3.000000e+00 3.765102e+00
         vertex 6.464466e+00 3.000000e+00 6.464466e+00
      endloop
   endfacet
   facet normal 0.000000e+00 -1.000000e+00 0.000000e+00
      outer loop
         vertex 6.464466e+00 3.000000e+00 6.464466e+00
         vertex 2.181685e+00 3.000000e+00 3.765102e+00
         vertex 2.928932e+00 3.000000e+00 2.928932e+00
      endloop
   endfacet
   facet normal 0.000000e+00 -1.000000e+00 -0.000000e+00
      outer loop
         vertex 6.464466e+00 3.000000e+00 6.464466e+00
         vertex 2.928932e+00 3.000000e+00 2.928932e+00
         vertex 7.061074e+00 3.000000e+00 5.954915e+00
      endloop
   endfacet
   facet normal 0.000000e+00 -1.000000e+00 0.000000e+00
      outer loop
         vertex 7.061074e+00 3.000000e+00 5.954915e+00
         vertex 2.928932e+00 3.000000e+00 2.928932e+00
         vertex 3.765102e+00 3.000000e+00 2.181685e+00
      endloop
   endfacet
   facet normal 0.000000e+00 -1.000000e+00 0.000000e+00
      outer loop
         vertex 7.061074e+00 3.000000e+00 5.954915e+00
         vertex 3.765102e+00 3.000000e+00 2.181685e+00
         vertex 4.679679e+00 3.000000e+00 1.532758e+00
      endloop
   endfacet
   facet normal -0.000000e+00 -1.000000e+00 0.000000e+00
      outer loop
         vertex 5.244717e+00 3.000000e+00 1.154508e+01
         vertex 2.507204e-01 3.000000e+00 1.222521e+01
         vertex 5.061558e+00 3.000000e+00 1.078217e+01
      endloop
   endfacet
   facet normal 0.000000e+00 -1.000000e+00 0.000000e+00
      outer loop
         vertex 5.061558e+00 3.000000e+00 1.078217e+01
         vertex 2.507204e-01 3.000000e+00 1.222521e+01
         vertex 6.287731e-02 3.000000e+00 1.111964e+01
      endloop
   endfacet
   facet normal -0.000000e+00 -1.000000e+00 0.000000e+00
      outer loop
         vertex 5.061558e+00 3.000000e+00 1.078217e+01
         vertex 6.287731e-02 3.000000e+00 1.111964e+01
         vertex 5.000000e+00 3.000000e+00 1.000000e+01
      endloop
   endfacet
   facet normal 0.000000e+00 -1.000000e+00 0.000000e+00
      outer loop
         vertex 5.000000e+00 3.000000e+00 1.000000e+01
         vertex 6.287731e-02 3.000000e+00 1.111964e+01
         vertex 0.000000e+00 3.000000e+00 1.000000e+01
      endloop
   endfacet
   facet normal -0.000000e+00 -1.000000e+00 -0.000000e+00
      outer loop
         vertex 5.000000e+00 3.000000e+00 1.000000e+01
         vertex 0.000000e+00 3.000000e+00 1.000000e+01
         vertex 5.061558e+00 3.000000e+00 9.217827e+00
      endloop
   endfacet
   facet normal -0.000000e+00 -1.000000e+00 0.000000e+00
      outer loop
         vertex 5.954915e+00 3.000000e+00 1.293893e+01
         vertex 1.532758e+00 3.000000e+00 1.532032e+01
         vertex 5.544967e+00 3.000000e+00 1.226995e+01
      endloop
   endfacet
   facet normal 0.000000e+00 -1.000000e+00 0.000000e+00
      outer loop
         vertex 5.544967e+00 3.000000e+00 1.226995e+01
         vertex 1.532758e+00 3.000000e+00 1.532032e+01
         vertex 9.903107e-01 3.000000e+00 1.433884e+01
      endloop
   endfacet
   facet normal -0.000000e+00 -1.000000e+00 0.000000e+00
      outer loop
         vertex 5.544967e+00 3.000000e+00 1.226995e+01
         vertex 9.903107e-01 3.000000e+00 1.433884e+01
         vertex 5.244717e+00 3.000000e+00 1.154508e+01
      endloop
   endfacet
   facet normal 0.000000e+00 -1.000000e+00 0.000000e+00
      outer loop
         vertex 5.244717e+00 3.000000e+00 1.154508e+01
         vertex 9.903107e-01 3.000000e+00 1.433884e+01
         vertex 5.611666e-01 3.000000e+00 1.330279e+01
      endloop
   endfacet
   facet normal 0.000000e+00 -1.000000e+00 0.000000e+00
      outer loop
         vertex 5.244717e+00 3.000000e+00 1.154508e+01
         vertex 5.611666e-01 3.000000e+00 1.330279e+01
         vertex 2.507204e-01 3.000000e+00 1.222521e+01
      endloop
   endfacet
   facet normal -0.000000e+00 -1.000000e+00 0.000000e+00
      outer loop
         vertex 7.730047e+00 3.000000e+00 1.445503e+01
         vertex 4.679679e+00 3.000000e+00 1.846724e+01
         vertex 7.061074e+00 3.000000e+00 1.404508e+01
      endloop
   endfacet
   facet normal 0.000000e+00 -1.000000e+00 0.000000e+00
      outer loop
         vertex 7.061074e+00 3.000000e+00 1.404508e+01
         vertex 4.679679e+00 3.000000e+00 1.846724e+01
         vertex 3.765102e+00 3.000000e+00 1.781831e+01
      endloop
   endfacet
   facet normal -0.000000e+00 -1.000000e+00 0.000000e+00
      outer loop
         vertex 7.061074e+00 3.000000e+00 1.404508e+01
         vertex 3.765102e+00 3.000000e+00 1.781831e+01
         vertex 6.464466e+00 3.000000e+00 1.353553e+01
      endloop
   endfacet
   facet normal 0.000000e+00 -1.000000e+00 0.000000e+00
      outer loop
         vertex 6.464466e+00 3.000000e+00 1.353553e+01
         vertex 3.765102e+00 3.000000e+00 1.781831e+01
         vertex 2.928932e+00 3.000000e+00 1.707107e+01
      endloop
   endfacet
   facet normal -0.000000e+00 -1.000000e+00 0.000000e+00
      outer loop
         vertex 6.464466e+00 3.000000e+00 1.353553e+01
         vertex 2.928932e+00 3.000000e+00 1.707107e+01
         vertex 5.954915e+00 3.000000e+00 1.293893e+01
      endloop
   endfacet
   facet normal 0.000000e+00 -1.000000e+00 0.000000e+00
      outer loop
         vertex 5.954915e+00 3.000000e+00 1.293893e+01
         vertex 2.928932e+00 3.000000e+00 1.707107e+01
         vertex 2.181685e+00 3.000000e+00 1.623490e+01
      endloop
   endfacet
   facet normal 0.000000e+00 -1.000000e+00 0.000000e+00
      outer loop
         vertex 5.954915e+00 3.000000e+00 1.293893e+01
         vertex 2.181685e+00 3.000000e+00 1.623490e+01
         vertex 1.532758e+00 3.000000e+00 1.532032e+01
      endloop
   endfacet
   facet normal -0.000000e+00 -1.000000e+00 0.000000e+00
      outer loop
         vertex 1.433884e+01 3.000000e+00 1.900969e+01
         vertex 1.330279e+01 3.000000e+00 1.943883e+01
         vertex 1.154508e+01 3.000000e+00 1.475528e+01
      endloop
   endfacet
   facet normal 0.000000e+00 -1.000000e+00 0.000000e+00
      outer loop
         vertex 1.154508e+01 3.000000e+00 1.475528e+01
         vertex 1.330279e+01 3.000000e+00 1.943883e+01
         vertex 1.222521e+01 3.000000e+00 1.974928e+01
      endloop
   endfacet
   facet normal 0.000000e+00 -1.000000e+00 0.000000e+00
      outer loop
         vertex 1.154508e+01 3.000000e+00 1.475528e+01
         vertex 1.222521e+01 3.000000e+00 1.974928e+01
         vertex 1.078217e+01 3.000000e+00 1.493844e+01
      endloop
   endfacet
   facet normal 0.000000e+00 -1.000000e+00 0.000000e+00
      outer loop
         vertex 1.078217e+01 3.000000e+00 1.493844e+01
         vertex 1.222521e+01 3.000000e+00 1.974928e+01
         vertex 1.111964e+01 3.000000e+00 1.993712e+01
      endloop
   endfacet
   facet normal 0.000000e+00 -1.000000e+00 0.000000e+00
      outer loop
         vertex 1.078217e+01 3.000000e+00 1.493844e+01
         vertex 1.111964e+01 3.000000e+00 1.993712e+01
         vertex 1.000000e+01 3.000000e+00 1.500000e+01
      endloop
   endfacet
   facet normal 0.000000e+00 -1.000000e+00 0.000000e+00
      outer loop
         vertex 1.000000e+01 3.000000e+00 1.500000e+01
         vertex 1.111964e+01 3.000000e+00 1.993712e+01
         vertex 1.000000e+01 3.000000e+00 2.000000e+01
      endloop
   endfacet
   facet normal -0.000000e+00 -1.000000e+00 0.000000e+00
      outer loop
         vertex 1.000000e+01 3.000000e+00 1.500000e+01
         vertex 1.000000e+01 3.000000e+00 2.000000e+01
         vertex 9.217827e+00 3.000000e+00 1.493844e+01
      endloop
   endfacet
   facet normal 0.000000e+00 -1.000000e+00 0.000000e+00
      outer loop
         vertex 0.000000e+00 3.000000e+00 1.000000e+01
         vertex 6.287731e-02 3.000000e+00 8.880355e+00
         vertex 5.061558e+00 3.000000e+00 9.217827e+00
      endloop
   endfacet
   facet normal 0.000000e+00 -1.000000e+00 0.000000e+00
      outer loop
         vertex 5.061558e+00 3.000000e+00 9.217827e+00
         vertex 6.287731e-02 3.000000e+00 8.880355e+00
         vertex 2.507204e-01 3.000000e+00 7.774791e+00
      endloop
   endfacet
   facet normal 0.000000e+00 -1.000000e+00 -0.000000e+00
      outer loop
         vertex 5.061558e+00 3.000000e+00 9.217827e+00
         vertex 2.507204e-01 3.000000e+00 7.774791e+00
         vertex 5.244717e+00 3.000000e+00 8.454915e+00
      endloop
   endfacet
   facet normal 0.000000e+00 -1.000000e+00 0.000000e+00
      outer loop
         vertex 5.244717e+00 3.000000e+00 8.454915e+00
         vertex 2.507204e-01 3.000000e+00 7.774791e+00
         vertex 5.611666e-01 3.000000e+00 6.697209e+00
      endloop
   endfacet
   facet normal 0.000000e+00 -1.000000e+00 -0.000000e+00
      outer loop
         vertex 5.244717e+00 3.000000e+00 8.454915e+00
         vertex 5.611666e-01 3.000000e+00 6.697209e+00
         vertex 5.544967e+00 3.000000e+00 7.730047e+00
      endloop
   endfacet
   facet normal 0.000000e+00 -1.000000e+00 0.000000e+00
      outer loop
         vertex 5.544967e+00 3.000000e+00 7.730047e+00
         vertex 5.611666e-01 3.000000e+00 6.697209e+00
         vertex 9.903107e-01 3.000000e+00 5.661163e+00
      endloop
   endfacet
   facet normal 0.000000e+00 -1.000000e+00 0.000000e+00
      outer loop
         vertex 5.544967e+00 3.000000e+00 7.730047e+00
         vertex 9.903107e-01 3.000000e+00 5.661163e+00
         vertex 1.532758e+00 3.000000e+00 4.679679e+00
      endloop
   endfacet
   facet normal 0.000000e+00 -1.000000e+00 0.000000e+00
      outer loop
         vertex 1.000000e+01 3.000000e+00 2.000000e+01
         vertex 8.880355e+00 3.000000e+00 1.993712e+01
         vertex 9.217827e+00 3.000000e+00 1.493844e+01
      endloop
   endfacet
   facet normal 0.000000e+00 -1.000000e+00 0.000000e+00
      outer loop
         vertex 9.217827e+00 3.000000e+00 1.493844e+01
         vertex 8.880355e+00 3.000000e+00 1.993712e+01
         vertex 7.774791e+00 3.000000e+00 1.974928e+01
      endloop
   endfacet
   facet normal -0.000000e+00 -1.000000e+00 0.000000e+00
      outer loop
         vertex 9.217827e+00 3.000000e+00 1.493844e+01
         vertex 7.774791e+00 3.000000e+00 1.974928e+01
         vertex 8.454915e+00 3.000000e+00 1.475528e+01
      endloop
   endfacet
   facet normal 0.000000e+00 -1.000000e+00 0.000000e+00
      outer loop
         vertex 8.454915e+00 3.000000e+00 1.475528e+01
         vertex 7.774791e+00 3.000000e+00 1.974928e+01
         vertex 6.697209e+00 3.000000e+00 1.943883e+01
      endloop
   endfacet
   facet normal -0.000000e+00 -1.000000e+00 0.000000e+00
      outer loop
         vertex 8.454915e+00 3.000000e+00 1.475528e+01
         vertex 6.697209e+00 3.000000e+00 1.943883e+01
         vertex 7.730047e+00 3.000000e+00 1.445503e+01
      endloop
   endfacet
   facet normal 0.000000e+00 -1.000000e+00 0.000000e+00
      outer loop
         vertex 7.730047e+00 3.000000e+00 1.445503e+01
         vertex 6.697209e+00 3.000000e+00 1.943883e+01
         vertex 5.661163e+00 3.000000e+00 1.900969e+01
      endloop
   endfacet
   facet normal 0.000000e+00 -1.000000e+00 0.000000e+00
      outer loop
         vertex 7.730047e+00 3.000000e+00 1.445503e+01
         vertex 5.661163e+00 3.000000e+00 1.900969e+01
         vertex 4.679679e+00 3.000000e+00 1.846724e+01
      endloop
   endfacet
   facet normal 0.000000e+00 -1.000000e+00 0.000000e+00
      outer loop
         vertex 1.707107e+01 3.000000e+00 2.928932e+00
         vertex 1.781831e+01 3.000000e+00 3.765102e+00
         vertex 1.404508e+01 3.000000e+00 7.061074e+00
      endloop
   endfacet
   facet normal 0.000000e+00 -1.000000e+00 0.000000e+00
      outer loop
         vertex 1.404508e+01 3.000000e+00 7.061074e+00
         vertex 1.781831e+01 3.000000e+00 3.765102e+00
         vertex 1.846724e+01 3.000000e+00 4.679679e+00
      endloop
   endfacet
   facet normal 0.000000e+00 -1.000000e+00 0.000000e+00
      outer loop
         vertex 1.404508e+01 3.000000e+00 7.061074e+00
         vertex 1.846724e+01 3.000000e+00 4.679679e+00
         vertex 1.445503e+01 3.000000e+00 7.730047e+00
      endloop
   endfacet
   facet normal 0.000000e+00 -1.000000e+00 0.000000e+00
      outer loop
         vertex 1.445503e+01 3.000000e+00 7.730047e+00
         vertex 1.846724e+01 3.000000e+00 4.679679e+00
         vertex 1.900969e+01 3.000000e+00 5.661163e+00
      endloop
   endfacet
   facet normal 0.000000e+00 -1.000000e+00 0.000000e+00
      outer loop
         vertex 1.445503e+01 3.000000e+00 7.730047e+00
         vertex 1.900969e+01 3.000000e+00 5.661163e+00
         vertex 1.475528e+01 3.000000e+00 8.454915e+00
      endloop
   endfacet
   facet normal 0.000000e+00 -1.000000e+00 0.000000e+00
      outer loop
         vertex 1.475528e+01 3.000000e+00 8.454915e+00
         vertex 1.900969e+01 3.000000e+00 5.661163e+00
         vertex 1.943883e+01 3.000000e+00 6.697209e+00
      endloop
   endfacet
   facet normal 0.000000e+00 -1.000000e+00 0.000000e+00
      outer loop
         vertex 1.475528e+01 3.000000e+00 8.454915e+00
         vertex 1.943883e+01 3.000000e+00 6.697209e+00
         vertex 1.974928e+01 3.000000e+00 7.774791e+00
      endloop
   endfacet
   facet normal 5.606993e-02 0.000000e+00 -9.984268e-01
      outer loop
         vertex 1.000000e+01 3.000000e+00 0.000000e+00
         vertex 1.111964e+01 2.300000e+01 6.287731e-02
         vertex 1.111964e+01 3.000000e+00 6.287731e-02
      endloop
   endfacet
   facet normal 1.675063e-01 0.000000e+00 -9.858710e-01
      outer loop
         vertex 1.111964e+01 3.000000e+00 6.287731e-02
         vertex 1.111964e+01 2.300000e+01 6.287731e-02
         vertex 1.222521e+01 2.300000e+01 2.507204e-01
      endloop
   endfacet
   facet normal 1.675063e-01 0.000000e+00 -9.858710e-01
      outer loop
         vertex 1.111964e+01 3.000000e+00 6.287731e-02
         vertex 1.222521e+01 2.300000e+01 2.507204e-01
         vertex 1.222521e+01 3.000000e+00 2.507204e-01
      endloop
   endfacet
   facet normal 2.768357e-01 0.000000e+00 -9.609173e-01
      outer loop
         vertex 1.222521e+01 3.000000e+00 2.507204e-01
         vertex 1.222521e+01 2.300000e+01 2.507204e-01
         vertex 1.330279e+01 2.300000e+01 5.611666e-01
      endloop
   endfacet
   facet normal 2.768357e-01 0.000000e+00 -9.609173e-01
      outer loop
         vertex 1.222521e+01 3.000000e+00 2.507204e-01
         vertex 1.330279e+01 2.300000e+01 5.611666e-01
         vertex 1.330279e+01 3.000000e+00 5.611666e-01
      endloop
   endfacet
   facet normal 3.826831e-01 0.000000e+00 -9.238797e-01
      outer loop
         vertex 1.330279e+01 3.000000e+00 5.611666e-01
         vertex 1.330279e+01 2.300000e+01 5.611666e-01
         vertex 1.433884e+01 2.300000e+01 9.903107e-01
      endloop
   endfacet
   facet normal 3.826831e-01 0.000000e+00 -9.238797e-01
      outer loop
         vertex 1.330279e+01 3.000000e+00 5.611666e-01
         vertex 1.433884e+01 2.300000e+01 9.903107e-01
         vertex 1.433884e+01 3.000000e+00 9.903107e-01
      endloop
   endfacet
   facet normal 4.837190e-01 0.000000e+00 -8.752234e-01
      outer loop
         vertex 1.433884e+01 3.000000e+00 9.903107e-01
         vertex 1.433884e+01 2.300000e+01 9.903107e-01
         vertex 1.532032e+01 2.300000e+01 1.532758e+00
      endloop
   endfacet
   facet normal 4.837190e-01 0.000000e+00 -8.752234e-01
      outer loop
         vertex 1.433884e+01 3.000000e+00 9.903107e-01
         vertex 1.532032e+01 2.300000e+01 1.532758e+00
         vertex 1.532032e+01 3.000000e+00 1.532758e+00
      endloop
   endfacet
   facet normal 5.786711e-01 0.000000e+00 -8.155610e-01
      outer loop
         vertex 1.532032e+01 3.000000e+00 1.532758e+00
         vertex 1.532032e+01 2.300000e+01 1.532758e+00
         vertex 1.623490e+01 2.300000e+01 2.181685e+00
      endloop
   endfacet
   facet normal 5.786711e-01 0.000000e+00 -8.155610e-01
      outer loop
         vertex 1.532032e+01 3.000000e+00 1.532758e+00
         vertex 1.623490e+01 2.300000e+01 2.181685e+00
         vertex 1.623490e+01 3.000000e+00 2.181685e+00
      endloop
   endfacet
   facet normal 6.663471e-01 0.000000e+00 -7.456417e-01
      outer loop
         vertex 1.623490e+01 3.000000e+00 2.181685e+00
         vertex 1.623490e+01 2.300000e+01 2.181685e+00
         vertex 1.707107e+01 2.300000e+01 2.928932e+00
      endloop
   endfacet
   facet normal 6.663471e-01 0.000000e+00 -7.456417e-01
      outer loop
         vertex 1.623490e+01 3.000000e+00 2.181685e+00
         vertex 1.707107e+01 2.300000e+01 2.928932e+00
         vertex 1.707107e+01 3.000000e+00 2.928932e+00
      endloop
   endfacet
   facet normal 7.456417e-01 0.000000e+00 -6.663471e-01
      outer loop
         vertex 1.707107e+01 3.000000e+00 2.928932e+00
         vertex 1.707107e+01 2.300000e+01 2.928932e+00
         vertex 1.781831e+01 2.300000e+01 3.765102e+00
      endloop
   endfacet
   facet normal 7.456417e-01 0.000000e+00 -6.663471e-01
      outer loop
         vertex 1.707107e+01 3.000000e+00 2.928932e+00
         vertex 1.781831e+01 2.300000e+01 3.765102e+00
         vertex 1.781831e+01 3.000000e+00 3.765102e+00
      endloop
   endfacet
   facet normal 8.155610e-01 0.000000e+00 -5.786711e-01
      outer loop
         vertex 1.781831e+01 3.000000e+00 3.765102e+00
         vertex 1.781831e+01 2.300000e+01 3.765102e+00
         vertex 1.846724e+01 2.300000e+01 4.679679e+00
      endloop
   endfacet
   facet normal 8.155610e-01 0.000000e+00 -5.786711e-01
      outer loop
         vertex 1.781831e+01 3.000000e+00 3.765102e+00
         vertex 1.846724e+01 2.300000e+01 4.679679e+00
         vertex 1.846724e+01 3.000000e+00 4.679679e+00
      endloop
   endfacet
   facet normal 8.752234e-01 0.000000e+00 -4.837190e-01
      outer loop
         vertex 1.846724e+01 3.000000e+00 4.679679e+00
         vertex 1.846724e+01 2.300000e+01 4.679679e+00
         vertex 1.900969e+01 2.300000e+01 5.661163e+00
      endloop
   endfacet
   facet normal 8.752234e-01 0.000000e+00 -4.837190e-01
      outer loop
         vertex 1.846724e+01 3.000000e+00 4.679679e+00
         vertex 1.900969e+01 2.300000e+01 5.661163e+00
         vertex 1.900969e+01 3.000000e+00 5.661163e+00
      endloop
   endfacet
   facet normal 9.238797e-01 0.000000e+00 -3.826831e-01
      outer loop
         vertex 1.900969e+01 3.000000e+00 5.661163e+00
         vertex 1.900969e+01 2.300000e+01 5.661163e+00
         vertex 1.943883e+01 2.300000e+01 6.697209e+00
      endloop
   endfacet
   facet normal 9.238797e-01 0.000000e+00 -3.826831e-01
      outer loop
         vertex 1.900969e+01 3.000000e+00 5.661163e+00
         vertex 1.943883e+01 2.300000e+01 6.697209e+00
         vertex 1.943883e+01 3.000000e+00 6.697209e+00
      endloop
   endfacet
   facet normal 9.609173e-01 0.000000e+00 -2.768357e-01
      outer loop
         vertex 1.943883e+01 3.000000e+00 6.697209e+00
         vertex 1.943883e+01 2.300000e+01 6.697209e+00
         vertex 1.974928e+01 2.300000e+01 7.774791e+00
      endloop
   endfacet
   facet normal 9.609173e-01 0.000000e+00 -2.768357e-01
      outer loop
         vertex 1.943883e+01 3.000000e+00 6.697209e+00
         vertex 1.974928e+01 2.300000e+01 7.774791e+00
         vertex 1.974928e+01 3.000000e+00 7.774791e+00
      endloop
   endfacet
   facet normal 9.858710e-01 0.000000e+00 -1.675063e-01
      outer loop
         vertex 1.974928e+01 3.000000e+00 7.774791e+00
         vertex 1.974928e+01 2.300000e+01 7.774791e+00
         vertex 1.993712e+01 2.300000e+01 8.880355e+00
      endloop
   endfacet
   facet normal 9.858710e-01 0.000000e+00 -1.675063e-01
      outer loop
         vertex 1.974928e+01 3.000000e+00 7.774791e+00
         vertex 1.993712e+01 2.300000e+01 8.880355e+00
         vertex 1.993712e+01 3.000000e+00 8.880355e+00
      endloop
   endfacet
   facet normal 9.984268e-01 0.000000e+00 -5.606993e-02
      outer loop
         vertex 1.993712e+01 3.000000e+00 8.880355e+00
         vertex 1.993712e+01 2.300000e+01 8.880355e+00
         vertex 2.000000e+01 2.300000e+01 1.000000e+01
      endloop
   endfacet
   facet normal 9.984268e-01 0.000000e+00 -5.606993e-02
      outer loop
         vertex 1.993712e+01 3.000000e+00 8.880355e+00
         vertex 2.000000e+01 2.300000e+01 1.000000e+01
         vertex 2.000000e+01 3.000000e+00 1.000000e+01
      endloop
   endfacet
   facet normal 9.984268e-01 -0.000000e+00 5.606993e-02
      outer loop
         vertex 2.000000e+01 3.000000e+00 1.000000e+01
         vertex 2.000000e+01 2.300000e+01 1.000000e+01
         vertex 1.993712e+01 2.300000e+01 1.111964e+01
      endloop
   endfacet
   facet normal 9.984268e-01 0.000000e+00 5.606993e-02
      outer loop
         vertex 2.000000e+01 3.000000e+00 1.000000e+01
         vertex 1.993712e+01 2.300000e+01 1.111964e+01
         vertex 1.993712e+01 3.000000e+00 1.111964e+01
      endloop
   endfacet
   facet normal 9.858710e-01 -0.000000e+00 1.675063e-01
      outer loop
         vertex 1.993712e+01 3.000000e+00 1.111964e+01
         vertex 1.993712e+01 2.300000e+01 1.111964e+01
         vertex 1.974928e+01 2.300000e+01 1.222521e+01
      endloop
   endfacet
   facet normal 9.858710e-01 0.000000e+00 1.675063e-01
      outer loop
         vertex 1.993712e+01 3.000000e+00 1.111964e+01
         vertex 1.974928e+01 2.300000e+01 1.222521e+01
         vertex 1.974928e+01 3.000000e+00 1.222521e+01
      endloop
   endfacet
   facet normal 9.609173e-01 -0.000000e+00 2.768357e-01
      outer loop
         vertex 1.974928e+01 3.000000e+00 1.222521e+01
         vertex 1.974928e+01 2.300000e+01 1.222521e+01
         vertex 1.943883e+01 2.300000e+01 1.330279e+01
      endloop
   endfacet
   facet normal 9.609173e-01 0.000000e+00 2.768357e-01
      outer loop
         vertex 1.974928e+01 3.000000e+00 1.222521e+01
         vertex 1.943883e+01 2.300000e+01 1.330279e+01
         vertex 1.943883e+01 3.000000e+00 1.330279e+01
      endloop
   endfacet
   facet normal 9.238797e-01 -0.000000e+00 3.826831e-01
      outer loop
         vertex 1.943883e+01 3.000000e+00 1.330279e+01
         vertex 1.943883e+01 2.300000e+01 1.330279e+01
         vertex 1.900969e+01 2.300000e+01 1.433884e+01
      endloop
   endfacet
   facet normal 9.238797e-01 0.000000e+00 3.826831e-01
      outer loop
         vertex 1.943883e+01 3.000000e+00 1.330279e+01
         vertex 1.900969e+01 2.300000e+01 1.433884e+01
         vertex 1.900969e+01 3.000000e+00 1.433884e+01
      endloop
   endfacet
   facet normal 8.752234e-01 -0.000000e+00 4.837190e-01
      outer loop
         vertex 1.900969e+01 3.000000e+00 1.433884e+01
         vertex 1.900969e+01 2.300000e+01 1.433884e+01
         vertex 1.846724e+01 2.300000e+01 1.532032e+01
      endloop
   endfacet
   facet normal 8.752234e-01 0.000000e+00 4.837190e-01
      outer loop
         vertex 1.900969e+01 3.000000e+00 1.433884e+01
         vertex 1.846724e+01 2.300000e+01 1.532032e+01
         vertex 1.846724e+01 3.000000e+00 1.532032e+01
      endloop
   endfacet
   facet normal 8.155610e-01 -0.000000e+00 5.786711e-01
      outer loop
         vertex 1.846724e+01 3.000000e+00 1.532032e+01
         vertex 1.846724e+01 2.300000e+01 1.532032e+01
         vertex 1.781831e+01 2.300000e+01 1.623490e+01
      endloop
   endfacet
   facet normal 8.155610e-01 0.000000e+00 5.786711e-01
      outer loop
         vertex 1.846724e+01 3.000000e+00 1.532032e+01
         vertex 1.781831e+01 2.300000e+01 1.623490e+01
         vertex 1.781831e+01 3.000000e+00 1.623490e+01
      endloop
   endfacet
   facet normal 7.456417e-01 -0.000000e+00 6.663471e-01
      outer loop
         vertex 1.781831e+01 3.000000e+00 1.623490e+01
         vertex 1.781831e+01 2.300000e+01 1.623490e+01
         vertex 1.707107e+01 2.300000e+01 1.707107e+01
      endloop
   endfacet
   facet normal 7.456417e-01 0.000000e+00 6.663471e-01
      outer loop
         vertex 1.781831e+01 3.000000e+00 1.623490e+01
         vertex 1.707107e+01 2.300000e+01 1.707107e+01
         vertex 1.707107e+01 3.000000e+00 1.707107e+01
      endloop
   endfacet
   facet normal 6.663471e-01 -0.000000e+00 7.456417e-01
      outer loop
         vertex 1.707107e+01 3.000000e+00 1.707107e+01
         vertex 1.707107e+01 2.300000e+01 1.707107e+01
         vertex 1.623490e+01 2.300000e+01 1.781831e+01
      endloop
   endfacet
   facet normal 6.663471e-01 0.000000e+00 7.456417e-01
      outer loop
         vertex 1.707107e+01 3.000000e+00 1.707107e+01
         vertex 1.623490e+01 2.300000e+01 1.781831e+01
         vertex 1.623490e+01 3.000000e+00 1.781831e+01
      endloop
   endfacet
   facet normal 5.786711e-01 -0.000000e+00 8.155610e-01
      outer loop
         vertex 1.623490e+01 3.000000e+00 1.781831e+01
         vertex 1.623490e+01 2.300000e+01 1.781831e+01
         vertex 1.532032e+01 2.300000e+01 1.846724e+01
      endloop
   endfacet
   facet normal 5.786711e-01 0.000000e+00 8.155610e-01
      outer loop
         vertex 1.623490e+01 3.000000e+00 1.781831e+01
         vertex 1.532032e+01 2.300000e+01 1.846724e+01
         vertex 1.532032e+01 3.000000e+00 1.846724e+01
      endloop
   endfacet
   facet normal 4.837190e-01 -0.000000e+00 8.752234e-01
      outer loop
         vertex 1.532032e+01 3.000000e+00 1.846724e+01
         vertex 1.532032e+01 2.300000e+01 1.846724e+01
         vertex 1.433884e+01 2.300000e+01 1.900969e+01
      endloop
   endfacet
   facet normal 4.837190e-01 0.000000e+00 8.752234e-01
      outer loop
         vertex 1.532032e+01 3.000000e+00 1.846724e+01
         vertex 1.433884e+01 2.300000e+01 1.900969e+01
         vertex 1.433884e+01 3.000000e+00 1.900969e+01
      endloop
   endfacet
   facet normal 3.826831e-01 -0.000000e+00 9.238797e-01
      outer loop
         vertex 1.433884e+01 3.000000e+00 1.900969e+01
         vertex 1.433884e+01 2.300000e+01 1.900969e+01
         vertex 1.330279e+01 2.300000e+01 1.943883e+01
      endloop
   endfacet
   facet normal 3.826831e-01 0.000000e+00 9.238797e-01
      outer loop
         vertex 1.433884e+01 3.000000e+00 1.900969e+01
         vertex 1.330279e+01 2.300000e+01 1.943883e+01
         vertex 1.330279e+01 3.000000e+00 1.943883e+01
      endloop
   endfacet
   facet normal 2.768357e-01 -0.000000e+00 9.609173e-01
      outer loop
         vertex 1.330279e+01 3.000000e+00 1.943883e+01
         vertex 1.330279e+01 2.300000e+01 1.943883e+01
         vertex 1.222521e+01 2.300000e+01 1.974928e+01
      endloop
   endfacet
   facet normal 2.768357e-01 0.000000e+00 9.609173e-01
      outer loop
         vertex 1.330279e+01 3.000000e+00 1.943883e+01
         vertex 1.222521e+01 2.300000e+01 1.974928e+01
         vertex 1.222521e+01 3.000000e+00 1.974928e+01
      endloop
   endfacet
   facet normal 1.675063e-01 -0.000000e+00 9.858710e-01
      outer loop
         vertex 1.222521e+01 3.000000e+00 1.974928e+01
         vertex 1.222521e+01 2.300000e+01 1.974928e+01
         vertex 1.111964e+01 2.300000e+01 1.993712e+01
      endloop
   endfacet
   facet normal 1.675063e-01 0.000000e+00 9.858710e-01
      outer loop
         vertex 1.222521e+01 3.000000e+00 1.974928e+01
         vertex 1.111964e+01 2.300000e+01 1.993712e+01
         vertex 1.111964e+01 3.000000e+00 1.993712e+01
      endloop
   endfacet
   facet normal 5.606993e-02 -0.000000e+00 9.984268e-01
      outer loop
         vertex 1.111964e+01 3.000000e+00 1.993712e+01
         vertex 1.111964e+01 2.300000e+01 1.993712e+01
         vertex 1.000000e+01 2.300000e+01 2.000000e+01
      endloop
   endfacet
   facet normal 5.606993e-02 0.000000e+00 9.984268e-01
      outer loop
         vertex 1.111964e+01 3.000000e+00 1.993712e+01
         vertex 1.000000e+01 2.300000e+01 2.000000e+01
         vertex 1.000000e+01 3.000000e+00 2.000000e+01
      endloop
   endfacet
   facet normal -5.606993e-02 0.000000e+00 9.984268e-01
      outer loop
         vertex 1.000000e+01 3.000000e+00 2.000000e+01
         vertex 1.000000e+01 2.300000e+01 2.000000e+01
         vertex 8.880355e+00 2.300000e+01 1.993712e+01
      endloop
   endfacet
   facet normal -5.606993e-02 0.000000e+00 9.984268e-01
      outer loop
         vertex 1.000000e+01 3.000000e+00 2.000000e+01
         vertex 8.880355e+00 2.300000e+01 1.993712e+01
         vertex 8.880355e+00 3.000000e+00 1.993712e+01
      endloop
   endfacet
   facet normal -1.675063e-01 0.000000e+00 9.858710e-01
      outer loop
         vertex 8.880355e+00 3.000000e+00 1.993712e+01
         vertex 8.880355e+00 2.300000e+01 1.993712e+01
         vertex 7.774791e+00 2.300000e+01 1.974928e+01
      endloop
   endfacet
   facet normal -1.675063e-01 0.000000e+00 9.858710e-01
      outer loop
         vertex 8.880355e+00 3.000000e+00 1.993712e+01
         vertex 7.774791e+00 2.300000e+01 1.974928e+01
         vertex 7.774791e+00 3.000000e+00 1.974928e+01
      endloop
   endfacet
   facet normal -2.768357e-01 0.000000e+00 9.609173e-01
      outer loop
         vertex 7.774791e+00 3.000000e+00 1.974928e+01
         vertex 7.774791e+00 2.300000e+01 1.974928e+01
         vertex 6.697209e+00 2.300000e+01 1.943883e+01
      endloop
   endfacet
   facet normal -2.768357e-01 0.000000e+00 9.609173e-01
      outer loop
         vertex 7.774791e+00 3.000000e+00 1.974928e+01
         vertex 6.697209e+00 2.300000e+01 1.943883e+01
         vertex 6.697209e+00 3.000000e+00 1.943883e+01
      endloop
   endfacet
   facet normal -3.826831e-01 0.000000e+00 9.238797e-01
      outer loop
         vertex 6.697209e+00 3.000000e+00 1.943883e+01
         vertex 6.697209e+00 2.300000e+01 1.943883e+01
         vertex 5.661163e+00 2.300000e+01 1.900969e+01
      endloop
   endfacet
   facet normal -3.826831e-01 0.000000e+00 9.238797e-01
      outer loop
         vertex 6.697209e+00 3.000000e+00 1.943883e+01
         vertex 5.661163e+00 2.300000e+01 1.900969e+01
         vertex 5.661163e+00 3.000000e+00 1.900969e+01
      endloop
   endfacet
   facet normal -4.837190e-01 0.000000e+00 8.752234e-01
      outer loop
         vertex 5.661163e+00 3.000000e+00 1.900969e+01
         vertex 5.661163e+00 2.300000e+01 1.900969e+01
         vertex 4.679679e+00 2.300000e+01 1.846724e+01
      endloop
   endfacet
   facet normal -4.837190e-01 0.000000e+00 8.752234e-01
      outer loop
         vertex 5.661163e+00 3.000000e+00 1.900969e+01
         vertex 4.679679e+00 2.300000e+01 1.846724e+01
         vertex 4.679679e+00 3.000000e+00 1.846724e+01
      endloop
   endfacet
   facet normal -5.786711e-01 0.000000e+00 8.155610e-01
      outer loop
         vertex 4.679679e+00 3.000000e+00 1.846724e+01
         vertex 4.679679e+00 2.300000e+01 1.846724e+01
         vertex 3.765102e+00 2.300000e+01 1.781831e+01
      endloop
   endfacet
   facet normal -5.786711e-01 0.000000e+00 8.155610e-01
      outer loop
         vertex 4.679679e+00 3.000000e+00 1.846724e+01
         vertex 3.765102e+00 2.300000e+01 1.781831e+01
         vertex 3.765102e+00 3.000000e+00 1.781831e+01
      endloop
   endfacet
   facet normal -6.663471e-01 0.000000e+00 7.456417e-01
      outer loop
         vertex 3.765102e+00 3.000000e+00 1.781831e+01
         vertex 3.765102e+00 2.300000e+01 1.781831e+01
         vertex 2.928932e+00 2.300000e+01 1.707107e+01
      endloop
   endfacet
   facet normal -6.663471e-01 0.000000e+00 7.456417e-01
      outer loop
         vertex 3.765102e+00 3.000000e+00 1.781831e+01
         vertex 2.928932e+00 2.300000e+01 1.707107e+01
         vertex 2.928932e+00 3.000000e+00 1.707107e+01
      endloop
   endfacet
   facet normal -7.456417e-01 0.000000e+00 6.663471e-01
      outer loop
         vertex 2.928932e+00 3.000000e+00 1.707107e+01
         vertex 2.928932e+00 2.300000e+01 1.707107e+01
         vertex 2.181685e+00 2.300000e+01 1.623490e+01
      endloop
   endfacet
   facet normal -7.456417e-01 0.000000e+00 6.663471e-01
      outer loop
         vertex 2.928932e+00 3.000000e+00 1.707107e+01
         vertex 2.181685e+00 2.300000e+01 1.623490e+01
         vertex 2.181685e+00 3.000000e+00 1.623490e+01
      endloop
   endfacet
   facet normal -8.155610e-01 0.000000e+00 5.786711e-01
      outer loop
         vertex 2.181685e+00 3.000000e+00 1.623490e+01
         vertex 2.181685e+00 2.300000e+01 1.623490e+01
         vertex 1.532758e+00 2.300000e+01 1.532032e+01
      endloop
   endfacet
   facet normal -8.155610e-01 0.000000e+00 5.786711e-01
      outer loop
         vertex 2.181685e+00 3.000000e+00 1.623490e+01
         vertex 1.532758e+00 2.300000e+01 1.532032e+01
         vertex 1.532758e+00 3.000000e+00 1.532032e+01
      endloop
   endfacet
   facet normal -8.752234e-01 0.000000e+00 4.837190e-01
      outer loop
         vertex 1.532758e+00 3.000000e+00 1.532032e+01
         vertex 1.532758e+00 2.300000e+01 1.532032e+01
         vertex 9.903107e-01 2.300000e+01 1.433884e+01
      endloop
   endfacet
   facet normal -8.752234e-01 0.000000e+00 4.837190e-01
      outer loop
         vertex 1.532758e+00 3.000000e+00 1.532032e+01
         vertex 9.903107e-01 2.300000e+01 1.433884e+01
         vertex 9.903107e-01 3.000000e+00 1.433884e+01
      endloop
   endfacet
   facet normal -9.238797e-01 0.000000e+00 3.826831e-01
      outer loop
         vertex 9.903107e-01 3.000000e+00 1.433884e+01
         vertex 9.903107e-01 2.300000e+01 1.433884e+01
         vertex 5.611666e-01 2.300000e+01 1.330279e+01
      endloop
   endfacet
   facet normal -9.238797e-01 0.000000e+00 3.826831e-01
      outer loop
         vertex 9.903107e-01 3.000000e+00 1.433884e+01
         vertex 5.611666e-01 2.300000e+01 1.330279e+01
         vertex 5.611666e-01 3.000000e+00 1.330279e+01
      endloop
   endfacet
   facet normal -9.609173e-01 0.000000e+00 2.768357e-01
      outer loop
         vertex 5.611666e-01 3.000000e+00 1.330279e+01
         vertex 5.611666e-01 2.300000e+01 1.330279e+01
         vertex 2.507204e-01 2.300000e+01 1.222521e+01
      endloop
   endfacet
   facet normal -9.609173e-01 0.000000e+00 2.768357e-01
      outer loop
         vertex 5.611666e-01 3.000000e+00 1.330279e+01
         vertex 2.507204e-01 2.300000e+01 1.222521e+01
         vertex 2.507204e-01 3.000000e+00 1.222521e+01
      endloop
   endfacet
   facet normal -9.858710e-01 0.000000e+00 1.675063e-01
      outer loop
         vertex 2.507204e-01 3.000000e+00 1.222521e+01
         vertex 2.507204e-01 2.300000e+01 1.222521e+01
         vertex 6.287731e-02 2.300000e+01 1.111964e+01
      endloop
   endfacet
   facet normal -9.858710e-01 0.000000e+00 1.675063e-01
      outer loop
         vertex 2.507204e-01 3.000000e+00 1.222521e+01
         vertex 6.287731e-02 2.300000e+01 1.111964e+01
         vertex 6.287731e-02 3.000000e+00 1.111964e+01
      endloop
   endfacet
   facet normal -9.984268e-01 0.000000e+00 5.606993e-02
      outer loop
         vertex 6.287731e-02 3.000000e+00 1.111964e+01
         vertex 6.287731e-02 2.300000e+01 1.111964e+01
         vertex 0.000000e+00 2.300000e+01 1.000000e+01
      endloop
   endfacet
   facet normal -9.984268e-01 0.000000e+00 5.606993e-02
      outer loop
         vertex 6.287731e-02 3.000000e+00 1.111964e+01
         vertex 0.000000e+00 2.300000e+01 1.000000e+01
         vertex 0.000000e+00 3.000000e+00 1.000000e+01
      endloop
   endfacet
   facet normal -9.984268e-01 0.000000e+00 -5.606993e-02
      outer loop
         vertex 0.000000e+00 3.000000e+00 1.000000e+01
         vertex 0.000000e+00 2.300000e+01 1.000000e+01
         vertex 6.287731e-02 2.300000e+01 8.880355e+00
      endloop
   endfacet
   facet normal -9.984268e-01 0.000000e+00 -5.606993e-02
      outer loop
         vertex 0.000000e+00 3.000000e+00 1.000000e+01
         vertex 6.287731e-02 2.300000e+01 8.880355e+00
         vertex 6.287731e-02 3.000000e+00 8.880355e+00
      endloop
   endfacet
   facet normal -9.858710e-01 0.000000e+00 -1.675063e-01
      outer loop
         vertex 6.287731e-02 3.000000e+00 8.880355e+00
         vertex 6.287731e-02 2.300000e+01 8.880355e+00
         vertex 2.507204e-01 2.300000e+01 7.774791e+00
      endloop
   endfacet
   facet normal -9.858710e-01 0.000000e+00 -1.675063e-01
      outer loop
         vertex 6.287731e-02 3.000000e+00 8.880355e+00
         vertex 2.507204e-01 2.300000e+01 7.774791e+00
         vertex 2.507204e-01 3.000000e+00 7.774791e+00
      endloop
   endfacet
   facet normal -9.609173e-01 0.000000e+00 -2.768357e-01
      outer loop
         vertex 2.507204e-01 3.000000e+00 7.774791e+00
         vertex 2.507204e-01 2.300000e+01 7.774791e+00
         vertex 5.611666e-01 2.300000e+01 6.697209e+00
      endloop
   endfacet
   facet normal -9.609173e-01 0.000000e+00 -2.768357e-01
      outer loop
         vertex 2.507204e-01 3.000000e+00 7.774791e+00
         vertex 5.611666e-01 2.300000e+01 6.697209e+00
         vertex 5.611666e-01 3.000000e+00 6.697209e+00
      endloop
   endfacet
   facet normal -9.238797e-01 0.000000e+00 -3.826831e-01
      outer loop
         vertex 5.611666e-01 3.000000e+00 6.697209e+00
         vertex 5.611666e-01 2.300000e+01 6.697209e+00
         vertex 9.903107e-01 2.300000e+01 5.661163e+00
      endloop
   endfacet
   facet normal -9.238797e-01 0.000000e+00 -3.826831e-01
      outer loop
         vertex 5.611666e-01 3.000000e+00 6.697209e+00
         vertex 9.903107e-01 2.300000e+01 5.661163e+00
         vertex 9.903107e-01 3.000000e+00 5.661163e+00
      endloop
   endfacet
   facet normal -8.752234e-01 0.000000e+00 -4.837190e-01
      outer loop
         vertex 9.903107e-01 3.000000e+00 5.661163e+00
         vertex 9.903107e-01 2.300000e+01 5.661163e+00
         vertex 1.532758e+00 2.300000e+01 4.679679e+00
      endloop
   endfacet
   facet normal -8.752234e-01 0.000000e+00 -4.837190e-01
      outer loop
         vertex 9.903107e-01 3.000000e+00 5.661163e+00
         vertex 1.532758e+00 2.300000e+01 4.679679e+00
         vertex 1.532758e+00 3.000000e+00 4.679679e+00
      endloop
   endfacet
   facet normal -8.155610e-01 0.000000e+00 -5.786711e-01
      outer loop
         vertex 1.532758e+00 3.000000e+00 4.679679e+00
         vertex 1.532758e+00 2.300000e+01 4.679679e+00
         vertex 2.181685e+00 2.300000e+01 3.765102e+00
      endloop
   endfacet
   facet normal -8.155610e-01 0.000000e+00 -5.786711e-01
      outer loop
         vertex 1.532758e+00 3.000000e+00 4.679679e+00
         vertex 2.181685e+00 2.300000e+01 3.765102e+00
         vertex 2.181685e+00 3.000000e+00 3.765102e+00
      endloop
   endfacet
   facet normal -7.456417e-01 0.000000e+00 -6.663471e-01
      outer loop
         vertex 2.181685e+00 3.000000e+00 3.765102e+00
         vertex 2.181685e+00 2.300000e+01 3.765102e+00
         vertex 2.928932e+00 2.300000e+01 2.928932e+00
      endloop
   endfacet
   facet normal -7.456417e-01 0.000000e+00 -6.663471e-01
      outer loop
         vertex 2.181685e+00 3.000000e+00 3.765102e+00
         vertex 2.928932e+00 2.300000e+01 2.928932e+00
         vertex 2.928932e+00 3.000000e+00 2.928932e+00
      endloop
   endfacet
   facet normal -6.663471e-01 0.000000e+00 -7.456417e-01
      outer loop
         vertex 2.928932e+00 3.000000e+00 2.928932e+00
         vertex 2.928932e+00 2.300000e+01 2.928932e+00
         vertex 3.765102e+00 2.300000e+01 2.181685e+00
      endloop
   endfacet
   facet normal -6.663471e-01 0.000000e+00 -7.456417e-01
      outer loop
         vertex 2.928932e+00 3.000000e+00 2.928932e+00
         vertex 3.765102e+00 2.300000e+01 2.181685e+00
         vertex 3.765102e+00 3.000000e+00 2.181685e+00
      endloop
   endfacet
   facet normal -5.786711e-01 0.000000e+00 -8.155610e-01
      outer loop
         vertex 3.765102e+00 3.000000e+00 2.181685e+00
         vertex 3.765102e+00 2.300000e+01 2.181685e+00
         vertex 4.679679e+00 2.300000e+01 1.532758e+00
      endloop
   endfacet
   facet normal -5.786711e-01 0.000000e+00 -8.155610e-01
      outer loop
         vertex 3.765102e+00 3.000000e+00 2.181685e+00
         vertex 4.679679e+00 2.300000e+01 1.532758e+00
         vertex 4.679679e+00 3.000000e+00 1.532758e+00
      endloop
   endfacet
   facet normal -4.837190e-01 0.000000e+00 -8.752234e-01
      outer loop
         vertex 4.679679e+00 3.000000e+00 1.532758e+00
         vertex 4.679679e+00 2.300000e+01 1.532758e+00
         vertex 5.661163e+00 2.300000e+01 9.903107e-01
      endloop
   endfacet
   facet normal -4.837190e-01 0.000000e+00 -8.752234e-01
      outer loop
         vertex 4.679679e+00 3.000000e+00 1.532758e+00
         vertex 5.661163e+00 2.300000e+01 9.903107e-01
         vertex 5.661163e+00 3.000000e+00 9.903107e-01
      endloop
   endfacet
   facet normal -3.826831e-01 0.000000e+00 -9.238797e-01
      outer loop
         vertex 5.661163e+00 3.000000e+00 9.903107e-01
         vertex 5.661163e+00 2.300000e+01 9.903107e-01
         vertex 6.697209e+00 2.300000e+01 5.611666e-01
      endloop
   endfacet
   facet normal -3.826831e-01 0.000000e+00 -9.238797e-01
      outer loop
         vertex 5.661163e+00 3.000000e+00 9.903107e-01
         vertex 6.697209e+00 2.300000e+01 5.611666e-01
         vertex 6.697209e+00 3.000000e+00 5.611666e-01
      endloop
   endfacet
   facet normal -2.768357e-01 0.000000e+00 -9.609173e-01
      outer loop
         vertex 6.697209e+00 3.000000e+00 5.611666e-01
         vertex 6.697209e+00 2.300000e+01 5.611666e-01
         vertex 7.774791e+00 2.300000e+01 2.507204e-01
      endloop
   endfacet
   facet normal -2.768357e-01 0.000000e+00 -9.609173e-01
      outer loop
         vertex 6.697209e+00 3.000000e+00 5.611666e-01
         vertex 7.774791e+00 2.300000e+01 2.507204e-01
         vertex 7.774791e+00 3.000000e+00 2.507204e-01
      endloop
   endfacet
   facet normal -1.675063e-01 0.000000e+00 -9.858710e-01
      outer loop
         vertex 7.774791e+00 3.000000e+00 2.507204e-01
         vertex 7.774791e+00 2.300000e+01 2.507204e-01
         vertex 8.880355e+00 2.300000e+01 6.287731e-02
      endloop
   endfacet
   facet normal -1.675063e-01 0.000000e+00 -9.858710e-01
      outer loop
         vertex 7.774791e+00 3.000000e+00 2.507204e-01
         vertex 8.880355e+00 2.300000e+01 6.287731e-02
         vertex 8.880355e+00 3.000000e+00 6.287731e-02
      endloop
   endfacet
   facet normal -5.606993e-02 0.000000e+00 -9.984268e-01
      outer loop
         vertex 8.880355e+00 3.000000e+00 6.287731e-02
         vertex 8.880355e+00 2.300000e+01 6.287731e-02
         vertex 1.000000e+01 2.300000e+01 0.000000e+00
      endloop
   endfacet
   facet normal -5.606993e-02 0.000000e+00 -9.984268e-01
      outer loop
         vertex 8.880355e+00 3.000000e+00 6.287731e-02
         vertex 1.000000e+01 2.300000e+01 0.000000e+00
         vertex 1.000000e+01 3.000000e+00 0.000000e+00
      endloop
   endfacet
   facet normal 5.606993e-02 0.000000e+00 -9.984268e-01
      outer loop
         vertex 1.000000e+01 3.000000e+00 0.000000e+00
         vertex 1.000000e+01 2.300000e+01 0.000000e+00
         vertex 1.111964e+01 2.300000e+01 6.287731e-02
      endloop
   endfacet
   facet normal -7.845884e-02 0.000000e+00 9.969174e-01
      outer loop
         vertex 1.000000e+01 2.300000e+01 5.000000e+00
         vertex 1.000000e+01 3.000000e+00 5.000000e+00
         vertex 1.078217e+01 2.300000e+01 5.061558e+00
      endloop
   endfacet
   facet normal -7.845884e-02 0.000000e+00 9.969174e-01
      outer loop
         vertex 1.078217e+01 2.300000e+01 5.061558e+00
         vertex 1.000000e+01 3.000000e+00 5.000000e+00
         vertex 1.078217e+01 3.000000e+00 5.061558e+00
      endloop
   endfacet
   facet normal -2.334452e-01 0.000000e+00 9.723700e-01
      outer loop
         vertex 1.078217e+01 2.300000e+01 5.061558e+00
         vertex 1.078217e+01 3.000000e+00 5.061558e+00
         vertex 1.154508e+01 2.300000e+01 5.244717e+00
      endloop
   endfacet
   facet normal -2.334452e-01 0.000000e+00 9.723700e-01
      outer loop
         vertex 1.154508e+01 2.300000e+01 5.244717e+00
         vertex 1.078217e+01 3.000000e+00 5.061558e+00
         vertex 1.154508e+01 3.000000e+00 5.244717e+00
      endloop
   endfacet
   facet normal -3.826835e-01 0.000000e+00 9.238795e-01
      outer loop
         vertex 1.154508e+01 2.300000e+01 5.244717e+00
         vertex 1.154508e+01 3.000000e+00 5.244717e+00
         vertex 1.226995e+01 2.300000e+01 5.544967e+00
      endloop
   endfacet
   facet normal -3.826835e-01 0.000000e+00 9.238795e-01
      outer loop
         vertex 1.226995e+01 2.300000e+01 5.544967e+00
         vertex 1.154508e+01 3.000000e+00 5.244717e+00
         vertex 1.226995e+01 3.000000e+00 5.544967e+00
      endloop
   endfacet
   facet normal -5.224987e-01 0.000000e+00 8.526401e-01
      outer loop
         vertex 1.226995e+01 2.300000e+01 5.544967e+00
         vertex 1.226995e+01 3.000000e+00 5.544967e+00
         vertex 1.293893e+01 2.300000e+01 5.954915e+00
      endloop
   endfacet
   facet normal -5.224987e-01 0.000000e+00 8.526401e-01
      outer loop
         vertex 1.293893e+01 2.300000e+01 5.954915e+00
         vertex 1.226995e+01 3.000000e+00 5.544967e+00
         vertex 1.293893e+01 3.000000e+00 5.954915e+00
      endloop
   endfacet
   facet normal -6.494482e-01 0.000000e+00 7.604058e-01
      outer loop
         vertex 1.293893e+01 2.300000e+01 5.954915e+00
         vertex 1.293893e+01 3.000000e+00 5.954915e+00
         vertex 1.353553e+01 2.300000e+01 6.464466e+00
      endloop
   endfacet
   facet normal -6.494482e-01 0.000000e+00 7.604058e-01
      outer loop
         vertex 1.353553e+01 2.300000e+01 6.464466e+00
         vertex 1.293893e+01 3.000000e+00 5.954915e+00
         vertex 1.353553e+01 3.000000e+00 6.464466e+00
      endloop
   endfacet
   facet normal -7.604058e-01 0.000000e+00 6.494482e-01
      outer loop
         vertex 1.353553e+01 2.300000e+01 6.464466e+00
         vertex 1.353553e+01 3.000000e+00 6.464466e+00
         vertex 1.404508e+01 2.300000e+01 7.061074e+00
      endloop
   endfacet
   facet normal -7.604058e-01 0.000000e+00 6.494482e-01
      outer loop
         vertex 1.404508e+01 2.300000e+01 7.061074e+00
         vertex 1.353553e+01 3.000000e+00 6.464466e+00
         vertex 1.404508e+01 3.000000e+00 7.061074e+00
      endloop
   endfacet
   facet normal -8.526401e-01 0.000000e+00 5.224987e-01
      outer loop
         vertex 1.404508e+01 2.300000e+01 7.061074e+00
         vertex 1.404508e+01 3.000000e+00 7.061074e+00
         vertex 1.445503e+01 2.300000e+01 7.730047e+00
      endloop
   endfacet
   facet normal -8.526401e-01 0.000000e+00 5.224987e-01
      outer loop
         vertex 1.445503e+01 2.300000e+01 7.730047e+00
         vertex 1.404508e+01 3.000000e+00 7.061074e+00
         vertex 1.445503e+01 3.000000e+00 7.730047e+00
      endloop
   endfacet
   facet normal -9.238795e-01 0.000000e+00 3.826835e-01
      outer loop
         vertex 1.445503e+01 2.300000e+01 7.730047e+00
         vertex 1.445503e+01 3.000000e+00 7.730047e+00
         vertex 1.475528e+01 2.300000e+01 8.454915e+00
      endloop
   endfacet
   facet normal -9.238795e-01 0.000000e+00 3.826835e-01
      outer loop
         vertex 1.475528e+01 2.300000e+01 8.454915e+00
         vertex 1.445503e+01 3.000000e+00 7.730047e+00
         vertex 1.475528e+01 3.000000e+00 8.454915e+00
      endloop
   endfacet
   facet normal -9.723700e-01 0.000000e+00 2.334452e-01
      outer loop
         vertex 1.475528e+01 2.300000e+01 8.454915e+00
         vertex 1.475528e+01 3.000000e+00 8.454915e+00
         vertex 1.493844e+01 2.300000e+01 9.217827e+00
      endloop
   endfacet
   facet normal -9.723700e-01 0.000000e+00 2.334452e-01
      outer loop
         vertex 1.493844e+01 2.300000e+01 9.217827e+00
         vertex 1.475528e+01 3.000000e+00 8.454915e+00
         vertex 1.493844e+01 3.000000e+00 9.217827e+00
      endloop
   endfacet
   facet normal -9.969174e-01 0.000000e+00 7.845884e-02
      outer loop
         vertex 1.493844e+01 2.300000e+01 9.217827e+00
         vertex 1.493844e+01 3.000000e+00 9.217827e+00
         vertex 1.500000e+01 2.300000e+01 1.000000e+01
      endloop
   endfacet
   facet normal -9.969174e-01 0.000000e+00 7.845884e-02
      outer loop
         vertex 1.500000e+01 2.300000e+01 1.000000e+01
         vertex 1.493844e+01 3.000000e+00 9.217827e+00
         vertex 1.500000e+01 3.000000e+00 1.000000e+01
      endloop
   endfacet
   facet normal -9.969174e-01 -0.000000e+00 -7.845884e-02
      outer loop
         vertex 1.500000e+01 2.300000e+01 1.000000e+01
         vertex 1.500000e+01 3.000000e+00 1.000000e+01
         vertex 1.493844e+01 2.300000e+01 1.078217e+01
      endloop
   endfacet
   facet normal -9.969174e-01 -0.000000e+00 -7.845884e-02
      outer loop
         vertex 1.493844e+01 2.300000e+01 1.078217e+01
         vertex 1.500000e+01 3.000000e+00 1.000000e+01
         vertex 1.493844e+01 3.000000e+00 1.078217e+01
      endloop
   endfacet
   facet normal -9.723700e-01 -0.000000e+00 -2.334452e-01
      outer loop
         vertex 1.493844e+01 2.300000e+01 1.078217e+01
         vertex 1.493844e+01 3.000000e+00 1.078217e+01
         vertex 1.475528e+01 2.300000e+01 1.154508e+01
      endloop
   endfacet
   facet normal -9.723700e-01 -0.000000e+00 -2.334452e-01
      outer loop
         vertex 1.475528e+01 2.300000e+01 1.154508e+01
         vertex 1.493844e+01 3.000000e+00 1.078217e+01
         vertex 1.475528e+01 3.000000e+00 1.154508e+01
      endloop
   endfacet
   facet normal -9.238795e-01 -0.000000e+00 -3.826835e-01
      outer loop
         vertex 1.475528e+01 2.300000e+01 1.154508e+01
         vertex 1.475528e+01 3.000000e+00 1.154508e+01
         vertex 1.445503e+01 2.300000e+01 1.226995e+01
      endloop
   endfacet
   facet normal -9.238795e-01 -0.000000e+00 -3.826835e-01
      outer loop
         vertex 1.445503e+01 2.300000e+01 1.226995e+01
         vertex 1.475528e+01 3.000000e+00 1.154508e+01
         vertex 1.445503e+01 3.000000e+00 1.226995e+01
      endloop
   endfacet
   facet normal -8.526401e-01 -0.000000e+00 -5.224987e-01
      outer loop
         vertex 1.445503e+01 2.300000e+01 1.226995e+01
         vertex 1.445503e+01 3.000000e+00 1.226995e+01
         vertex 1.404508e+01 2.300000e+01 1.293893e+01
      endloop
   endfacet
   facet normal -8.526401e-01 -0.000000e+00 -5.224987e-01
      outer loop
         vertex 1.404508e+01 2.300000e+01 1.293893e+01
         vertex 1.445503e+01 3.000000e+00 1.226995e+01
         vertex 1.404508e+01 3.000000e+00 1.293893e+01
      endloop
   endfacet
   facet normal -7.604058e-01 -0.000000e+00 -6.494482e-01
      outer loop
         vertex 1.404508e+01 2.300000e+01 1.293893e+01
         vertex 1.404508e+01 3.000000e+00 1.293893e+01
         vertex 1.353553e+01 2.300000e+01 1.353553e+01
      endloop
   endfacet
   facet normal -7.604058e-01 -0.000000e+00 -6.494482e-01
      outer loop
         vertex 1.353553e+01 2.300000e+01 1.353553e+01
         vertex 1.404508e+01 3.000000e+00 1.293893e+01
         vertex 1.353553e+01 3.000000e+00 1.353553e+01
      endloop
   endfacet
   facet normal -6.494482e-01 -0.000000e+00 -7.604058e-01
      outer loop
         vertex 1.353553e+01 2.300000e+01 1.353553e+01
         vertex 1.353553e+01 3.000000e+00 1.353553e+01
         vertex 1.293893e+01 2.300000e+01 1.404508e+01
      endloop
   endfacet
   facet normal -6.494482e-01 -0.000000e+00 -7.604058e-01
      outer loop
         vertex 1.293893e+01 2.300000e+01 1.404508e+01
         vertex 1.353553e+01 3.000000e+00 1.353553e+01
         vertex 1.293893e+01 3.000000e+00 1.404508e+01
      endloop
   endfacet
   facet normal -5.224987e-01 -0.000000e+00 -8.526401e-01
      outer loop
         vertex 1.293893e+01 2.300000e+01 1.404508e+01
         vertex 1.293893e+01 3.000000e+00 1.404508e+01
         vertex 1.226995e+01 2.300000e+01 1.445503e+01
      endloop
   endfacet
   facet normal -5.224987e-01 -0.000000e+00 -8.526401e-01
      outer loop
         vertex 1.226995e+01 2.300000e+01 1.445503e+01
         vertex 1.293893e+01 3.000000e+00 1.404508e+01
         vertex 1.226995e+01 3.000000e+00 1.445503e+01
      endloop
   endfacet
   facet normal -3.826835e-01 -0.000000e+00 -9.238795e-01
      outer loop
         vertex 1.226995e+01 2.300000e+01 1.445503e+01
         vertex 1.226995e+01 3.000000e+00 1.445503e+01
         vertex 1.154508e+01 2.300000e+01 1.475528e+01
      endloop
   endfacet
   facet normal -3.826835e-01 -0.000000e+00 -9.238795e-01
      outer loop
         vertex 1.154508e+01 2.300000e+01 1.475528e+01
         vertex 1.226995e+01 3.000000e+00 1.445503e+01
         vertex 1.154508e+01 3.000000e+00 1.475528e+01
      endloop
   endfacet
   facet normal -2.334452e-01 -0.000000e+00 -9.723700e-01
      outer loop
         vertex 1.154508e+01 2.300000e+01 1.475528e+01
         vertex 1.154508e+01 3.000000e+00 1.475528e+01
         vertex 1.078217e+01 2.300000e+01 1.493844e+01
      endloop
   endfacet
   facet normal -2.334452e-01 -0.000000e+00 -9.723700e-01
      outer loop
         vertex 1.078217e+01 2.300000e+01 1.493844e+01
         vertex 1.154508e+01 3.000000e+00 1.475528e+01
         vertex 1.078217e+01 3.000000e+00 1.493844e+01
      endloop
   endfacet
   facet normal -7.845884e-02 -0.000000e+00 -9.969174e-01
      outer loop
         vertex 1.078217e+01 2.300000e+01 1.493844e+01
         vertex 1.078217e+01 3.000000e+00 1.493844e+01
         vertex 1.000000e+01 2.300000e+01 1.500000e+01
      endloop
   endfacet
   facet normal -7.845884e-02 -0.000000e+00 -9.969174e-01
      outer loop
         vertex 1.000000e+01 2.300000e+01 1.500000e+01
         vertex 1.078217e+01 3.000000e+00 1.493844e+01
         vertex 1.000000e+01 3.000000e+00 1.500000e+01
      endloop
   endfacet
   facet normal 7.845884e-02 0.000000e+00 -9.969174e-01
      outer loop
         vertex 1.000000e+01 2.300000e+01 1.500000e+01
         vertex 1.000000e+01 3.000000e+00 1.500000e+01
         vertex 9.217827e+00 2.300000e+01 1.493844e+01
      endloop
   endfacet
   facet normal 7.845884e-02 0.000000e+00 -9.969174e-01
      outer loop
         vertex 9.217827e+00 2.300000e+01 1.493844e+01
         vertex 1.000000e+01 3.000000e+00 1.500000e+01
         vertex 9.217827e+00 3.000000e+00 1.493844e+01
      endloop
   endfacet
   facet normal 2.334452e-01 0.000000e+00 -9.723700e-01
      outer loop
         vertex 9.217827e+00 2.300000e+01 1.493844e+01
         vertex 9.217827e+00 3.000000e+00 1.493844e+01
         vertex 8.454915e+00 2.300000e+01 1.475528e+01
      endloop
   endfacet
   facet normal 2.334452e-01 0.000000e+00 -9.723700e-01
      outer loop
         vertex 8.454915e+00 2.300000e+01 1.475528e+01
         vertex 9.217827e+00 3.000000e+00 1.493844e+01
         vertex 8.454915e+00 3.000000e+00 1.475528e+01
      endloop
   endfacet
   facet normal 3.826835e-01 0.000000e+00 -9.238795e-01
      outer loop
         vertex 8.454915e+00 2.300000e+01 1.475528e+01
         vertex 8.454915e+00 3.000000e+00 1.475528e+01
         vertex 7.730047e+00 2.300000e+01 1.445503e+01
      endloop
   endfacet
   facet normal 3.826835e-01 0.000000e+00 -9.238795e-01
      outer loop
         vertex 7.730047e+00 2.300000e+01 1.445503e+01
         vertex 8.454915e+00 3.000000e+00 1.475528e+01
         vertex 7.730047e+00 3.000000e+00 1.445503e+01
      endloop
   endfacet
   facet normal 5.224987e-01 0.000000e+00 -8.526401e-01
      outer loop
         vertex 7.730047e+00 2.300000e+01 1.445503e+01
         vertex 7.730047e+00 3.000000e+00 1.445503e+01
         vertex 7.061074e+00 2.300000e+01 1.404508e+01
      endloop
   endfacet
   facet normal 5.224987e-01 0.000000e+00 -8.526401e-01
      outer loop
         vertex 7.061074e+00 2.300000e+01 1.404508e+01
         vertex 7.730047e+00 3.000000e+00 1.445503e+01
         vertex 7.061074e+00 3.000000e+00 1.404508e+01
      endloop
   endfacet
   facet normal 6.494482e-01 0.000000e+00 -7.604058e-01
      outer loop
         vertex 7.061074e+00 2.300000e+01 1.404508e+01
         vertex 7.061074e+00 3.000000e+00 1.404508e+01
         vertex 6.464466e+00 2.300000e+01 1.353553e+01
      endloop
   endfacet
   facet normal 6.494482e-01 0.000000e+00 -7.604058e-01
      outer loop
         vertex 6.464466e+00 2.300000e+01 1.353553e+01
         vertex 7.061074e+00 3.000000e+00 1.404508e+01
         vertex 6.464466e+00 3.000000e+00 1.353553e+01
      endloop
   endfacet
   facet normal 7.604058e-01 0.000000e+00 -6.494482e-01
      outer loop
         vertex 6.464466e+00 2.300000e+01 1.353553e+01
         vertex 6.464466e+00 3.000000e+00 1.353553e+01
         vertex 5.954915e+00 2.300000e+01 1.293893e+01
      endloop
   endfacet
   facet normal 7.604058e-01 0.000000e+00 -6.494482e-01
      outer loop
         vertex 5.954915e+00 2.300000e+01 1.293893e+01
         vertex 6.464466e+00 3.000000e+00 1.353553e+01
         vertex 5.954915e+00 3.000000e+00 1.293893e+01
      endloop
   endfacet
   facet normal 8.526401e-01 0.000000e+00 -5.224987e-01
      outer loop
         vertex 5.954915e+00 2.300000e+01 1.293893e+01
         vertex 5.954915e+00 3.000000e+00 1.293893e+01
         vertex 5.544967e+00 2.300000e+01 1.226995e+01
      endloop
   endfacet
   facet normal 8.526401e-01 0.000000e+00 -5.224987e-01
      outer loop
         vertex 5.544967e+00 2.300000e+01 1.226995e+01
         vertex 5.954915e+00 3.000000e+00 1.293893e+01
         vertex 5.544967e+00 3.000000e+00 1.226995e+01
      endloop
   endfacet
   facet normal 9.238795e-01 0.000000e+00 -3.826835e-01
      outer loop
         vertex 5.544967e+00 2.300000e+01 1.226995e+01
         vertex 5.544967e+00 3.000000e+00 1.226995e+01
         vertex 5.244717e+00 2.300000e+01 1.154508e+01
      endloop
   endfacet
   facet normal 9.238795e-01 0.000000e+00 -3.826835e-01
      outer loop
         vertex 5.244717e+00 2.300000e+01 1.154508e+01
         vertex 5.544967e+00 3.000000e+00 1.226995e+01
         vertex 5.244717e+00 3.000000e+00 1.154508e+01
      endloop
   endfacet
   facet normal 9.723700e-01 0.000000e+00 -2.334452e-01
      outer loop
         vertex 5.244717e+00 2.300000e+01 1.154508e+01
         vertex 5.244717e+00 3.000000e+00 1.154508e+01
         vertex 5.061558e+00 2.300000e+01 1.078217e+01
      endloop
   endfacet
   facet normal 9.723700e-01 0.000000e+00 -2.334452e-01
      outer loop
         vertex 5.061558e+00 2.300000e+01 1.078217e+01
         vertex 5.244717e+00 3.000000e+00 1.154508e+01
         vertex 5.061558e+00 3.000000e+00 1.078217e+01
      endloop
   endfacet
   facet normal 9.969174e-01 0.000000e+00 -7.845884e-02
      outer loop
         vertex 5.061558e+00 2.300000e+01 1.078217e+01
         vertex 5.061558e+00 3.000000e+00 1.078217e+01
         vertex 5.000000e+00 2.300000e+01 1.000000e+01
      endloop
   endfacet
   facet normal 9.969174e-01 0.000000e+00 -7.845884e-02
      outer loop
         vertex 5.000000e+00 2.300000e+01 1.000000e+01
         vertex 5.061558e+00 3.000000e+00 1.078217e+01
         vertex 5.000000e+00 3.000000e+00 1.000000e+01
      endloop
   endfacet
   facet normal 9.969174e-01 0.000000e+00 7.845884e-02
      outer loop
         vertex 5.000000e+00 2.300000e+01 1.000000e+01
         vertex 5.000000e+00 3.000000e+00 1.000000e+01
         vertex 5.061558e+00 2.300000e+01 9.217827e+00
      endloop
   endfacet
   facet normal 9.969174e-01 0.000000e+00 7.845884e-02
      outer loop
         vertex 5.061558e+00 2.300000e+01 9.217827e+00
         vertex 5.000000e+00 3.000000e+00 1.000000e+01
         vertex 5.061558e+00 3.000000e+00 9.217827e+00
      endloop
   endfacet
   facet normal 9.723700e-01 0.000000e+00 2.334452e-01
      outer loop
         vertex 5.061558e+00 2.300000e+01 9.217827e+00
         vertex 5.061558e+00 3.000000e+00 9.217827e+00
         vertex 5.244717e+00 2.300000e+01 8.454915e+00
      endloop
   endfacet
   facet normal 9.723700e-01 0.000000e+00 2.334452e-01
      outer loop
         vertex 5.244717e+00 2.300000e+01 8.454915e+00
         vertex 5.061558e+00 3.000000e+00 9.217827e+00
         vertex 5.244717e+00 3.000000e+00 8.454915e+00
      endloop
   endfacet
   facet normal 9.238795e-01 0.000000e+00 3.826835e-01
      outer loop
         vertex 5.244717e+00 2.300000e+01 8.454915e+00
         vertex 5.244717e+00 3.000000e+00 8.454915e+00
         vertex 5.544967e+00 2.300000e+01 7.730047e+00
      endloop
   endfacet
   facet normal 9.238795e-01 0.000000e+00 3.826835e-01
      outer loop
         vertex 5.544967e+00 2.300000e+01 7.730047e+00
         vertex 5.244717e+00 3.000000e+00 8.454915e+00
         vertex 5.544967e+00 3.000000e+00 7.730047e+00
      endloop
   endfacet
   facet normal 8.526401e-01 0.000000e+00 5.224987e-01
      outer loop
         vertex 5.544967e+00 2.300000e+01 7.730047e+00
         vertex 5.544967e+00 3.000000e+00 7.730047e+00
         vertex 5.954915e+00 2.300000e+01 7.061074e+00
      endloop
   endfacet
   facet normal 8.526401e-01 0.000000e+00 5.224987e-01
      outer loop
         vertex 5.954915e+00 2.300000e+01 7.061074e+00
         vertex 5.544967e+00 3.000000e+00 7.730047e+00
         vertex 5.954915e+00 3.000000e+00 7.061074e+00
      endloop
   endfacet
   facet normal 7.604058e-01 0.000000e+00 6.494482e-01
      outer loop
         vertex 5.954915e+00 2.300000e+01 7.061074e+00
         vertex 5.954915e+00 3.000000e+00 7.061074e+00
         vertex 6.464466e+00 2.300000e+01 6.464466e+00
      endloop
   endfacet
   facet normal 7.604058e-01 0.000000e+00 6.494482e-01
      outer loop
         vertex 6.464466e+00 2.300000e+01 6.464466e+00
         vertex 5.954915e+00 3.000000e+00 7.061074e+00
         vertex 6.464466e+00 3.000000e+00 6.464466e+00
      endloop
   endfacet
   facet normal 6.494482e-01 0.000000e+00 7.604058e-01
      outer loop
         vertex 6.464466e+00 2.300000e+01 6.464466e+00
         vertex 6.464466e+00 3.000000e+00 6.464466e+00
         vertex 7.061074e+00 2.300000e+01 5.954915e+00
      endloop
   endfacet
   facet normal 6.494482e-01 0.000000e+00 7.604058e-01
      outer loop
         vertex 7.061074e+00 2.300000e+01 5.954915e+00
         vertex 6.464466e+00 3.000000e+00 6.464466e+00
         vertex 7.061074e+00 3.000000e+00 5.954915e+00
      endloop
   endfacet
   facet normal 5.224987e-01 0.000000e+00 8.526401e-01
      outer loop
         vertex 7.061074e+00 2.300000e+01 5.954915e+00
         vertex 7.061074e+00 3.000000e+00 5.954915e+00
         vertex 7.730047e+00 2.300000e+01 5.544967e+00
      endloop
   endfacet
   facet normal 5.224987e-01 0.000000e+00 8.526401e-01
      outer loop
         vertex 7.730047e+00 2.300000e+01 5.544967e+00
         vertex 7.061074e+00 3.000000e+00 5.954915e+00
         vertex 7.730047e+00 3.000000e+00 5.544967e+00
      endloop
   endfacet
   facet normal 3.826835e-01 0.000000e+00 9.238795e-01
      outer loop
         vertex 7.730047e+00 2.300000e+01 5.544967e+00
         vertex 7.730047e+00 3.000000e+00 5.544967e+00
         vertex 8.454915e+00 2.300000e+01 5.244717e+00
      endloop
   endfacet
   facet normal 3.826835e-01 0.000000e+00 9.238795e-01
      outer loop
         vertex 8.454915e+00 2.300000e+01 5.244717e+00
         vertex 7.730047e+00 3.000000e+00 5.544967e+00
         vertex 8.454915e+00 3.000000e+00 5.244717e+00
      endloop
   endfacet
   facet normal 2.334452e-01 0.000000e+00 9.723700e-01
      outer loop
         vertex 8.454915e+00 2.300000e+01 5.244717e+00
         vertex 8.454915e+00 3.000000e+00 5.244717e+00
         vertex 9.217827e+00 2.300000e+01 5.061558e+00
      endloop
   endfacet
   facet normal 2.334452e-01 0.000000e+00 9.723700e-01
      outer loop
         vertex 9.217827e+00 2.300000e+01 5.061558e+00
         vertex 8.454915e+00 3.000000e+00 5.244717e+00
         vertex 9.217827e+00 3.000000e+00 5.061558e+00
      endloop
   endfacet
   facet normal 7.845884e-02 0.000000e+00 9.969174e-01
      outer loop
         vertex 9.217827e+00 2.300000e+01 5.061558e+00
         vertex 9.217827e+00 3.000000e+00 5.061558e+00
         vertex 1.000000e+01 2.300000e+01 5.000000e+00
      endloop
   endfacet
   facet normal 7.845884e-02 0.000000e+00 9.969174e-01
      outer loop
         vertex 1.000000e+01 2.300000e+01 5.000000e+00
         vertex 9.217827e+00 3.000000e+00 5.061558e+00
         vertex 1.000000e+01 3.000000e+00 5.000000e+00
      endloop
   endfacet
   facet normal -0.000000e+00 0.000000e+00 1.000000e+00
      outer loop
         vertex 1.171010e+01 1.769846e+01 6.000000e+01
         vertex 1.250000e+01 1.733013e+01 6.000000e+01
         vertex 2.000000e+01 2.300000e+01 6.000000e+01
      endloop
   endfacet
   facet normal -0.000000e+00 0.000000e+00 1.000000e+00
      outer loop
         vertex 1.433013e+01 1.550000e+01 6.000000e+01
         vertex 1.469846e+01 1.471010e+01 6.000000e+01
         vertex 2.000000e+01 2.300000e+01 6.000000e+01
      endloop
   endfacet
   facet normal 0.000000e+00 0.000000e+00 1.000000e+00
      outer loop
         vertex 1.469846e+01 1.128990e+01 6.000000e+01
         vertex 1.433013e+01 1.050000e+01 6.000000e+01
         vertex 2.000000e+01 3.000000e+00 6.000000e+01
      endloop
   endfacet
   facet normal 0.000000e+00 0.000000e+00 1.000000e+00
      outer loop
         vertex 1.433013e+01 1.050000e+01 6.000000e+01
         vertex 1.383022e+01 9.786062e+00 6.000000e+01
         vertex 2.000000e+01 3.000000e+00 6.000000e+01
      endloop
   endfacet
   facet normal 0.000000e+00 0.000000e+00 1.000000e+00
      outer loop
         vertex 2.000000e+01 3.000000e+00 6.000000e+01
         vertex 1.383022e+01 9.786062e+00 6.000000e+01
         vertex 1.321394e+01 9.169778e+00 6.000000e+01
      endloop
   endfacet
   facet normal 0.000000e+00 0.000000e+00 1.000000e+00
      outer loop
         vertex 2.000000e+01 3.000000e+00 6.000000e+01
         vertex 1.321394e+01 9.169778e+00 6.000000e+01
         vertex 1.250000e+01 8.669873e+00 6.000000e+01
      endloop
   endfacet
   facet normal 0.000000e+00 -0.000000e+00 1.000000e+00
      outer loop
         vertex 8.289899e+00 1.769846e+01 6.000000e+01
         vertex 9.131759e+00 1.792404e+01 6.000000e+01
         vertex 0.000000e+00 2.300000e+01 6.000000e+01
      endloop
   endfacet
   facet normal 0.000000e+00 0.000000e+00 1.000000e+00
      outer loop
         vertex 0.000000e+00 2.300000e+01 6.000000e+01
         vertex 9.131759e+00 1.792404e+01 6.000000e+01
         vertex 1.000000e+01 1.800000e+01 6.000000e+01
      endloop
   endfacet
   facet normal -0.000000e+00 0.000000e+00 1.000000e+00
      outer loop
         vertex 0.000000e+00 2.300000e+01 6.000000e+01
         vertex 1.000000e+01 1.800000e+01 6.000000e+01
         vertex 2.000000e+01 2.300000e+01 6.000000e+01
      endloop
   endfacet
   facet normal 0.000000e+00 0.000000e+00 1.000000e+00
      outer loop
         vertex 2.000000e+01 2.300000e+01 6.000000e+01
         vertex 1.000000e+01 1.800000e+01 6.000000e+01
         vertex 1.086824e+01 1.792404e+01 6.000000e+01
      endloop
   endfacet
   facet normal 0.000000e+00 0.000000e+00 1.000000e+00
      outer loop
         vertex 2.000000e+01 2.300000e+01 6.000000e+01
         vertex 1.086824e+01 1.792404e+01 6.000000e+01
         vertex 1.171010e+01 1.769846e+01 6.000000e+01
      endloop
   endfacet
   facet normal -0.000000e+00 0.000000e+00 1.000000e+00
      outer loop
         vertex 1.250000e+01 1.733013e+01 6.000000e+01
         vertex 1.321394e+01 1.683022e+01 6.000000e+01
         vertex 2.000000e+01 2.300000e+01 6.000000e+01
      endloop
   endfacet
   facet normal 0.000000e+00 0.000000e+00 1.000000e+00
      outer loop
         vertex 2.000000e+01 2.300000e+01 6.000000e+01
         vertex 1.321394e+01 1.683022e+01 6.000000e+01
         vertex 1.383022e+01 1.621394e+01 6.000000e+01
      endloop
   endfacet
   facet normal 0.000000e+00 0.000000e+00 1.000000e+00
      outer loop
         vertex 2.000000e+01 2.300000e+01 6.000000e+01
         vertex 1.383022e+01 1.621394e+01 6.000000e+01
         vertex 1.433013e+01 1.550000e+01 6.000000e+01
      endloop
   endfacet
   facet normal -0.000000e+00 0.000000e+00 1.000000e+00
      outer loop
         vertex 1.469846e+01 1.471010e+01 6.000000e+01
         vertex 1.492404e+01 1.386824e+01 6.000000e+01
         vertex 2.000000e+01 2.300000e+01 6.000000e+01
      endloop
   endfacet
   facet normal 0.000000e+00 0.000000e+00 1.000000e+00
      outer loop
         vertex 2.000000e+01 2.300000e+01 6.000000e+01
         vertex 1.492404e+01 1.386824e+01 6.000000e+01
         vertex 1.500000e+01 1.300000e+01 6.000000e+01
      endloop
   endfacet
   facet normal 0.000000e+00 0.000000e+00 1.000000e+00
      outer loop
         vertex 2.000000e+01 2.300000e+01 6.000000e+01
         vertex 1.500000e+01 1.300000e+01 6.000000e+01
         vertex 2.000000e+01 3.000000e+00 6.000000e+01
      endloop
   endfacet
   facet normal 0.000000e+00 0.000000e+00 1.000000e+00
      outer loop
         vertex 2.000000e+01 3.000000e+00 6.000000e+01
         vertex 1.500000e+01 1.300000e+01 6.000000e+01
         vertex 1.492404e+01 1.213176e+01 6.000000e+01
      endloop
   endfacet
   facet normal 0.000000e+00 0.000000e+00 1.000000e+00
      outer loop
         vertex 2.000000e+01 3.000000e+00 6.000000e+01
         vertex 1.492404e+01 1.213176e+01 6.000000e+01
         vertex 1.469846e+01 1.128990e+01 6.000000e+01
      endloop
   endfacet
   facet normal 0.000000e+00 0.000000e+00 1.000000e+00
      outer loop
         vertex 1.250000e+01 8.669873e+00 6.000000e+01
         vertex 1.171010e+01 8.301537e+00 6.000000e+01
         vertex 2.000000e+01 3.000000e+00 6.000000e+01
      endloop
   endfacet
   facet normal 0.000000e+00 0.000000e+00 1.000000e+00
      outer loop
         vertex 2.000000e+01 3.000000e+00 6.000000e+01
         vertex 1.171010e+01 8.301537e+00 6.000000e+01
         vertex 1.086824e+01 8.075961e+00 6.000000e+01
      endloop
   endfacet
   facet normal 0.000000e+00 0.000000e+00 1.000000e+00
      outer loop
         vertex 2.000000e+01 3.000000e+00 6.000000e+01
         vertex 1.086824e+01 8.075961e+00 6.000000e+01
         vertex 0.000000e+00 3.000000e+00 6.000000e+01
      endloop
   endfacet
   facet normal 0.000000e+00 0.000000e+00 1.000000e+00
      outer loop
         vertex 0.000000e+00 3.000000e+00 6.000000e+01
         vertex 1.086824e+01 8.075961e+00 6.000000e+01
         vertex 1.000000e+01 8.000000e+00 6.000000e+01
      endloop
   endfacet
   facet normal 0.000000e+00 0.000000e+00 1.000000e+00
      outer loop
         vertex 0.000000e+00 3.000000e+00 6.000000e+01
         vertex 1.000000e+01 8.000000e+00 6.000000e+01
         vertex 9.131759e+00 8.075961e+00 6.000000e+01
      endloop
   endfacet
   facet normal 0.000000e+00 0.000000e+00 1.000000e+00
      outer loop
         vertex 5.669873e+00 1.050000e+01 6.000000e+01
         vertex 0.000000e+00 3.000000e+00 6.000000e+01
         vertex 6.169778e+00 9.786062e+00 6.000000e+01
      endloop
   endfacet
   facet normal 0.000000e+00 0.000000e+00 1.000000e+00
      outer loop
         vertex 6.169778e+00 9.786062e+00 6.000000e+01
         vertex 0.000000e+00 3.000000e+00 6.000000e+01
         vertex 6.786062e+00 9.169778e+00 6.000000e+01
      endloop
   endfacet
   facet normal 0.000000e+00 0.000000e+00 1.000000e+00
      outer loop
         vertex 5.669873e+00 1.050000e+01 6.000000e+01
         vertex 5.301537e+00 1.128990e+01 6.000000e+01
         vertex 0.000000e+00 3.000000e+00 6.000000e+01
      endloop
   endfacet
   facet normal 0.000000e+00 0.000000e+00 1.000000e+00
      outer loop
         vertex 0.000000e+00 3.000000e+00 6.000000e+01
         vertex 5.301537e+00 1.128990e+01 6.000000e+01
         vertex 5.075961e+00 1.213176e+01 6.000000e+01
      endloop
   endfacet
   facet normal 0.000000e+00 0.000000e+00 1.000000e+00
      outer loop
         vertex 0.000000e+00 3.000000e+00 6.000000e+01
         vertex 5.075961e+00 1.213176e+01 6.000000e+01
         vertex 0.000000e+00 2.300000e+01 6.000000e+01
      endloop
   endfacet
   facet normal 0.000000e+00 0.000000e+00 1.000000e+00
      outer loop
         vertex 0.000000e+00 2.300000e+01 6.000000e+01
         vertex 5.075961e+00 1.213176e+01 6.000000e+01
         vertex 5.000000e+00 1.300000e+01 6.000000e+01
      endloop
   endfacet
   facet normal 0.000000e+00 0.000000e+00 1.000000e+00
      outer loop
         vertex 0.000000e+00 2.300000e+01 6.000000e+01
         vertex 5.000000e+00 1.300000e+01 6.000000e+01
         vertex 5.075961e+00 1.386824e+01 6.000000e+01
      endloop
   endfacet
   facet normal 0.000000e+00 -0.000000e+00 1.000000e+00
      outer loop
         vertex 5.075961e+00 1.386824e+01 6.000000e+01
         vertex 5.301537e+00 1.471010e+01 6.000000e+01
         vertex 0.000000e+00 2.300000e+01 6.000000e+01
      endloop
   endfacet
   facet normal 0.000000e+00 0.000000e+00 1.000000e+00
      outer loop
         vertex 0.000000e+00 2.300000e+01 6.000000e+01
         vertex 5.301537e+00 1.471010e+01 6.000000e+01
         vertex 5.669873e+00 1.550000e+01 6.000000e+01
      endloop
   endfacet
   facet normal 0.000000e+00 0.000000e+00 1.000000e+00
      outer loop
         vertex 0.000000e+00 2.300000e+01 6.000000e+01
         vertex 5.669873e+00 1.550000e+01 6.000000e+01
         vertex 6.169778e+00 1.621394e+01 6.000000e+01
      endloop
   endfacet
   facet normal 0.000000e+00 0.000000e+00 1.000000e+00
      outer loop
         vertex 9.131759e+00 8.075961e+00 6.000000e+01
         vertex 8.289899e+00 8.301537e+00 6.000000e+01
         vertex 0.000000e+00 3.000000e+00 6.000000e+01
      endloop
   endfacet
   facet normal 0.000000e+00 0.000000e+00 1.000000e+00
      outer loop
         vertex 0.000000e+00 3.000000e+00 6.000000e+01
         vertex 8.289899e+00 8.301537e+00 6.000000e+01
         vertex 7.500000e+00 8.669873e+00 6.000000e+01
      endloop
   endfacet
   facet normal 0.000000e+00 0.000000e+00 1.000000e+00
      outer loop
         vertex 0.000000e+00 3.000000e+00 6.000000e+01
         vertex 7.500000e+00 8.669873e+00 6.000000e+01
         vertex 6.786062e+00 9.169778e+00 6.000000e+01
      endloop
   endfacet
   facet normal 0.000000e+00 -0.000000e+00 1.000000e+00
      outer loop
         vertex 6.169778e+00 1.621394e+01 6.000000e+01
         vertex 6.786062e+00 1.683022e+01 6.000000e+01
         vertex 0.000000e+00 2.300000e+01 6.000000e+01
      endloop
   endfacet
   facet normal 0.000000e+00 0.000000e+00 1.000000e+00
      outer loop
         vertex 0.000000e+00 2.300000e+01 6.000000e+01
         vertex 6.786062e+00 1.683022e+01 6.000000e+01
         vertex 7.500000e+00 1.733013e+01 6.000000e+01
      endloop
   endfacet
   facet normal 0.000000e+00 0.000000e+00 1.000000e+00
      outer loop
         vertex 0.000000e+00 2.300000e+01 6.000000e+01
         vertex 7.500000e+00 1.733013e+01 6.000000e+01
         vertex 8.289899e+00 1.769846e+01 6.000000e+01
      endloop
   endfacet
   facet normal 9.961947e-01 8.715564e-02 0.000000e+00
      outer loop
         vertex 1.750000e+01 1.300000e+01 5.000000e+01
         vertex 1.738606e+01 1.430236e+01 1.600000e+01
         vertex 1.738606e+01 1.430236e+01 5.000000e+01
      endloop
   endfacet
   facet normal 9.659258e-01 2.588191e-01 0.000000e+00
      outer loop
         vertex 1.738606e+01 1.430236e+01 5.000000e+01
         vertex 1.738606e+01 1.430236e+01 1.600000e+01
         vertex 1.704769e+01 1.556515e+01 1.600000e+01
      endloop
   endfacet
   facet normal 9.659258e-01 2.588191e-01 0.000000e+00
      outer loop
         vertex 1.738606e+01 1.430236e+01 5.000000e+01
         vertex 1.704769e+01 1.556515e+01 1.600000e+01
         vertex 1.704769e+01 1.556515e+01 5.000000e+01
      endloop
   endfacet
   facet normal 9.063077e-01 4.226183e-01 0.000000e+00
      outer loop
         vertex 1.704769e+01 1.556515e+01 5.000000e+01
         vertex 1.704769e+01 1.556515e+01 1.600000e+01
         vertex 1.649519e+01 1.675000e+01 1.600000e+01
      endloop
   endfacet
   facet normal 9.063077e-01 4.226183e-01 0.000000e+00
      outer loop
         vertex 1.704769e+01 1.556515e+01 5.000000e+01
         vertex 1.649519e+01 1.675000e+01 1.600000e+01
         vertex 1.649519e+01 1.675000e+01 5.000000e+01
      endloop
   endfacet
   facet normal 8.191521e-01 5.735763e-01 0.000000e+00
      outer loop
         vertex 1.649519e+01 1.675000e+01 5.000000e+01
         vertex 1.649519e+01 1.675000e+01 1.600000e+01
         vertex 1.574533e+01 1.782091e+01 1.600000e+01
      endloop
   endfacet
   facet normal 8.191521e-01 5.735763e-01 0.000000e+00
      outer loop
         vertex 1.649519e+01 1.675000e+01 5.000000e+01
         vertex 1.574533e+01 1.782091e+01 1.600000e+01
         vertex 1.574533e+01 1.782091e+01 5.000000e+01
      endloop
   endfacet
   facet normal 7.071064e-01 7.071071e-01 0.000000e+00
      outer loop
         vertex 1.574533e+01 1.782091e+01 5.000000e+01
         vertex 1.574533e+01 1.782091e+01 1.600000e+01
         vertex 1.482091e+01 1.874533e+01 1.600000e+01
      endloop
   endfacet
   facet normal 7.071064e-01 7.071071e-01 0.000000e+00
      outer loop
         vertex 1.574533e+01 1.782091e+01 5.000000e+01
         vertex 1.482091e+01 1.874533e+01 1.600000e+01
         vertex 1.482091e+01 1.874533e+01 5.000000e+01
      endloop
   endfacet
   facet normal 5.735769e-01 8.191517e-01 0.000000e+00
      outer loop
         vertex 1.482091e+01 1.874533e+01 5.000000e+01
         vertex 1.482091e+01 1.874533e+01 1.600000e+01
         vertex 1.375000e+01 1.949519e+01 1.600000e+01
      endloop
   endfacet
   facet normal 5.735769e-01 8.191517e-01 0.000000e+00
      outer loop
         vertex 1.482091e+01 1.874533e+01 5.000000e+01
         vertex 1.375000e+01 1.949519e+01 1.600000e+01
         vertex 1.375000e+01 1.949519e+01 5.000000e+01
      endloop
   endfacet
   facet normal 4.226178e-01 9.063080e-01 0.000000e+00
      outer loop
         vertex 1.375000e+01 1.949519e+01 5.000000e+01
         vertex 1.375000e+01 1.949519e+01 1.600000e+01
         vertex 1.256515e+01 2.004769e+01 1.600000e+01
      endloop
   endfacet
   facet normal 4.226178e-01 9.063080e-01 0.000000e+00
      outer loop
         vertex 1.375000e+01 1.949519e+01 5.000000e+01
         vertex 1.256515e+01 2.004769e+01 1.600000e+01
         vertex 1.256515e+01 2.004769e+01 5.000000e+01
      endloop
   endfacet
   facet normal 2.588197e-01 9.659257e-01 0.000000e+00
      outer loop
         vertex 1.256515e+01 2.004769e+01 5.000000e+01
         vertex 1.256515e+01 2.004769e+01 1.600000e+01
         vertex 1.130236e+01 2.038606e+01 1.600000e+01
      endloop
   endfacet
   facet normal 2.588197e-01 9.659257e-01 0.000000e+00
      outer loop
         vertex 1.256515e+01 2.004769e+01 5.000000e+01
         vertex 1.130236e+01 2.038606e+01 1.600000e+01
         vertex 1.130236e+01 2.038606e+01 5.000000e+01
      endloop
   endfacet
   facet normal 8.715565e-02 9.961947e-01 0.000000e+00
      outer loop
         vertex 1.130236e+01 2.038606e+01 5.000000e+01
         vertex 1.130236e+01 2.038606e+01 1.600000e+01
         vertex 1.000000e+01 2.050000e+01 1.600000e+01
      endloop
   endfacet
   facet normal 8.715565e-02 9.961947e-01 0.000000e+00
      outer loop
         vertex 1.130236e+01 2.038606e+01 5.000000e+01
         vertex 1.000000e+01 2.050000e+01 1.600000e+01
         vertex 1.000000e+01 2.050000e+01 5.000000e+01
      endloop
   endfacet
   facet normal -8.715565e-02 9.961947e-01 0.000000e+00
      outer loop
         vertex 1.000000e+01 2.050000e+01 5.000000e+01
         vertex 1.000000e+01 2.050000e+01 1.600000e+01
         vertex 8.697638e+00 2.038606e+01 1.600000e+01
      endloop
   endfacet
   facet normal -8.715565e-02 9.961947e-01 0.000000e+00
      outer loop
         vertex 1.000000e+01 2.050000e+01 5.000000e+01
         vertex 8.697638e+00 2.038606e+01 1.600000e+01
         vertex 8.697638e+00 2.038606e+01 5.000000e+01
      endloop
   endfacet
   facet normal -2.588197e-01 9.659257e-01 0.000000e+00
      outer loop
         vertex 8.697638e+00 2.038606e+01 5.000000e+01
         vertex 8.697638e+00 2.038606e+01 1.600000e+01
         vertex 7.434849e+00 2.004769e+01 1.600000e+01
      endloop
   endfacet
   facet normal -2.588197e-01 9.659257e-01 0.000000e+00
      outer loop
         vertex 8.697638e+00 2.038606e+01 5.000000e+01
         vertex 7.434849e+00 2.004769e+01 1.600000e+01
         vertex 7.434849e+00 2.004769e+01 5.000000e+01
      endloop
   endfacet
   facet normal -4.226178e-01 9.063080e-01 0.000000e+00
      outer loop
         vertex 7.434849e+00 2.004769e+01 5.000000e+01
         vertex 7.434849e+00 2.004769e+01 1.600000e+01
         vertex 6.250000e+00 1.949519e+01 1.600000e+01
      endloop
   endfacet
   facet normal -4.226178e-01 9.063080e-01 0.000000e+00
      outer loop
         vertex 7.434849e+00 2.004769e+01 5.000000e+01
         vertex 6.250000e+00 1.949519e+01 1.600000e+01
         vertex 6.250000e+00 1.949519e+01 5.000000e+01
      endloop
   endfacet
   facet normal -5.735769e-01 8.191517e-01 0.000000e+00
      outer loop
         vertex 6.250000e+00 1.949519e+01 5.000000e+01
         vertex 6.250000e+00 1.949519e+01 1.600000e+01
         vertex 5.179093e+00 1.874533e+01 1.600000e+01
      endloop
   endfacet
   facet normal -5.735769e-01 8.191517e-01 0.000000e+00
      outer loop
         vertex 6.250000e+00 1.949519e+01 5.000000e+01
         vertex 5.179093e+00 1.874533e+01 1.600000e+01
         vertex 5.179093e+00 1.874533e+01 5.000000e+01
      endloop
   endfacet
   facet normal -7.071064e-01 7.071071e-01 0.000000e+00
      outer loop
         vertex 5.179093e+00 1.874533e+01 5.000000e+01
         vertex 5.179093e+00 1.874533e+01 1.600000e+01
         vertex 4.254667e+00 1.782091e+01 1.600000e+01
      endloop
   endfacet
   facet normal -7.071064e-01 7.071071e-01 0.000000e+00
      outer loop
         vertex 5.179093e+00 1.874533e+01 5.000000e+01
         vertex 4.254667e+00 1.782091e+01 1.600000e+01
         vertex 4.254667e+00 1.782091e+01 5.000000e+01
      endloop
   endfacet
   facet normal -8.191521e-01 5.735763e-01 0.000000e+00
      outer loop
         vertex 4.254667e+00 1.782091e+01 5.000000e+01
         vertex 4.254667e+00 1.782091e+01 1.600000e+01
         vertex 3.504809e+00 1.675000e+01 1.600000e+01
      endloop
   endfacet
   facet normal -8.191521e-01 5.735763e-01 0.000000e+00
      outer loop
         vertex 4.254667e+00 1.782091e+01 5.000000e+01
         vertex 3.504809e+00 1.675000e+01 1.600000e+01
         vertex 3.504809e+00 1.675000e+01 5.000000e+01
      endloop
   endfacet
   facet normal -9.063077e-01 4.226183e-01 0.000000e+00
      outer loop
         vertex 3.504809e+00 1.675000e+01 5.000000e+01
         vertex 3.504809e+00 1.675000e+01 1.600000e+01
         vertex 2.952305e+00 1.556515e+01 1.600000e+01
      endloop
   endfacet
   facet normal -9.063077e-01 4.226183e-01 0.000000e+00
      outer loop
         vertex 3.504809e+00 1.675000e+01 5.000000e+01
         vertex 2.952305e+00 1.556515e+01 1.600000e+01
         vertex 2.952305e+00 1.556515e+01 5.000000e+01
      endloop
   endfacet
   facet normal -9.659258e-01 2.588191e-01 0.000000e+00
      outer loop
         vertex 2.952305e+00 1.556515e+01 5.000000e+01
         vertex 2.952305e+00 1.556515e+01 1.600000e+01
         vertex 2.613942e+00 1.430236e+01 1.600000e+01
      endloop
   endfacet
   facet normal -9.659258e-01 2.588191e-01 0.000000e+00
      outer loop
         vertex 2.952305e+00 1.556515e+01 5.000000e+01
         vertex 2.613942e+00 1.430236e+01 1.600000e+01
         vertex 2.613942e+00 1.430236e+01 5.000000e+01
      endloop
   endfacet
   facet normal -9.961947e-01 8.715564e-02 0.000000e+00
      outer loop
         vertex 2.613942e+00 1.430236e+01 5.000000e+01
         vertex 2.613942e+00 1.430236e+01 1.600000e+01
         vertex 2.500000e+00 1.300000e+01 1.600000e+01
      endloop
   endfacet
   facet normal -9.961947e-01 8.715564e-02 0.000000e+00
      outer loop
         vertex 2.613942e+00 1.430236e+01 5.000000e+01
         vertex 2.500000e+00 1.300000e+01 1.600000e+01
         vertex 2.500000e+00 1.300000e+01 5.000000e+01
      endloop
   endfacet
   facet normal -9.961947e-01 -8.715564e-02 -0.000000e+00
      outer loop
         vertex 2.500000e+00 1.300000e+01 5.000000e+01
         vertex 2.500000e+00 1.300000e+01 1.600000e+01
         vertex 2.613942e+00 1.169764e+01 1.600000e+01
      endloop
   endfacet
   facet normal -9.961947e-01 -8.715564e-02 0.000000e+00
      outer loop
         vertex 2.500000e+00 1.300000e+01 5.000000e+01
         vertex 2.613942e+00 1.169764e+01 1.600000e+01
         vertex 2.613942e+00 1.169764e+01 5.000000e+01
      endloop
   endfacet
   facet normal -9.659258e-01 -2.588191e-01 -0.000000e+00
      outer loop
         vertex 2.613942e+00 1.169764e+01 5.000000e+01
         vertex 2.613942e+00 1.169764e+01 1.600000e+01
         vertex 2.952305e+00 1.043485e+01 1.600000e+01
      endloop
   endfacet
   facet normal -9.659258e-01 -2.588191e-01 0.000000e+00
      outer loop
         vertex 2.613942e+00 1.169764e+01 5.000000e+01
         vertex 2.952305e+00 1.043485e+01 1.600000e+01
         vertex 2.952305e+00 1.043485e+01 5.000000e+01
      endloop
   endfacet
   facet normal -9.063077e-01 -4.226185e-01 -0.000000e+00
      outer loop
         vertex 2.952305e+00 1.043485e+01 5.000000e+01
         vertex 2.952305e+00 1.043485e+01 1.600000e+01
         vertex 3.504809e+00 9.250000e+00 1.600000e+01
      endloop
   endfacet
   facet normal -9.063077e-01 -4.226185e-01 0.000000e+00
      outer loop
         vertex 2.952305e+00 1.043485e+01 5.000000e+01
         vertex 3.504809e+00 9.250000e+00 1.600000e+01
         vertex 3.504809e+00 9.250000e+00 5.000000e+01
      endloop
   endfacet
   facet normal -8.191521e-01 -5.735763e-01 -0.000000e+00
      outer loop
         vertex 3.504809e+00 9.250000e+00 5.000000e+01
         vertex 3.504809e+00 9.250000e+00 1.600000e+01
         vertex 4.254667e+00 8.179093e+00 1.600000e+01
      endloop
   endfacet
   facet normal -8.191521e-01 -5.735763e-01 0.000000e+00
      outer loop
         vertex 3.504809e+00 9.250000e+00 5.000000e+01
         vertex 4.254667e+00 8.179093e+00 1.600000e+01
         vertex 4.254667e+00 8.179093e+00 5.000000e+01
      endloop
   endfacet
   facet normal -7.071068e-01 -7.071068e-01 -0.000000e+00
      outer loop
         vertex 4.254667e+00 8.179093e+00 5.000000e+01
         vertex 4.254667e+00 8.179093e+00 1.600000e+01
         vertex 5.179093e+00 7.254667e+00 1.600000e+01
      endloop
   endfacet
   facet normal -7.071068e-01 -7.071068e-01 0.000000e+00
      outer loop
         vertex 4.254667e+00 8.179093e+00 5.000000e+01
         vertex 5.179093e+00 7.254667e+00 1.600000e+01
         vertex 5.179093e+00 7.254667e+00 5.000000e+01
      endloop
   endfacet
   facet normal -5.735764e-01 -8.191521e-01 -0.000000e+00
      outer loop
         vertex 5.179093e+00 7.254667e+00 5.000000e+01
         vertex 5.179093e+00 7.254667e+00 1.600000e+01
         vertex 6.250000e+00 6.504809e+00 1.600000e+01
      endloop
   endfacet
   facet normal -5.735764e-01 -8.191521e-01 0.000000e+00
      outer loop
         vertex 5.179093e+00 7.254667e+00 5.000000e+01
         vertex 6.250000e+00 6.504809e+00 1.600000e+01
         vertex 6.250000e+00 6.504809e+00 5.000000e+01
      endloop
   endfacet
   facet normal -4.226183e-01 -9.063078e-01 -0.000000e+00
      outer loop
         vertex 6.250000e+00 6.504809e+00 5.000000e+01
         vertex 6.250000e+00 6.504809e+00 1.600000e+01
         vertex 7.434849e+00 5.952305e+00 1.600000e+01
      endloop
   endfacet
   facet normal -4.226183e-01 -9.063078e-01 0.000000e+00
      outer loop
         vertex 6.250000e+00 6.504809e+00 5.000000e+01
         vertex 7.434849e+00 5.952305e+00 1.600000e+01
         vertex 7.434849e+00 5.952305e+00 5.000000e+01
      endloop
   endfacet
   facet normal -2.588190e-01 -9.659258e-01 -0.000000e+00
      outer loop
         vertex 7.434849e+00 5.952305e+00 5.000000e+01
         vertex 7.434849e+00 5.952305e+00 1.600000e+01
         vertex 8.697638e+00 5.613942e+00 1.600000e+01
      endloop
   endfacet
   facet normal -2.588190e-01 -9.659258e-01 0.000000e+00
      outer loop
         vertex 7.434849e+00 5.952305e+00 5.000000e+01
         vertex 8.697638e+00 5.613942e+00 1.600000e+01
         vertex 8.697638e+00 5.613942e+00 5.000000e+01
      endloop
   endfacet
   facet normal -8.715582e-02 -9.961947e-01 -0.000000e+00
      outer loop
         vertex 8.697638e+00 5.613942e+00 5.000000e+01
         vertex 8.697638e+00 5.613942e+00 1.600000e+01
         vertex 1.000000e+01 5.500000e+00 1.600000e+01
      endloop
   endfacet
   facet normal -8.715582e-02 -9.961947e-01 0.000000e+00
      outer loop
         vertex 8.697638e+00 5.613942e+00 5.000000e+01
         vertex 1.000000e+01 5.500000e+00 1.600000e+01
         vertex 1.000000e+01 5.500000e+00 5.000000e+01
      endloop
   endfacet
   facet normal 8.715582e-02 -9.961947e-01 0.000000e+00
      outer loop
         vertex 1.000000e+01 5.500000e+00 5.000000e+01
         vertex 1.000000e+01 5.500000e+00 1.600000e+01
         vertex 1.130236e+01 5.613942e+00 1.600000e+01
      endloop
   endfacet
   facet normal 8.715582e-02 -9.961947e-01 0.000000e+00
      outer loop
         vertex 1.000000e+01 5.500000e+00 5.000000e+01
         vertex 1.130236e+01 5.613942e+00 1.600000e+01
         vertex 1.130236e+01 5.613942e+00 5.000000e+01
      endloop
   endfacet
   facet normal 2.588190e-01 -9.659258e-01 0.000000e+00
      outer loop
         vertex 1.130236e+01 5.613942e+00 5.000000e+01
         vertex 1.130236e+01 5.613942e+00 1.600000e+01
         vertex 1.256515e+01 5.952305e+00 1.600000e+01
      endloop
   endfacet
   facet normal 2.588190e-01 -9.659258e-01 0.000000e+00
      outer loop
         vertex 1.130236e+01 5.613942e+00 5.000000e+01
         vertex 1.256515e+01 5.952305e+00 1.600000e+01
         vertex 1.256515e+01 5.952305e+00 5.000000e+01
      endloop
   endfacet
   facet normal 4.226183e-01 -9.063078e-01 0.000000e+00
      outer loop
         vertex 1.256515e+01 5.952305e+00 5.000000e+01
         vertex 1.256515e+01 5.952305e+00 1.600000e+01
         vertex 1.375000e+01 6.504809e+00 1.600000e+01
      endloop
   endfacet
   facet normal 4.226183e-01 -9.063078e-01 0.000000e+00
      outer loop
         vertex 1.256515e+01 5.952305e+00 5.000000e+01
         vertex 1.375000e+01 6.504809e+00 1.600000e+01
         vertex 1.375000e+01 6.504809e+00 5.000000e+01
      endloop
   endfacet
   facet normal 5.735764e-01 -8.191521e-01 0.000000e+00
      outer loop
         vertex 1.375000e+01 6.504809e+00 5.000000e+01
         vertex 1.375000e+01 6.504809e+00 1.600000e+01
         vertex 1.482091e+01 7.254667e+00 1.600000e+01
      endloop
   endfacet
   facet normal 5.735764e-01 -8.191521e-01 0.000000e+00
      outer loop
         vertex 1.375000e+01 6.504809e+00 5.000000e+01
         vertex 1.482091e+01 7.254667e+00 1.600000e+01
         vertex 1.482091e+01 7.254667e+00 5.000000e+01
      endloop
   endfacet
   facet normal 7.071068e-01 -7.071068e-01 0.000000e+00
      outer loop
         vertex 1.482091e+01 7.254667e+00 5.000000e+01
         vertex 1.482091e+01 7.254667e+00 1.600000e+01
         vertex 1.574533e+01 8.179093e+00 1.600000e+01
      endloop
   endfacet
   facet normal 7.071068e-01 -7.071068e-01 0.000000e+00
      outer loop
         vertex 1.482091e+01 7.254667e+00 5.000000e+01
         vertex 1.574533e+01 8.179093e+00 1.600000e+01
         vertex 1.574533e+01 8.179093e+00 5.000000e+01
      endloop
   endfacet
   facet normal 8.191521e-01 -5.735763e-01 0.000000e+00
      outer loop
         vertex 1.574533e+01 8.179093e+00 5.000000e+01
         vertex 1.574533e+01 8.179093e+00 1.600000e+01
         vertex 1.649519e+01 9.250000e+00 1.600000e+01
      endloop
   endfacet
   facet normal 8.191521e-01 -5.735763e-01 0.000000e+00
      outer loop
         vertex 1.574533e+01 8.179093e+00 5.000000e+01
         vertex 1.649519e+01 9.250000e+00 1.600000e+01
         vertex 1.649519e+01 9.250000e+00 5.000000e+01
      endloop
   endfacet
   facet normal 9.063077e-01 -4.226185e-01 0.000000e+00
      outer loop
         vertex 1.649519e+01 9.250000e+00 5.000000e+01
         vertex 1.649519e+01 9.250000e+00 1.600000e+01
         vertex 1.704769e+01 1.043485e+01 1.600000e+01
      endloop
   endfacet
   facet normal 9.063077e-01 -4.226185e-01 0.000000e+00
      outer loop
         vertex 1.649519e+01 9.250000e+00 5.000000e+01
         vertex 1.704769e+01 1.043485e+01 1.600000e+01
         vertex 1.704769e+01 1.043485e+01 5.000000e+01
      endloop
   endfacet
   facet normal 9.659258e-01 -2.588191e-01 0.000000e+00
      outer loop
         vertex 1.704769e+01 1.043485e+01 5.000000e+01
         vertex 1.704769e+01 1.043485e+01 1.600000e+01
         vertex 1.738606e+01 1.169764e+01 1.600000e+01
      endloop
   endfacet
   facet normal 9.659258e-01 -2.588191e-01 0.000000e+00
      outer loop
         vertex 1.704769e+01 1.043485e+01 5.000000e+01
         vertex 1.738606e+01 1.169764e+01 1.600000e+01
         vertex 1.738606e+01 1.169764e+01 5.000000e+01
      endloop
   endfacet
   facet normal 9.961947e-01 -8.715564e-02 0.000000e+00
      outer loop
         vertex 1.738606e+01 1.169764e+01 5.000000e+01
         vertex 1.738606e+01 1.169764e+01 1.600000e+01
         vertex 1.750000e+01 1.300000e+01 1.600000e+01
      endloop
   endfacet
   facet normal 9.961947e-01 -8.715564e-02 0.000000e+00
      outer loop
         vertex 1.738606e+01 1.169764e+01 5.000000e+01
         vertex 1.750000e+01 1.300000e+01 1.600000e+01
         vertex 1.750000e+01 1.300000e+01 5.000000e+01
      endloop
   endfacet
   facet normal 9.961947e-01 8.715564e-02 0.000000e+00
      outer loop
         vertex 1.750000e+01 1.300000e+01 5.000000e+01
         vertex 1.750000e+01 1.300000e+01 1.600000e+01
         vertex 1.738606e+01 1.430236e+01 1.600000e+01
      endloop
   endfacet
   facet normal -0.000000e+00 0.000000e+00 -1.000000e+00
      outer loop
         vertex 9.131759e+00 8.075961e+00 1.600000e+01
         vertex 8.697638e+00 5.613942e+00 1.600000e+01
         vertex 8.289899e+00 8.301537e+00 1.600000e+01
      endloop
   endfacet
   facet normal 0.000000e+00 -0.000000e+00 -1.000000e+00
      outer loop
         vertex 8.289899e+00 8.301537e+00 1.600000e+01
         vertex 8.697638e+00 5.613942e+00 1.600000e+01
         vertex 7.434849e+00 5.952305e+00 1.600000e+01
      endloop
   endfacet
   facet normal -0.000000e+00 0.000000e+00 -1.000000e+00
      outer loop
         vertex 8.289899e+00 8.301537e+00 1.600000e+01
         vertex 7.434849e+00 5.952305e+00 1.600000e+01
         vertex 7.500000e+00 8.669873e+00 1.600000e+01
      endloop
   endfacet
   facet normal 0.000000e+00 0.000000e+00 -1.000000e+00
      outer loop
         vertex 7.500000e+00 8.669873e+00 1.600000e+01
         vertex 7.434849e+00 5.952305e+00 1.600000e+01
         vertex 6.250000e+00 6.504809e+00 1.600000e+01
      endloop
   endfacet
   facet normal -0.000000e+00 0.000000e+00 -1.000000e+00
      outer loop
         vertex 7.500000e+00 8.669873e+00 1.600000e+01
         vertex 6.250000e+00 6.504809e+00 1.600000e+01
         vertex 6.786062e+00 9.169778e+00 1.600000e+01
      endloop
   endfacet
   facet normal 0.000000e+00 0.000000e+00 -1.000000e+00
      outer loop
         vertex 6.786062e+00 9.169778e+00 1.600000e+01
         vertex 6.250000e+00 6.504809e+00 1.600000e+01
         vertex 5.179093e+00 7.254667e+00 1.600000e+01
      endloop
   endfacet
   facet normal -0.000000e+00 0.000000e+00 -1.000000e+00
      outer loop
         vertex 6.786062e+00 9.169778e+00 1.600000e+01
         vertex 5.179093e+00 7.254667e+00 1.600000e+01
         vertex 6.169778e+00 9.786062e+00 1.600000e+01
      endloop
   endfacet
   facet normal 0.000000e+00 0.000000e+00 -1.000000e+00
      outer loop
         vertex 6.169778e+00 9.786062e+00 1.600000e+01
         vertex 5.179093e+00 7.254667e+00 1.600000e+01
         vertex 4.254667e+00 8.179093e+00 1.600000e+01
      endloop
   endfacet
   facet normal -0.000000e+00 0.000000e+00 -1.000000e+00
      outer loop
         vertex 6.169778e+00 9.786062e+00 1.600000e+01
         vertex 4.254667e+00 8.179093e+00 1.600000e+01
         vertex 5.669873e+00 1.050000e+01 1.600000e+01
      endloop
   endfacet
   facet normal 0.000000e+00 0.000000e+00 -1.000000e+00
      outer loop
         vertex 5.669873e+00 1.050000e+01 1.600000e+01
         vertex 4.254667e+00 8.179093e+00 1.600000e+01
         vertex 3.504809e+00 9.250000e+00 1.600000e+01
      endloop
   endfacet
   facet normal -0.000000e+00 0.000000e+00 -1.000000e+00
      outer loop
         vertex 5.669873e+00 1.050000e+01 1.600000e+01
         vertex 3.504809e+00 9.250000e+00 1.600000e+01
         vertex 5.301537e+00 1.128990e+01 1.600000e+01
      endloop
   endfacet
   facet normal 0.000000e+00 0.000000e+00 -1.000000e+00
      outer loop
         vertex 5.301537e+00 1.128990e+01 1.600000e+01
         vertex 3.504809e+00 9.250000e+00 1.600000e+01
         vertex 2.952305e+00 1.043485e+01 1.600000e+01
      endloop
   endfacet
   facet normal -0.000000e+00 0.000000e+00 -1.000000e+00
      outer loop
         vertex 5.301537e+00 1.128990e+01 1.600000e+01
         vertex 2.952305e+00 1.043485e+01 1.600000e+01
         vertex 5.075961e+00 1.213176e+01 1.600000e+01
      endloop
   endfacet
   facet normal 0.000000e+00 0.000000e+00 -1.000000e+00
      outer loop
         vertex 5.075961e+00 1.213176e+01 1.600000e+01
         vertex 2.952305e+00 1.043485e+01 1.600000e+01
         vertex 2.613942e+00 1.169764e+01 1.600000e+01
      endloop
   endfacet
   facet normal -0.000000e+00 0.000000e+00 -1.000000e+00
      outer loop
         vertex 5.075961e+00 1.213176e+01 1.600000e+01
         vertex 2.613942e+00 1.169764e+01 1.600000e+01
         vertex 5.000000e+00 1.300000e+01 1.600000e+01
      endloop
   endfacet
   facet normal -0.000000e+00 0.000000e+00 -1.000000e+00
      outer loop
         vertex 5.000000e+00 1.300000e+01 1.600000e+01
         vertex 2.613942e+00 1.169764e+01 1.600000e+01
         vertex 2.500000e+00 1.300000e+01 1.600000e+01
      endloop
   endfacet
   facet normal 0.000000e+00 0.000000e+00 -1.000000e+00
      outer loop
         vertex 5.000000e+00 1.300000e+01 1.600000e+01
         vertex 2.500000e+00 1.300000e+01 1.600000e+01
         vertex 5.075961e+00 1.386824e+01 1.600000e+01
      endloop
   endfacet
   facet normal -0.000000e+00 0.000000e+00 -1.000000e+00
      outer loop
         vertex 5.075961e+00 1.386824e+01 1.600000e+01
         vertex 2.500000e+00 1.300000e+01 1.600000e+01
         vertex 2.613942e+00 1.430236e+01 1.600000e+01
      endloop
   endfacet
   facet normal 0.000000e+00 0.000000e+00 -1.000000e+00
      outer loop
         vertex 5.075961e+00 1.386824e+01 1.600000e+01
         vertex 2.613942e+00 1.430236e+01 1.600000e+01
         vertex 5.301537e+00 1.471010e+01 1.600000e+01
      endloop
   endfacet
   facet normal -0.000000e+00 0.000000e+00 -1.000000e+00
      outer loop
         vertex 5.301537e+00 1.471010e+01 1.600000e+01
         vertex 2.613942e+00 1.430236e+01 1.600000e+01
         vertex 2.952305e+00 1.556515e+01 1.600000e+01
      endloop
   endfacet
   facet normal 0.000000e+00 0.000000e+00 -1.000000e+00
      outer loop
         vertex 5.301537e+00 1.471010e+01 1.600000e+01
         vertex 2.952305e+00 1.556515e+01 1.600000e+01
         vertex 5.669873e+00 1.550000e+01 1.600000e+01
      endloop
   endfacet
   facet normal 0.000000e+00 0.000000e+00 -1.000000e+00
      outer loop
         vertex 5.669873e+00 1.550000e+01 1.600000e+01
         vertex 2.952305e+00 1.556515e+01 1.600000e+01
         vertex 3.504809e+00 1.675000e+01 1.600000e+01
      endloop
   endfacet
   facet normal 0.000000e+00 0.000000e+00 -1.000000e+00
      outer loop
         vertex 5.669873e+00 1.550000e+01 1.600000e+01
         vertex 3.504809e+00 1.675000e+01 1.600000e+01
         vertex 6.169778e+00 1.621394e+01 1.600000e+01
      endloop
   endfacet
   facet normal 0.000000e+00 0.000000e+00 -1.000000e+00
      outer loop
         vertex 6.169778e+00 1.621394e+01 1.600000e+01
         vertex 3.504809e+00 1.675000e+01 1.600000e+01
         vertex 4.254667e+00 1.782091e+01 1.600000e+01
      endloop
   endfacet
   facet normal 0.000000e+00 0.000000e+00 -1.000000e+00
      outer loop
         vertex 6.169778e+00 1.621394e+01 1.600000e+01
         vertex 4.254667e+00 1.782091e+01 1.600000e+01
         vertex 6.786062e+00 1.683022e+01 1.600000e+01
      endloop
   endfacet
   facet normal 0.000000e+00 0.000000e+00 -1.000000e+00
      outer loop
         vertex 6.786062e+00 1.683022e+01 1.600000e+01
         vertex 4.254667e+00 1.782091e+01 1.600000e+01
         vertex 5.179093e+00 1.874533e+01 1.600000e+01
      endloop
   endfacet
   facet normal 0.000000e+00 0.000000e+00 -1.000000e+00
      outer loop
         vertex 6.786062e+00 1.683022e+01 1.600000e+01
         vertex 5.179093e+00 1.874533e+01 1.600000e+01
         vertex 7.500000e+00 1.733013e+01 1.600000e+01
      endloop
   endfacet
   facet normal 0.000000e+00 0.000000e+00 -1.000000e+00
      outer loop
         vertex 7.500000e+00 1.733013e+01 1.600000e+01
         vertex 5.179093e+00 1.874533e+01 1.600000e+01
         vertex 6.250000e+00 1.949519e+01 1.600000e+01
      endloop
   endfacet
   facet normal 0.000000e+00 0.000000e+00 -1.000000e+00
      outer loop
         vertex 7.500000e+00 1.733013e+01 1.600000e+01
         vertex 6.250000e+00 1.949519e+01 1.600000e+01
         vertex 8.289899e+00 1.769846e+01 1.600000e+01
      endloop
   endfacet
   facet normal 0.000000e+00 0.000000e+00 -1.000000e+00
      outer loop
         vertex 8.289899e+00 1.769846e+01 1.600000e+01
         vertex 6.250000e+00 1.949519e+01 1.600000e+01
         vertex 7.434849e+00 2.004769e+01 1.600000e+01
      endloop
   endfacet
   facet normal 0.000000e+00 0.000000e+00 -1.000000e+00
      outer loop
         vertex 8.289899e+00 1.769846e+01 1.600000e+01
         vertex 7.434849e+00 2.004769e+01 1.600000e+01
         vertex 9.131759e+00 1.792404e+01 1.600000e+01
      endloop
   endfacet
   facet normal 0.000000e+00 0.000000e+00 -1.000000e+00
      outer loop
         vertex 9.131759e+00 1.792404e+01 1.600000e+01
         vertex 7.434849e+00 2.004769e+01 1.600000e+01
         vertex 8.697638e+00 2.038606e+01 1.600000e+01
      endloop
   endfacet
   facet normal 0.000000e+00 0.000000e+00 -1.000000e+00
      outer loop
         vertex 9.131759e+00 1.792404e+01 1.600000e+01
         vertex 8.697638e+00 2.038606e+01 1.600000e+01
         vertex 1.000000e+01 1.800000e+01 1.600000e+01
      endloop
   endfacet
   facet normal 0.000000e+00 0.000000e+00 -1.000000e+00
      outer loop
         vertex 1.000000e+01 1.800000e+01 1.600000e+01
         vertex 8.697638e+00 2.038606e+01 1.600000e+01
         vertex 1.000000e+01 2.050000e+01 1.600000e+01
      endloop
   endfacet
   facet normal 0.000000e+00 0.000000e+00 -1.000000e+00
      outer loop
         vertex 1.000000e+01 1.800000e+01 1.600000e+01
         vertex 1.000000e+01 2.050000e+01 1.600000e+01
         vertex 1.086824e+01 1.792404e+01 1.600000e+01
      endloop
   endfacet
   facet normal 0.000000e+00 0.000000e+00 -1.000000e+00
      outer loop
         vertex 1.086824e+01 1.792404e+01 1.600000e+01
         vertex 1.000000e+01 2.050000e+01 1.600000e+01
         vertex 1.130236e+01 2.038606e+01 1.600000e+01
      endloop
   endfacet
   facet normal 0.000000e+00 0.000000e+00 -1.000000e+00
      outer loop
         vertex 1.086824e+01 1.792404e+01 1.600000e+01
         vertex 1.130236e+01 2.038606e+01 1.600000e+01
         vertex 1.171010e+01 1.769846e+01 1.600000e+01
      endloop
   endfacet
   facet normal 0.000000e+00 0.000000e+00 -1.000000e+00
      outer loop
         vertex 1.171010e+01 1.769846e+01 1.600000e+01
         vertex 1.130236e+01 2.038606e+01 1.600000e+01
         vertex 1.256515e+01 2.004769e+01 1.600000e+01
      endloop
   endfacet
   facet normal 0.000000e+00 0.000000e+00 -1.000000e+00
      outer loop
         vertex 1.171010e+01 1.769846e+01 1.600000e+01
         vertex 1.256515e+01 2.004769e+01 1.600000e+01
         vertex 1.250000e+01 1.733013e+01 1.600000e+01
      endloop
   endfacet
   facet normal 0.000000e+00 0.000000e+00 -1.000000e+00
      outer loop
         vertex 1.250000e+01 1.733013e+01 1.600000e+01
         vertex 1.256515e+01 2.004769e+01 1.600000e+01
         vertex 1.375000e+01 1.949519e+01 1.600000e+01
      endloop
   endfacet
   facet normal 0.000000e+00 0.000000e+00 -1.000000e+00
      outer loop
         vertex 1.250000e+01 1.733013e+01 1.600000e+01
         vertex 1.375000e+01 1.949519e+01 1.600000e+01
         vertex 1.321394e+01 1.683022e+01 1.600000e+01
      endloop
   endfacet
   facet normal 0.000000e+00 0.000000e+00 -1.000000e+00
      outer loop
         vertex 1.321394e+01 1.683022e+01 1.600000e+01
         vertex 1.375000e+01 1.949519e+01 1.600000e+01
         vertex 1.482091e+01 1.874533e+01 1.600000e+01
      endloop
   endfacet
   facet normal 0.000000e+00 0.000000e+00 -1.000000e+00
      outer loop
         vertex 1.321394e+01 1.683022e+01 1.600000e+01
         vertex 1.482091e+01 1.874533e+01 1.600000e+01
         vertex 1.383022e+01 1.621394e+01 1.600000e+01
      endloop
   endfacet
   facet normal 0.000000e+00 0.000000e+00 -1.000000e+00
      outer loop
         vertex 1.383022e+01 1.621394e+01 1.600000e+01
         vertex 1.482091e+01 1.874533e+01 1.600000e+01
         vertex 1.574533e+01 1.782091e+01 1.600000e+01
      endloop
   endfacet
   facet normal 0.000000e+00 0.000000e+00 -1.000000e+00
      outer loop
         vertex 1.383022e+01 1.621394e+01 1.600000e+01
         vertex 1.574533e+01 1.782091e+01 1.600000e+01
         vertex 1.433013e+01 1.550000e+01 1.600000e+01
      endloop
   endfacet
   facet normal 0.000000e+00 0.000000e+00 -1.000000e+00
      outer loop
         vertex 1.433013e+01 1.550000e+01 1.600000e+01
         vertex 1.574533e+01 1.782091e+01 1.600000e+01
         vertex 1.649519e+01 1.675000e+01 1.600000e+01
      endloop
   endfacet
   facet normal 0.000000e+00 0.000000e+00 -1.000000e+00
      outer loop
         vertex 1.433013e+01 1.550000e+01 1.600000e+01
         vertex 1.649519e+01 1.675000e+01 1.600000e+01
         vertex 1.469846e+01 1.471010e+01 1.600000e+01
      endloop
   endfacet
   facet normal 0.000000e+00 0.000000e+00 -1.000000e+00
      outer loop
         vertex 1.469846e+01 1.471010e+01 1.600000e+01
         vertex 1.649519e+01 1.675000e+01 1.600000e+01
         vertex 1.704769e+01 1.556515e+01 1.600000e+01
      endloop
   endfacet
   facet normal 0.000000e+00 0.000000e+00 -1.000000e+00
      outer loop
         vertex 1.469846e+01 1.471010e+01 1.600000e+01
         vertex 1.704769e+01 1.556515e+01 1.600000e+01
         vertex 1.492404e+01 1.386824e+01 1.600000e+01
      endloop
   endfacet
   facet normal 0.000000e+00 0.000000e+00 -1.000000e+00
      outer loop
         vertex 1.492404e+01 1.386824e+01 1.600000e+01
         vertex 1.704769e+01 1.556515e+01 1.600000e+01
         vertex 1.738606e+01 1.430236e+01 1.600000e+01
      endloop
   endfacet
   facet normal 0.000000e+00 0.000000e+00 -1.000000e+00
      outer loop
         vertex 1.492404e+01 1.386824e+01 1.600000e+01
         vertex 1.738606e+01 1.430236e+01 1.600000e+01
         vertex 1.500000e+01 1.300000e+01 1.600000e+01
      endloop
   endfacet
   facet normal 0.000000e+00 0.000000e+00 -1.000000e+00
      outer loop
         vertex 1.500000e+01 1.300000e+01 1.600000e+01
         vertex 1.738606e+01 1.430236e+01 1.600000e+01
         vertex 1.750000e+01 1.300000e+01 1.600000e+01
      endloop
   endfacet
   facet normal 0.000000e+00 -0.000000e+00 -1.000000e+00
      outer loop
         vertex 1.500000e+01 1.300000e+01 1.600000e+01
         vertex 1.750000e+01 1.300000e+01 1.600000e+01
         vertex 1.492404e+01 1.213176e+01 1.600000e+01
      endloop
   endfacet
   facet normal 0.000000e+00 0.000000e+00 -1.000000e+00
      outer loop
         vertex 1.492404e+01 1.213176e+01 1.600000e+01
         vertex 1.750000e+01 1.300000e+01 1.600000e+01
         vertex 1.738606e+01 1.169764e+01 1.600000e+01
      endloop
   endfacet
   facet normal 0.000000e+00 -0.000000e+00 -1.000000e+00
      outer loop
         vertex 1.492404e+01 1.213176e+01 1.600000e+01
         vertex 1.738606e+01 1.169764e+01 1.600000e+01
         vertex 1.469846e+01 1.128990e+01 1.600000e+01
      endloop
   endfacet
   facet normal 0.000000e+00 0.000000e+00 -1.000000e+00
      outer loop
         vertex 1.469846e+01 1.128990e+01 1.600000e+01
         vertex 1.738606e+01 1.169764e+01 1.600000e+01
         vertex 1.704769e+01 1.043485e+01 1.600000e+01
      endloop
   endfacet
   facet normal 0.000000e+00 -0.000000e+00 -1.000000e+00
      outer loop
         vertex 1.469846e+01 1.128990e+01 1.600000e+01
         vertex 1.704769e+01 1.043485e+01 1.600000e+01
         vertex 1.433013e+01 1.050000e+01 1.600000e+01
      endloop
   endfacet
   facet normal 0.000000e+00 0.000000e+00 -1.000000e+00
      outer loop
         vertex 1.433013e+01 1.050000e+01 1.600000e+01
         vertex 1.704769e+01 1.043485e+01 1.600000e+01
         vertex 1.649519e+01 9.250000e+00 1.600000e+01
      endloop
   endfacet
   facet normal 0.000000e+00 -0.000000e+00 -1.000000e+00
      outer loop
         vertex 1.433013e+01 1.050000e+01 1.600000e+01
         vertex 1.649519e+01 9.250000e+00 1.600000e+01
         vertex 1.383022e+01 9.786062e+00 1.600000e+01
      endloop
   endfacet
   facet normal 0.000000e+00 0.000000e+00 -1.000000e+00
      outer loop
         vertex 1.383022e+01 9.786062e+00 1.600000e+01
         vertex 1.649519e+01 9.250000e+00 1.600000e+01
         vertex 1.574533e+01 8.179093e+00 1.600000e+01
      endloop
   endfacet
   facet normal 0.000000e+00 -0.000000e+00 -1.000000e+00
      outer loop
         vertex 1.383022e+01 9.786062e+00 1.600000e+01
         vertex 1.574533e+01 8.179093e+00 1.600000e+01
         vertex 1.321394e+01 9.169778e+00 1.600000e+01
      endloop
   endfacet
   facet normal 0.000000e+00 0.000000e+00 -1.000000e+00
      outer loop
         vertex 1.321394e+01 9.169778e+00 1.600000e+01
         vertex 1.574533e+01 8.179093e+00 1.600000e+01
         vertex 1.482091e+01 7.254667e+00 1.600000e+01
      endloop
   endfacet
   facet normal 0.000000e+00 -0.000000e+00 -1.000000e+00
      outer loop
         vertex 1.321394e+01 9.169778e+00 1.600000e+01
         vertex 1.482091e+01 7.254667e+00 1.600000e+01
         vertex 1.250000e+01 8.669873e+00 1.600000e+01
      endloop
   endfacet
   facet normal 0.000000e+00 0.000000e+00 -1.000000e+00
      outer loop
         vertex 1.250000e+01 8.669873e+00 1.600000e+01
         vertex 1.482091e+01 7.254667e+00 1.600000e+01
         vertex 1.375000e+01 6.504809e+00 1.600000e+01
      endloop
   endfacet
   facet normal 0.000000e+00 -0.000000e+00 -1.000000e+00
      outer loop
         vertex 1.250000e+01 8.669873e+00 1.600000e+01
         vertex 1.375000e+01 6.504809e+00 1.600000e+01
         vertex 1.171010e+01 8.301537e+00 1.600000e+01
      endloop
   endfacet
   facet normal 0.000000e+00 0.000000e+00 -1.000000e+00
      outer loop
         vertex 1.171010e+01 8.301537e+00 1.600000e+01
         vertex 1.375000e+01 6.504809e+00 1.600000e+01
         vertex 1.256515e+01 5.952305e+00 1.600000e+01
      endloop
   endfacet
   facet normal 0.000000e+00 -0.000000e+00 -1.000000e+00
      outer loop
         vertex 1.171010e+01 8.301537e+00 1.600000e+01
         vertex 1.256515e+01 5.952305e+00 1.600000e+01
         vertex 1.086824e+01 8.075961e+00 1.600000e+01
      endloop
   endfacet
   facet normal 0.000000e+00 0.000000e+00 -1.000000e+00
      outer loop
         vertex 1.086824e+01 8.075961e+00 1.600000e+01
         vertex 1.256515e+01 5.952305e+00 1.600000e+01
         vertex 1.130236e+01 5.613942e+00 1.600000e+01
      endloop
   endfacet
   facet normal 0.000000e+00 -0.000000e+00 -1.000000e+00
      outer loop
         vertex 1.086824e+01 8.075961e+00 1.600000e+01
         vertex 1.130236e+01 5.613942e+00 1.600000e+01
         vertex 1.000000e+01 8.000000e+00 1.600000e+01
      endloop
   endfacet
   facet normal 0.000000e+00 -0.000000e+00 -1.000000e+00
      outer loop
         vertex 1.000000e+01 8.000000e+00 1.600000e+01
         vertex 1.130236e+01 5.613942e+00 1.600000e+01
         vertex 1.000000e+01 5.500000e+00 1.600000e+01
      endloop
   endfacet
   facet normal -0.000000e+00 0.000000e+00 -1.000000e+00
      outer loop
         vertex 1.000000e+01 8.000000e+00 1.600000e+01
         vertex 1.000000e+01 5.500000e+00 1.600000e+01
         vertex 9.131759e+00 8.075961e+00 1.600000e+01
      endloop
   endfacet
   facet normal 0.000000e+00 -0.000000e+00 -1.000000e+00
      outer loop
         vertex 9.131759e+00 8.075961e+00 1.600000e+01
         vertex 1.000000e+01 5.500000e+00 1.600000e+01
         vertex 8.697638e+00 5.613942e+00 1.600000e+01
      endloop
   endfacet
   facet normal -9.961947e-01 -8.715543e-02 0.000000e+00
      outer loop
         vertex 1.500000e+01 1.300000e+01 1.600000e+01
         vertex 1.500000e+01 1.300000e+01 6.000000e+01
         vertex 1.492404e+01 1.386824e+01 1.600000e+01
      endloop
   endfacet
   facet normal -9.961947e-01 -8.715543e-02 0.000000e+00
      outer loop
         vertex 1.492404e+01 1.386824e+01 1.600000e+01
         vertex 1.500000e+01 1.300000e+01 6.000000e+01
         vertex 1.492404e+01 1.386824e+01 6.000000e+01
      endloop
   endfacet
   facet normal -9.659258e-01 -2.588191e-01 0.000000e+00
      outer loop
         vertex 1.492404e+01 1.386824e+01 1.600000e+01
         vertex 1.492404e+01 1.386824e+01 6.000000e+01
         vertex 1.469846e+01 1.471010e+01 1.600000e+01
      endloop
   endfacet
   facet normal -9.659258e-01 -2.588191e-01 0.000000e+00
      outer loop
         vertex 1.469846e+01 1.471010e+01 1.600000e+01
         vertex 1.492404e+01 1.386824e+01 6.000000e+01
         vertex 1.469846e+01 1.471010e+01 6.000000e+01
      endloop
   endfacet
   facet normal -9.063077e-01 -4.226183e-01 0.000000e+00
      outer loop
         vertex 1.469846e+01 1.471010e+01 1.600000e+01
         vertex 1.469846e+01 1.471010e+01 6.000000e+01
         vertex 1.433013e+01 1.550000e+01 1.600000e+01
      endloop
   endfacet
   facet normal -9.063077e-01 -4.226183e-01 0.000000e+00
      outer loop
         vertex 1.433013e+01 1.550000e+01 1.600000e+01
         vertex 1.469846e+01 1.471010e+01 6.000000e+01
         vertex 1.433013e+01 1.550000e+01 6.000000e+01
      endloop
   endfacet
   facet normal -8.191520e-01 -5.735765e-01 0.000000e+00
      outer loop
         vertex 1.433013e+01 1.550000e+01 1.600000e+01
         vertex 1.433013e+01 1.550000e+01 6.000000e+01
         vertex 1.383022e+01 1.621394e+01 1.600000e+01
      endloop
   endfacet
   facet normal -8.191520e-01 -5.735765e-01 0.000000e+00
      outer loop
         vertex 1.383022e+01 1.621394e+01 1.600000e+01
         vertex 1.433013e+01 1.550000e+01 6.000000e+01
         vertex 1.383022e+01 1.621394e+01 6.000000e+01
      endloop
   endfacet
   facet normal -7.071068e-01 -7.071068e-01 0.000000e+00
      outer loop
         vertex 1.383022e+01 1.621394e+01 1.600000e+01
         vertex 1.383022e+01 1.621394e+01 6.000000e+01
         vertex 1.321394e+01 1.683022e+01 1.600000e+01
      endloop
   endfacet
   facet normal -7.071068e-01 -7.071068e-01 0.000000e+00
      outer loop
         vertex 1.321394e+01 1.683022e+01 1.600000e+01
         vertex 1.383022e+01 1.621394e+01 6.000000e+01
         vertex 1.321394e+01 1.683022e+01 6.000000e+01
      endloop
   endfacet
   facet normal -5.735766e-01 -8.191519e-01 0.000000e+00
      outer loop
         vertex 1.321394e+01 1.683022e+01 1.600000e+01
         vertex 1.321394e+01 1.683022e+01 6.000000e+01
         vertex 1.250000e+01 1.733013e+01 1.600000e+01
      endloop
   endfacet
   facet normal -5.735766e-01 -8.191519e-01 0.000000e+00
      outer loop
         vertex 1.250000e+01 1.733013e+01 1.600000e+01
         vertex 1.321394e+01 1.683022e+01 6.000000e+01
         vertex 1.250000e+01 1.733013e+01 6.000000e+01
      endloop
   endfacet
   facet normal -4.226184e-01 -9.063077e-01 0.000000e+00
      outer loop
         vertex 1.250000e+01 1.733013e+01 1.600000e+01
         vertex 1.250000e+01 1.733013e+01 6.000000e+01
         vertex 1.171010e+01 1.769846e+01 1.600000e+01
      endloop
   endfacet
   facet normal -4.226184e-01 -9.063077e-01 0.000000e+00
      outer loop
         vertex 1.171010e+01 1.769846e+01 1.600000e+01
         vertex 1.250000e+01 1.733013e+01 6.000000e+01
         vertex 1.171010e+01 1.769846e+01 6.000000e+01
      endloop
   endfacet
   facet normal -2.588190e-01 -9.659258e-01 0.000000e+00
      outer loop
         vertex 1.171010e+01 1.769846e+01 1.600000e+01
         vertex 1.171010e+01 1.769846e+01 6.000000e+01
         vertex 1.086824e+01 1.792404e+01 1.600000e+01
      endloop
   endfacet
   facet normal -2.588190e-01 -9.659258e-01 0.000000e+00
      outer loop
         vertex 1.086824e+01 1.792404e+01 1.600000e+01
         vertex 1.171010e+01 1.769846e+01 6.000000e+01
         vertex 1.086824e+01 1.792404e+01 6.000000e+01
      endloop
   endfacet
   facet normal -8.715494e-02 -9.961948e-01 0.000000e+00
      outer loop
         vertex 1.086824e+01 1.792404e+01 1.600000e+01
         vertex 1.086824e+01 1.792404e+01 6.000000e+01
         vertex 1.000000e+01 1.800000e+01 1.600000e+01
      endloop
   endfacet
   facet normal -8.715494e-02 -9.961948e-01 0.000000e+00
      outer loop
         vertex 1.000000e+01 1.800000e+01 1.600000e+01
         vertex 1.086824e+01 1.792404e+01 6.000000e+01
         vertex 1.000000e+01 1.800000e+01 6.000000e+01
      endloop
   endfacet
   facet normal 8.715494e-02 -9.961948e-01 0.000000e+00
      outer loop
         vertex 1.000000e+01 1.800000e+01 1.600000e+01
         vertex 1.000000e+01 1.800000e+01 6.000000e+01
         vertex 9.131759e+00 1.792404e+01 1.600000e+01
      endloop
   endfacet
   facet normal 8.715494e-02 -9.961948e-01 0.000000e+00
      outer loop
         vertex 9.131759e+00 1.792404e+01 1.600000e+01
         vertex 1.000000e+01 1.800000e+01 6.000000e+01
         vertex 9.131759e+00 1.792404e+01 6.000000e+01
      endloop
   endfacet
   facet normal 2.588190e-01 -9.659258e-01 0.000000e+00
      outer loop
         vertex 9.131759e+00 1.792404e+01 1.600000e+01
         vertex 9.131759e+00 1.792404e+01 6.000000e+01
         vertex 8.289899e+00 1.769846e+01 1.600000e+01
      endloop
   endfacet
   facet normal 2.588190e-01 -9.659258e-01 0.000000e+00
      outer loop
         vertex 8.289899e+00 1.769846e+01 1.600000e+01
         vertex 9.131759e+00 1.792404e+01 6.000000e+01
         vertex 8.289899e+00 1.769846e+01 6.000000e+01
      endloop
   endfacet
   facet normal 4.226184e-01 -9.063077e-01 0.000000e+00
      outer loop
         vertex 8.289899e+00 1.769846e+01 1.600000e+01
         vertex 8.289899e+00 1.769846e+01 6.000000e+01
         vertex 7.500000e+00 1.733013e+01 1.600000e+01
      endloop
   endfacet
   facet normal 4.226184e-01 -9.063077e-01 0.000000e+00
      outer loop
         vertex 7.500000e+00 1.733013e+01 1.600000e+01
         vertex 8.289899e+00 1.769846e+01 6.000000e+01
         vertex 7.500000e+00 1.733013e+01 6.000000e+01
      endloop
   endfacet
   facet normal 5.735766e-01 -8.191519e-01 0.000000e+00
      outer loop
         vertex 7.500000e+00 1.733013e+01 1.600000e+01
         vertex 7.500000e+00 1.733013e+01 6.000000e+01
         vertex 6.786062e+00 1.683022e+01 1.600000e+01
      endloop
   endfacet
   facet normal 5.735766e-01 -8.191519e-01 0.000000e+00
      outer loop
         vertex 6.786062e+00 1.683022e+01 1.600000e+01
         vertex 7.500000e+00 1.733013e+01 6.000000e+01
         vertex 6.786062e+00 1.683022e+01 6.000000e+01
      endloop
   endfacet
   facet normal 7.071068e-01 -7.071068e-01 0.000000e+00
      outer loop
         vertex 6.786062e+00 1.683022e+01 1.600000e+01
         vertex 6.786062e+00 1.683022e+01 6.000000e+01
         vertex 6.169778e+00 1.621394e+01 1.600000e+01
      endloop
   endfacet
   facet normal 7.071068e-01 -7.071068e-01 0.000000e+00
      outer loop
         vertex 6.169778e+00 1.621394e+01 1.600000e+01
         vertex 6.786062e+00 1.683022e+01 6.000000e+01
         vertex 6.169778e+00 1.621394e+01 6.000000e+01
      endloop
   endfacet
   facet normal 8.191520e-01 -5.735765e-01 0.000000e+00
      outer loop
         vertex 6.169778e+00 1.621394e+01 1.600000e+01
         vertex 6.169778e+00 1.621394e+01 6.000000e+01
         vertex 5.669873e+00 1.550000e+01 1.600000e+01
      endloop
   endfacet
   facet normal 8.191520e-01 -5.735765e-01 0.000000e+00
      outer loop
         vertex 5.669873e+00 1.550000e+01 1.600000e+01
         vertex 6.169778e+00 1.621394e+01 6.000000e+01
         vertex 5.669873e+00 1.550000e+01 6.000000e+01
      endloop
   endfacet
   facet normal 9.063077e-01 -4.226183e-01 0.000000e+00
      outer loop
         vertex 5.669873e+00 1.550000e+01 1.600000e+01
         vertex 5.669873e+00 1.550000e+01 6.000000e+01
         vertex 5.301537e+00 1.471010e+01 1.600000e+01
      endloop
   endfacet
   facet normal 9.063077e-01 -4.226183e-01 0.000000e+00
      outer loop
         vertex 5.301537e+00 1.471010e+01 1.600000e+01
         vertex 5.669873e+00 1.550000e+01 6.000000e+01
         vertex 5.301537e+00 1.471010e+01 6.000000e+01
      endloop
   endfacet
   facet normal 9.659258e-01 -2.588191e-01 0.000000e+00
      outer loop
         vertex 5.301537e+00 1.471010e+01 1.600000e+01
         vertex 5.301537e+00 1.471010e+01 6.000000e+01
         vertex 5.075961e+00 1.386824e+01 1.600000e+01
      endloop
   endfacet
   facet normal 9.659258e-01 -2.588191e-01 0.000000e+00
      outer loop
         vertex 5.075961e+00 1.386824e+01 1.600000e+01
         vertex 5.301537e+00 1.471010e+01 6.000000e+01
         vertex 5.075961e+00 1.386824e+01 6.000000e+01
      endloop
   endfacet
   facet normal 9.961947e-01 -8.715543e-02 0.000000e+00
      outer loop
         vertex 5.075961e+00 1.386824e+01 1.600000e+01
         vertex 5.075961e+00 1.386824e+01 6.000000e+01
         vertex 5.000000e+00 1.300000e+01 1.600000e+01
      endloop
   endfacet
   facet normal 9.961947e-01 -8.715543e-02 0.000000e+00
      outer loop
         vertex 5.000000e+00 1.300000e+01 1.600000e+01
         vertex 5.075961e+00 1.386824e+01 6.000000e+01
         vertex 5.000000e+00 1.300000e+01 6.000000e+01
      endloop
   endfacet
   facet normal 9.961947e-01 8.715552e-02 -0.000000e+00
      outer loop
         vertex 5.000000e+00 1.300000e+01 1.600000e+01
         vertex 5.000000e+00 1.300000e+01 6.000000e+01
         vertex 5.075961e+00 1.213176e+01 1.600000e+01
      endloop
   endfacet
   facet normal 9.961947e-01 8.715552e-02 -0.000000e+00
      outer loop
         vertex 5.075961e+00 1.213176e+01 1.600000e+01
         vertex 5.000000e+00 1.300000e+01 6.000000e+01
         vertex 5.075961e+00 1.213176e+01 6.000000e+01
      endloop
   endfacet
   facet normal 9.659258e-01 2.588191e-01 -0.000000e+00
      outer loop
         vertex 5.075961e+00 1.213176e+01 1.600000e+01
         vertex 5.075961e+00 1.213176e+01 6.000000e+01
         vertex 5.301537e+00 1.128990e+01 1.600000e+01
      endloop
   endfacet
   facet normal 9.659258e-01 2.588191e-01 -0.000000e+00
      outer loop
         vertex 5.301537e+00 1.128990e+01 1.600000e+01
         vertex 5.075961e+00 1.213176e+01 6.000000e+01
         vertex 5.301537e+00 1.128990e+01 6.000000e+01
      endloop
   endfacet
   facet normal 9.063078e-01 4.226181e-01 -0.000000e+00
      outer loop
         vertex 5.301537e+00 1.128990e+01 1.600000e+01
         vertex 5.301537e+00 1.128990e+01 6.000000e+01
         vertex 5.669873e+00 1.050000e+01 1.600000e+01
      endloop
   endfacet
   facet normal 9.063078e-01 4.226181e-01 -0.000000e+00
      outer loop
         vertex 5.669873e+00 1.050000e+01 1.600000e+01
         vertex 5.301537e+00 1.128990e+01 6.000000e+01
         vertex 5.669873e+00 1.050000e+01 6.000000e+01
      endloop
   endfacet
   facet normal 8.191520e-01 5.735765e-01 -0.000000e+00
      outer loop
         vertex 5.669873e+00 1.050000e+01 1.600000e+01
         vertex 5.669873e+00 1.050000e+01 6.000000e+01
         vertex 6.169778e+00 9.786062e+00 1.600000e+01
      endloop
   endfacet
   facet normal 8.191520e-01 5.735765e-01 -0.000000e+00
      outer loop
         vertex 6.169778e+00 9.786062e+00 1.600000e+01
         vertex 5.669873e+00 1.050000e+01 6.000000e+01
         vertex 6.169778e+00 9.786062e+00 6.000000e+01
      endloop
   endfacet
   facet normal 7.071068e-01 7.071068e-01 -0.000000e+00
      outer loop
         vertex 6.169778e+00 9.786062e+00 1.600000e+01
         vertex 6.169778e+00 9.786062e+00 6.000000e+01
         vertex 6.786062e+00 9.169778e+00 1.600000e+01
      endloop
   endfacet
   facet normal 7.071068e-01 7.071068e-01 -0.000000e+00
      outer loop
         vertex 6.786062e+00 9.169778e+00 1.600000e+01
         vertex 6.169778e+00 9.786062e+00 6.000000e+01
         vertex 6.786062e+00 9.169778e+00 6.000000e+01
      endloop
   endfacet
   facet normal 5.735762e-01 8.191522e-01 -0.000000e+00
      outer loop
         vertex 6.786062e+00 9.169778e+00 1.600000e+01
         vertex 6.786062e+00 9.169778e+00 6.000000e+01
         vertex 7.500000e+00 8.669873e+00 1.600000e+01
      endloop
   endfacet
   facet normal 5.735762e-01 8.191522e-01 -0.000000e+00
      outer loop
         vertex 7.500000e+00 8.669873e+00 1.600000e+01
         vertex 6.786062e+00 9.169778e+00 6.000000e+01
         vertex 7.500000e+00 8.669873e+00 6.000000e+01
      endloop
   endfacet
   facet normal 4.226184e-01 9.063077e-01 -0.000000e+00
      outer loop
         vertex 7.500000e+00 8.669873e+00 1.600000e+01
         vertex 7.500000e+00 8.669873e+00 6.000000e+01
         vertex 8.289899e+00 8.301537e+00 1.600000e+01
      endloop
   endfacet
   facet normal 4.226184e-01 9.063077e-01 -0.000000e+00
      outer loop
         vertex 8.289899e+00 8.301537e+00 1.600000e+01
         vertex 7.500000e+00 8.669873e+00 6.000000e+01
         vertex 8.289899e+00 8.301537e+00 6.000000e+01
      endloop
   endfacet
   facet normal 2.588190e-01 9.659258e-01 -0.000000e+00
      outer loop
         vertex 8.289899e+00 8.301537e+00 1.600000e+01
         vertex 8.289899e+00 8.301537e+00 6.000000e+01
         vertex 9.131759e+00 8.075961e+00 1.600000e+01
      endloop
   endfacet
   facet normal 2.588190e-01 9.659258e-01 -0.000000e+00
      outer loop
         vertex 9.131759e+00 8.075961e+00 1.600000e+01
         vertex 8.289899e+00 8.301537e+00 6.000000e+01
         vertex 9.131759e+00 8.075961e+00 6.000000e+01
      endloop
   endfacet
   facet normal 8.715600e-02 9.961947e-01 -0.000000e+00
      outer loop
         vertex 9.131759e+00 8.075961e+00 1.600000e+01
         vertex 9.131759e+00 8.075961e+00 6.000000e+01
         vertex 1.000000e+01 8.000000e+00 1.600000e+01
      endloop
   endfacet
   facet normal 8.715600e-02 9.961947e-01 -0.000000e+00
      outer loop
         vertex 1.000000e+01 8.000000e+00 1.600000e+01
         vertex 9.131759e+00 8.075961e+00 6.000000e+01
         vertex 1.000000e+01 8.000000e+00 6.000000e+01
      endloop
   endfacet
   facet normal -8.715600e-02 9.961947e-01 0.000000e+00
      outer loop
         vertex 1.000000e+01 8.000000e+00 1.600000e+01
         vertex 1.000000e+01 8.000000e+00 6.000000e+01
         vertex 1.086824e+01 8.075961e+00 1.600000e+01
      endloop
   endfacet
   facet normal -8.715600e-02 9.961947e-01 0.000000e+00
      outer loop
         vertex 1.086824e+01 8.075961e+00 1.600000e+01
         vertex 1.000000e+01 8.000000e+00 6.000000e+01
         vertex 1.086824e+01 8.075961e+00 6.000000e+01
      endloop
   endfacet
   facet normal -2.588190e-01 9.659258e-01 0.000000e+00
      outer loop
         vertex 1.086824e+01 8.075961e+00 1.600000e+01
         vertex 1.086824e+01 8.075961e+00 6.000000e+01
         vertex 1.171010e+01 8.301537e+00 1.600000e+01
      endloop
   endfacet
   facet normal -2.588190e-01 9.659258e-01 0.000000e+00
      outer loop
         vertex 1.171010e+01 8.301537e+00 1.600000e+01
         vertex 1.086824e+01 8.075961e+00 6.000000e+01
         vertex 1.171010e+01 8.301537e+00 6.000000e+01
      endloop
   endfacet
   facet normal -4.226184e-01 9.063077e-01 0.000000e+00
      outer loop
         vertex 1.171010e+01 8.301537e+00 1.600000e+01
         vertex 1.171010e+01 8.301537e+00 6.000000e+01
         vertex 1.250000e+01 8.669873e+00 1.600000e+01
      endloop
   endfacet
   facet normal -4.226184e-01 9.063077e-01 0.000000e+00
      outer loop
         vertex 1.250000e+01 8.669873e+00 1.600000e+01
         vertex 1.171010e+01 8.301537e+00 6.000000e+01
         vertex 1.250000e+01 8.669873e+00 6.000000e+01
      endloop
   endfacet
   facet normal -5.735762e-01 8.191522e-01 0.000000e+00
      outer loop
         vertex 1.250000e+01 8.669873e+00 1.600000e+01
         vertex 1.250000e+01 8.669873e+00 6.000000e+01
         vertex 1.321394e+01 9.169778e+00 1.600000e+01
      endloop
   endfacet
   facet normal -5.735762e-01 8.191522e-01 0.000000e+00
      outer loop
         vertex 1.321394e+01 9.169778e+00 1.600000e+01
         vertex 1.250000e+01 8.669873e+00 6.000000e+01
         vertex 1.321394e+01 9.169778e+00 6.000000e+01
      endloop
   endfacet
   facet normal -7.071068e-01 7.071068e-01 0.000000e+00
      outer loop
         vertex 1.321394e+01 9.169778e+00 1.600000e+01
         vertex 1.321394e+01 9.169778e+00 6.000000e+01
         vertex 1.383022e+01 9.786062e+00 1.600000e+01
      endloop
   endfacet
   facet normal -7.071068e-01 7.071068e-01 0.000000e+00
      outer loop
         vertex 1.383022e+01 9.786062e+00 1.600000e+01
         vertex 1.321394e+01 9.169778e+00 6.000000e+01
         vertex 1.383022e+01 9.786062e+00 6.000000e+01
      endloop
   endfacet
   facet normal -8.191520e-01 5.735765e-01 0.000000e+00
      outer loop
         vertex 1.383022e+01 9.786062e+00 1.600000e+01
         vertex 1.383022e+01 9.786062e+00 6.000000e+01
         vertex 1.433013e+01 1.050000e+01 1.600000e+01
      endloop
   endfacet
   facet normal -8.191520e-01 5.735765e-01 0.000000e+00
      outer loop
         vertex 1.433013e+01 1.050000e+01 1.600000e+01
         vertex 1.383022e+01 9.786062e+00 6.000000e+01
         vertex 1.433013e+01 1.050000e+01 6.000000e+01
      endloop
   endfacet
   facet normal -9.063078e-01 4.226181e-01 0.000000e+00
      outer loop
         vertex 1.433013e+01 1.050000e+01 1.600000e+01
         vertex 1.433013e+01 1.050000e+01 6.000000e+01
         vertex 1.469846e+01 1.128990e+01 1.600000e+01
      endloop
   endfacet
   facet normal -9.063078e-01 4.226181e-01 0.000000e+00
      outer loop
         vertex 1.469846e+01 1.128990e+01 1.600000e+01
         vertex 1.433013e+01 1.050000e+01 6.000000e+01
         vertex 1.469846e+01 1.128990e+01 6.000000e+01
      endloop
   endfacet
   facet normal -9.659258e-01 2.588191e-01 0.000000e+00
      outer loop
         vertex 1.469846e+01 1.128990e+01 1.600000e+01
         vertex 1.469846e+01 1.128990e+01 6.000000e+01
         vertex 1.492404e+01 1.213176e+01 1.600000e+01
      endloop
   endfacet
   facet normal -9.659258e-01 2.588191e-01 0.000000e+00
      outer loop
         vertex 1.492404e+01 1.213176e+01 1.600000e+01
         vertex 1.469846e+01 1.128990e+01 6.000000e+01
         vertex 1.492404e+01 1.213176e+01 6.000000e+01
      endloop
   endfacet
   facet normal -9.961947e-01 8.715552e-02 0.000000e+00
      outer loop
         vertex 1.492404e+01 1.213176e+01 1.600000e+01
         vertex 1.492404e+01 1.213176e+01 6.000000e+01
         vertex 1.500000e+01 1.300000e+01 1.600000e+01
      endloop
   endfacet
   facet normal -9.961947e-01 8.715552e-02 0.000000e+00
      outer loop
         vertex 1.500000e+01 1.300000e+01 1.600000e+01
         vertex 1.492404e+01 1.213176e+01 6.000000e+01
         vertex 1.500000e+01 1.300000e+01 6.000000e+01
      endloop
   endfacet
   facet normal 0.000000e+00 0.000000e+00 -1.000000e+00
      outer loop
         vertex 0.000000e+00 2.600000e+01 5.000000e+01
         vertex 2.000000e+01 2.600000e+01 5.000000e+01
         vertex 1.130236e+01 2.038606e+01 5.000000e+01
      endloop
   endfacet
   facet normal 0.000000e+00 0.000000e+00 -1.000000e+00
      outer loop
         vertex 1.130236e+01 2.038606e+01 5.000000e+01
         vertex 1.000000e+01 2.050000e+01 5.000000e+01
         vertex 0.000000e+00 2.600000e+01 5.000000e+01
      endloop
   endfacet
   facet normal 0.000000e+00 0.000000e+00 -1.000000e+00
      outer loop
         vertex 0.000000e+00 2.600000e+01 5.000000e+01
         vertex 1.000000e+01 2.050000e+01 5.000000e+01
         vertex 8.697638e+00 2.038606e+01 5.000000e+01
      endloop
   endfacet
   facet normal 0.000000e+00 0.000000e+00 -1.000000e+00
      outer loop
         vertex 0.000000e+00 2.600000e+01 5.000000e+01
         vertex 8.697638e+00 2.038606e+01 5.000000e+01
         vertex 7.434849e+00 2.004769e+01 5.000000e+01
      endloop
   endfacet
   facet normal -0.000000e+00 0.000000e+00 -1.000000e+00
      outer loop
         vertex 7.434849e+00 2.004769e+01 5.000000e+01
         vertex 6.250000e+00 1.949519e+01 5.000000e+01
         vertex 0.000000e+00 2.600000e+01 5.000000e+01
      endloop
   endfacet
   facet normal 0.000000e+00 0.000000e+00 -1.000000e+00
      outer loop
         vertex 0.000000e+00 2.600000e+01 5.000000e+01
         vertex 6.250000e+00 1.949519e+01 5.000000e+01
         vertex 5.179093e+00 1.874533e+01 5.000000e+01
      endloop
   endfacet
   facet normal 0.000000e+00 0.000000e+00 -1.000000e+00
      outer loop
         vertex 0.000000e+00 2.600000e+01 5.000000e+01
         vertex 5.179093e+00 1.874533e+01 5.000000e+01
         vertex 4.254667e+00 1.782091e+01 5.000000e+01
      endloop
   endfacet
   facet normal -0.000000e+00 0.000000e+00 -1.000000e+00
      outer loop
         vertex 2.613942e+00 1.169764e+01 5.000000e+01
         vertex 0.000000e+00 0.000000e+00 5.000000e+01
         vertex 2.500000e+00 1.300000e+01 5.000000e+01
      endloop
   endfacet
   facet normal -0.000000e+00 0.000000e+00 -1.000000e+00
      outer loop
         vertex 2.500000e+00 1.300000e+01 5.000000e+01
         vertex 0.000000e+00 0.000000e+00 5.000000e+01
         vertex 0.000000e+00 2.600000e+01 5.000000e+01
      endloop
   endfacet
   facet normal 0.000000e+00 0.000000e+00 -1.000000e+00
      outer loop
         vertex 2.500000e+00 1.300000e+01 5.000000e+01
         vertex 0.000000e+00 2.600000e+01 5.000000e+01
         vertex 2.613942e+00 1.430236e+01 5.000000e+01
      endloop
   endfacet
   facet normal -0.000000e+00 0.000000e+00 -1.000000e+00
      outer loop
         vertex 4.254667e+00 1.782091e+01 5.000000e+01
         vertex 3.504809e+00 1.675000e+01 5.000000e+01
         vertex 0.000000e+00 2.600000e+01 5.000000e+01
      endloop
   endfacet
   facet normal 0.000000e+00 0.000000e+00 -1.000000e+00
      outer loop
         vertex 0.000000e+00 2.600000e+01 5.000000e+01
         vertex 3.504809e+00 1.675000e+01 5.000000e+01
         vertex 2.952305e+00 1.556515e+01 5.000000e+01
      endloop
   endfacet
   facet normal 0.000000e+00 0.000000e+00 -1.000000e+00
      outer loop
         vertex 0.000000e+00 2.600000e+01 5.000000e+01
         vertex 2.952305e+00 1.556515e+01 5.000000e+01
         vertex 2.613942e+00 1.430236e+01 5.000000e+01
      endloop
   endfacet
   facet normal 0.000000e+00 -0.000000e+00 -1.000000e+00
      outer loop
         vertex 2.613942e+00 1.169764e+01 5.000000e+01
         vertex 2.952305e+00 1.043485e+01 5.000000e+01
         vertex 0.000000e+00 0.000000e+00 5.000000e+01
      endloop
   endfacet
   facet normal 0.000000e+00 0.000000e+00 -1.000000e+00
      outer loop
         vertex 0.000000e+00 0.000000e+00 5.000000e+01
         vertex 2.952305e+00 1.043485e+01 5.000000e+01
         vertex 3.504809e+00 9.250000e+00 5.000000e+01
      endloop
   endfacet
   facet normal 0.000000e+00 0.000000e+00 -1.000000e+00
      outer loop
         vertex 0.000000e+00 0.000000e+00 5.000000e+01
         vertex 3.504809e+00 9.250000e+00 5.000000e+01
         vertex 4.254667e+00 8.179093e+00 5.000000e+01
      endloop
   endfacet
   facet normal 0.000000e+00 0.000000e+00 -1.000000e+00
      outer loop
         vertex 1.256515e+01 5.952305e+00 5.000000e+01
         vertex 1.375000e+01 6.504809e+00 5.000000e+01
         vertex 2.000000e+01 0.000000e+00 5.000000e+01
      endloop
   endfacet
   facet normal 0.000000e+00 0.000000e+00 -1.000000e+00
      outer loop
         vertex 2.000000e+01 0.000000e+00 5.000000e+01
         vertex 1.375000e+01 6.504809e+00 5.000000e+01
         vertex 1.482091e+01 7.254667e+00 5.000000e+01
      endloop
   endfacet
   facet normal 0.000000e+00 -0.000000e+00 -1.000000e+00
      outer loop
         vertex 4.254667e+00 8.179093e+00 5.000000e+01
         vertex 5.179093e+00 7.254667e+00 5.000000e+01
         vertex 0.000000e+00 0.000000e+00 5.000000e+01
      endloop
   endfacet
   facet normal 0.000000e+00 0.000000e+00 -1.000000e+00
      outer loop
         vertex 0.000000e+00 0.000000e+00 5.000000e+01
         vertex 5.179093e+00 7.254667e+00 5.000000e+01
         vertex 6.250000e+00 6.504809e+00 5.000000e+01
      endloop
   endfacet
   facet normal 0.000000e+00 0.000000e+00 -1.000000e+00
      outer loop
         vertex 0.000000e+00 0.000000e+00 5.000000e+01
         vertex 6.250000e+00 6.504809e+00 5.000000e+01
         vertex 7.434849e+00 5.952305e+00 5.000000e+01
      endloop
   endfacet
   facet normal 0.000000e+00 -0.000000e+00 -1.000000e+00
      outer loop
         vertex 7.434849e+00 5.952305e+00 5.000000e+01
         vertex 8.697638e+00 5.613942e+00 5.000000e+01
         vertex 0.000000e+00 0.000000e+00 5.000000e+01
      endloop
   endfacet
   facet normal 0.000000e+00 0.000000e+00 -1.000000e+00
      outer loop
         vertex 0.000000e+00 0.000000e+00 5.000000e+01
         vertex 8.697638e+00 5.613942e+00 5.000000e+01
         vertex 1.000000e+01 5.500000e+00 5.000000e+01
      endloop
   endfacet
   facet normal 0.000000e+00 0.000000e+00 -1.000000e+00
      outer loop
         vertex 0.000000e+00 0.000000e+00 5.000000e+01
         vertex 1.000000e+01 5.500000e+00 5.000000e+01
         vertex 2.000000e+01 0.000000e+00 5.000000e+01
      endloop
   endfacet
   facet normal 0.000000e+00 0.000000e+00 -1.000000e+00
      outer loop
         vertex 2.000000e+01 0.000000e+00 5.000000e+01
         vertex 1.000000e+01 5.500000e+00 5.000000e+01
         vertex 1.130236e+01 5.613942e+00 5.000000e+01
      endloop
   endfacet
   facet normal 0.000000e+00 0.000000e+00 -1.000000e+00
      outer loop
         vertex 2.000000e+01 0.000000e+00 5.000000e+01
         vertex 1.130236e+01 5.613942e+00 5.000000e+01
         vertex 1.256515e+01 5.952305e+00 5.000000e+01
      endloop
   endfacet
   facet normal 0.000000e+00 0.000000e+00 -1.000000e+00
      outer loop
         vertex 1.704769e+01 1.556515e+01 5.000000e+01
         vertex 1.649519e+01 1.675000e+01 5.000000e+01
         vertex 2.000000e+01 2.600000e+01 5.000000e+01
      endloop
   endfacet
   facet normal 0.000000e+00 0.000000e+00 -1.000000e+00
      outer loop
         vertex 2.000000e+01 2.600000e+01 5.000000e+01
         vertex 1.649519e+01 1.675000e+01 5.000000e+01
         vertex 1.574533e+01 1.782091e+01 5.000000e+01
      endloop
   endfacet
   facet normal 0.000000e+00 0.000000e+00 -1.000000e+00
      outer loop
         vertex 2.000000e+01 2.600000e+01 5.000000e+01
         vertex 1.574533e+01 1.782091e+01 5.000000e+01
         vertex 1.482091e+01 1.874533e+01 5.000000e+01
      endloop
   endfacet
   facet normal 0.000000e+00 0.000000e+00 -1.000000e+00
      outer loop
         vertex 1.704769e+01 1.043485e+01 5.000000e+01
         vertex 1.738606e+01 1.169764e+01 5.000000e+01
         vertex 2.000000e+01 0.000000e+00 5.000000e+01
      endloop
   endfacet
   facet normal 0.000000e+00 0.000000e+00 -1.000000e+00
      outer loop
         vertex 2.000000e+01 0.000000e+00 5.000000e+01
         vertex 1.738606e+01 1.169764e+01 5.000000e+01
         vertex 1.750000e+01 1.300000e+01 5.000000e+01
      endloop
   endfacet
   facet normal 0.000000e+00 0.000000e+00 -1.000000e+00
      outer loop
         vertex 2.000000e+01 0.000000e+00 5.000000e+01
         vertex 1.750000e+01 1.300000e+01 5.000000e+01
         vertex 2.000000e+01 2.600000e+01 5.000000e+01
      endloop
   endfacet
   facet normal 0.000000e+00 0.000000e+00 -1.000000e+00
      outer loop
         vertex 2.000000e+01 2.600000e+01 5.000000e+01
         vertex 1.750000e+01 1.300000e+01 5.000000e+01
         vertex 1.738606e+01 1.430236e+01 5.000000e+01
      endloop
   endfacet
   facet normal 0.000000e+00 0.000000e+00 -1.000000e+00
      outer loop
         vertex 2.000000e+01 2.600000e+01 5.000000e+01
         vertex 1.738606e+01 1.430236e+01 5.000000e+01
         vertex 1.704769e+01 1.556515e+01 5.000000e+01
      endloop
   endfacet
   facet normal 0.000000e+00 0.000000e+00 -1.000000e+00
      outer loop
         vertex 1.482091e+01 1.874533e+01 5.000000e+01
         vertex 1.375000e+01 1.949519e+01 5.000000e+01
         vertex 2.000000e+01 2.600000e+01 5.000000e+01
      endloop
   endfacet
   facet normal 0.000000e+00 0.000000e+00 -1.000000e+00
      outer loop
         vertex 2.000000e+01 2.600000e+01 5.000000e+01
         vertex 1.375000e+01 1.949519e+01 5.000000e+01
         vertex 1.256515e+01 2.004769e+01 5.000000e+01
      endloop
   endfacet
   facet normal 0.000000e+00 0.000000e+00 -1.000000e+00
      outer loop
         vertex 2.000000e+01 2.600000e+01 5.000000e+01
         vertex 1.256515e+01 2.004769e+01 5.000000e+01
         vertex 1.130236e+01 2.038606e+01 5.000000e+01
      endloop
   endfacet
   facet normal 0.000000e+00 0.000000e+00 -1.000000e+00
      outer loop
         vertex 1.482091e+01 7.254667e+00 5.000000e+01
         vertex 1.574533e+01 8.179093e+00 5.000000e+01
         vertex 2.000000e+01 0.000000e+00 5.000000e+01
      endloop
   endfacet
   facet normal 0.000000e+00 0.000000e+00 -1.000000e+00
      outer loop
         vertex 2.000000e+01 0.000000e+00 5.000000e+01
         vertex 1.574533e+01 8.179093e+00 5.000000e+01
         vertex 1.649519e+01 9.250000e+00 5.000000e+01
      endloop
   endfacet
   facet normal 0.000000e+00 0.000000e+00 -1.000000e+00
      outer loop
         vertex 2.000000e+01 0.000000e+00 5.000000e+01
         vertex 1.649519e+01 9.250000e+00 5.000000e+01
         vertex 1.704769e+01 1.043485e+01 5.000000e+01
      endloop
   endfacet
   facet normal 1.000000e+00 0.000000e+00 0.000000e+00
      outer loop
         vertex 2.000000e+01 2.600000e+01 7.100000e+01
         vertex 2.000000e+01 2.300000e+01 7.100000e+01
         vertex 2.000000e+01 2.300000e+01 6.000000e+01
      endloop
   endfacet
   facet normal 1.000000e+00 0.000000e+00 0.000000e+00
      outer loop
         vertex 2.000000e+01 3.000000e+00 7.100000e+01
         vertex 2.000000e+01 0.000000e+00 7.100000e+01
         vertex 2.000000e+01 3.000000e+00 6.000000e+01
      endloop
   endfacet
   facet normal 1.000000e+00 0.000000e+00 0.000000e+00
      outer loop
         vertex 2.000000e+01 3.000000e+00 6.000000e+01
         vertex 2.000000e+01 0.000000e+00 7.100000e+01
         vertex 2.000000e+01 0.000000e+00 5.000000e+01
      endloop
   endfacet
   facet normal 1.000000e+00 -0.000000e+00 0.000000e+00
      outer loop
         vertex 2.000000e+01 3.000000e+00 6.000000e+01
         vertex 2.000000e+01 0.000000e+00 5.000000e+01
         vertex 2.000000e+01 2.300000e+01 6.000000e+01
      endloop
   endfacet
   facet normal 1.000000e+00 0.000000e+00 0.000000e+00
      outer loop
         vertex 2.000000e+01 2.300000e+01 6.000000e+01
         vertex 2.000000e+01 0.000000e+00 5.000000e+01
         vertex 2.000000e+01 2.600000e+01 5.000000e+01
      endloop
   endfacet
   facet normal 1.000000e+00 -0.000000e+00 0.000000e+00
      outer loop
         vertex 2.000000e+01 2.300000e+01 6.000000e+01
         vertex 2.000000e+01 2.600000e+01 5.000000e+01
         vertex 2.000000e+01 2.600000e+01 7.100000e+01
      endloop
   endfacet
   facet normal 0.000000e+00 1.000000e+00 0.000000e+00
      outer loop
         vertex 6.169778e+00 2.600000e+01 6.778606e+01
         vertex 6.786062e+00 2.600000e+01 6.716978e+01
         vertex 0.000000e+00 2.600000e+01 5.000000e+01
      endloop
   endfacet
   facet normal 0.000000e+00 1.000000e+00 0.000000e+00
      outer loop
         vertex 0.000000e+00 2.600000e+01 5.000000e+01
         vertex 6.786062e+00 2.600000e+01 6.716978e+01
         vertex 7.500000e+00 2.600000e+01 6.666987e+01
      endloop
   endfacet
   facet normal 0.000000e+00 1.000000e+00 0.000000e+00
      outer loop
         vertex 0.000000e+00 2.600000e+01 5.000000e+01
         vertex 7.500000e+00 2.600000e+01 6.666987e+01
         vertex 8.289899e+00 2.600000e+01 6.630154e+01
      endloop
   endfacet
   facet normal 0.000000e+00 1.000000e+00 0.000000e+00
      outer loop
         vertex 1.321394e+01 2.600000e+01 6.716978e+01
         vertex 2.000000e+01 2.600000e+01 5.000000e+01
         vertex 1.250000e+01 2.600000e+01 6.666987e+01
      endloop
   endfacet
   facet normal 0.000000e+00 1.000000e+00 0.000000e+00
      outer loop
         vertex 1.250000e+01 2.600000e+01 6.666987e+01
         vertex 2.000000e+01 2.600000e+01 5.000000e+01
         vertex 1.171010e+01 2.600000e+01 6.630154e+01
      endloop
   endfacet
   facet normal 0.000000e+00 1.000000e+00 -0.000000e+00
      outer loop
         vertex 6.169778e+00 2.600000e+01 7.421394e+01
         vertex 2.928932e+00 2.600000e+01 7.807107e+01
         vertex 6.786062e+00 2.600000e+01 7.483022e+01
      endloop
   endfacet
   facet normal 0.000000e+00 1.000000e+00 0.000000e+00
      outer loop
         vertex 6.786062e+00 2.600000e+01 7.483022e+01
         vertex 2.928932e+00 2.600000e+01 7.807107e+01
         vertex 4.122147e+00 2.600000e+01 7.909017e+01
      endloop
   endfacet
   facet normal 0.000000e+00 1.000000e+00 -0.000000e+00
      outer loop
         vertex 6.786062e+00 2.600000e+01 7.483022e+01
         vertex 4.122147e+00 2.600000e+01 7.909017e+01
         vertex 7.500000e+00 2.600000e+01 7.533013e+01
      endloop
   endfacet
   facet normal 0.000000e+00 1.000000e+00 0.000000e+00
      outer loop
         vertex 7.500000e+00 2.600000e+01 7.533013e+01
         vertex 4.122147e+00 2.600000e+01 7.909017e+01
         vertex 5.460095e+00 2.600000e+01 7.991006e+01
      endloop
   endfacet
   facet normal 0.000000e+00 1.000000e+00 -0.000000e+00
      outer loop
         vertex 7.500000e+00 2.600000e+01 7.533013e+01
         vertex 5.460095e+00 2.600000e+01 7.991006e+01
         vertex 8.289899e+00 2.600000e+01 7.569846e+01
      endloop
   endfacet
   facet normal 0.000000e+00 1.000000e+00 0.000000e+00
      outer loop
         vertex 8.289899e+00 2.600000e+01 7.569846e+01
         vertex 5.460095e+00 2.600000e+01 7.991006e+01
         vertex 6.909830e+00 2.600000e+01 8.051057e+01
      endloop
   endfacet
   facet normal 0.000000e+00 1.000000e+00 -0.000000e+00
      outer loop
         vertex 8.289899e+00 2.600000e+01 7.569846e+01
         vertex 6.909830e+00 2.600000e+01 8.051057e+01
         vertex 9.131759e+00 2.600000e+01 7.592404e+01
      endloop
   endfacet
   facet normal 0.000000e+00 1.000000e+00 0.000000e+00
      outer loop
         vertex 9.131759e+00 2.600000e+01 7.592404e+01
         vertex 6.909830e+00 2.600000e+01 8.051057e+01
         vertex 8.435655e+00 2.600000e+01 8.087688e+01
      endloop
   endfacet
   facet normal 0.000000e+00 1.000000e+00 -0.000000e+00
      outer loop
         vertex 9.131759e+00 2.600000e+01 7.592404e+01
         vertex 8.435655e+00 2.600000e+01 8.087688e+01
         vertex 1.000000e+01 2.600000e+01 7.600000e+01
      endloop
   endfacet
   facet normal 0.000000e+00 1.000000e+00 0.000000e+00
      outer loop
         vertex 1.000000e+01 2.600000e+01 7.600000e+01
         vertex 8.435655e+00 2.600000e+01 8.087688e+01
         vertex 1.000000e+01 2.600000e+01 8.100000e+01
      endloop
   endfacet
   facet normal -0.000000e+00 1.000000e+00 -0.000000e+00
      outer loop
         vertex 1.000000e+01 2.600000e+01 7.600000e+01
         vertex 1.000000e+01 2.600000e+01 8.100000e+01
         vertex 1.086824e+01 2.600000e+01 7.592404e+01
      endloop
   endfacet
   facet normal 0.000000e+00 1.000000e+00 -0.000000e+00
      outer loop
         vertex 1.086824e+01 2.600000e+01 7.592404e+01
         vertex 1.000000e+01 2.600000e+01 8.100000e+01
         vertex 1.156434e+01 2.600000e+01 8.087688e+01
      endloop
   endfacet
   facet normal -0.000000e+00 1.000000e+00 0.000000e+00
      outer loop
         vertex 1.086824e+01 2.600000e+01 7.592404e+01
         vertex 1.156434e+01 2.600000e+01 8.087688e+01
         vertex 1.171010e+01 2.600000e+01 7.569846e+01
      endloop
   endfacet
   facet normal 0.000000e+00 1.000000e+00 -0.000000e+00
      outer loop
         vertex 1.171010e+01 2.600000e+01 7.569846e+01
         vertex 1.156434e+01 2.600000e+01 8.087688e+01
         vertex 1.309017e+01 2.600000e+01 8.051057e+01
      endloop
   endfacet
   facet normal -0.000000e+00 1.000000e+00 0.000000e+00
      outer loop
         vertex 1.171010e+01 2.600000e+01 7.569846e+01
         vertex 1.309017e+01 2.600000e+01 8.051057e+01
         vertex 1.250000e+01 2.600000e+01 7.533013e+01
      endloop
   endfacet
   facet normal 0.000000e+00 1.000000e+00 0.000000e+00
      outer loop
         vertex 1.250000e+01 2.600000e+01 7.533013e+01
         vertex 1.309017e+01 2.600000e+01 8.051057e+01
         vertex 1.453990e+01 2.600000e+01 7.991006e+01
      endloop
   endfacet
   facet normal -0.000000e+00 1.000000e+00 0.000000e+00
      outer loop
         vertex 1.250000e+01 2.600000e+01 7.533013e+01
         vertex 1.453990e+01 2.600000e+01 7.991006e+01
         vertex 1.321394e+01 2.600000e+01 7.483022e+01
      endloop
   endfacet
   facet normal 0.000000e+00 1.000000e+00 0.000000e+00
      outer loop
         vertex 5.000000e+00 2.600000e+01 7.100000e+01
         vertex 5.075961e+00 2.600000e+01 7.013176e+01
         vertex 0.000000e+00 2.600000e+01 7.100000e+01
      endloop
   endfacet
   facet normal 0.000000e+00 1.000000e+00 0.000000e+00
      outer loop
         vertex 0.000000e+00 2.600000e+01 7.100000e+01
         vertex 5.075961e+00 2.600000e+01 7.013176e+01
         vertex 5.301537e+00 2.600000e+01 6.928990e+01
      endloop
   endfacet
   facet normal 0.000000e+00 1.000000e+00 0.000000e+00
      outer loop
         vertex 0.000000e+00 2.600000e+01 7.100000e+01
         vertex 5.301537e+00 2.600000e+01 6.928990e+01
         vertex 0.000000e+00 2.600000e+01 5.000000e+01
      endloop
   endfacet
   facet normal 0.000000e+00 1.000000e+00 0.000000e+00
      outer loop
         vertex 0.000000e+00 2.600000e+01 5.000000e+01
         vertex 5.301537e+00 2.600000e+01 6.928990e+01
         vertex 5.669873e+00 2.600000e+01 6.850000e+01
      endloop
   endfacet
   facet normal 0.000000e+00 1.000000e+00 0.000000e+00
      outer loop
         vertex 0.000000e+00 2.600000e+01 5.000000e+01
         vertex 5.669873e+00 2.600000e+01 6.850000e+01
         vertex 6.169778e+00 2.600000e+01 6.778606e+01
      endloop
   endfacet
   facet normal 0.000000e+00 1.000000e+00 0.000000e+00
      outer loop
         vertex 8.289899e+00 2.600000e+01 6.630154e+01
         vertex 9.131759e+00 2.600000e+01 6.607596e+01
         vertex 0.000000e+00 2.600000e+01 5.000000e+01
      endloop
   endfacet
   facet normal 0.000000e+00 1.000000e+00 0.000000e+00
      outer loop
         vertex 0.000000e+00 2.600000e+01 5.000000e+01
         vertex 9.131759e+00 2.600000e+01 6.607596e+01
         vertex 1.000000e+01 2.600000e+01 6.600000e+01
      endloop
   endfacet
   facet normal 0.000000e+00 1.000000e+00 0.000000e+00
      outer loop
         vertex 0.000000e+00 2.600000e+01 5.000000e+01
         vertex 1.000000e+01 2.600000e+01 6.600000e+01
         vertex 2.000000e+01 2.600000e+01 5.000000e+01
      endloop
   endfacet
   facet normal 0.000000e+00 1.000000e+00 0.000000e+00
      outer loop
         vertex 2.000000e+01 2.600000e+01 5.000000e+01
         vertex 1.000000e+01 2.600000e+01 6.600000e+01
         vertex 1.086824e+01 2.600000e+01 6.607596e+01
      endloop
   endfacet
   facet normal 0.000000e+00 1.000000e+00 0.000000e+00
      outer loop
         vertex 2.000000e+01 2.600000e+01 5.000000e+01
         vertex 1.086824e+01 2.600000e+01 6.607596e+01
         vertex 1.171010e+01 2.600000e+01 6.630154e+01
      endloop
   endfacet
   facet normal -0.000000e+00 1.000000e+00 0.000000e+00
      outer loop
         vertex 1.469846e+01 2.600000e+01 6.928990e+01
         vertex 2.000000e+01 2.600000e+01 7.100000e+01
         vertex 1.433013e+01 2.600000e+01 6.850000e+01
      endloop
   endfacet
   facet normal -0.000000e+00 1.000000e+00 0.000000e+00
      outer loop
         vertex 1.433013e+01 2.600000e+01 6.850000e+01
         vertex 2.000000e+01 2.600000e+01 7.100000e+01
         vertex 2.000000e+01 2.600000e+01 5.000000e+01
      endloop
   endfacet
   facet normal 0.000000e+00 1.000000e+00 0.000000e+00
      outer loop
         vertex 1.433013e+01 2.600000e+01 6.850000e+01
         vertex 2.000000e+01 2.600000e+01 5.000000e+01
         vertex 1.383022e+01 2.600000e+01 6.778606e+01
      endloop
   endfacet
   facet normal 0.000000e+00 1.000000e+00 0.000000e+00
      outer loop
         vertex 1.383022e+01 2.600000e+01 6.778606e+01
         vertex 2.000000e+01 2.600000e+01 5.000000e+01
         vertex 1.321394e+01 2.600000e+01 6.716978e+01
      endloop
   endfacet
   facet normal 0.000000e+00 1.000000e+00 -0.000000e+00
      outer loop
         vertex 5.000000e+00 2.600000e+01 7.100000e+01
         vertex 0.000000e+00 2.600000e+01 7.100000e+01
         vertex 5.075961e+00 2.600000e+01 7.186824e+01
      endloop
   endfacet
   facet normal 0.000000e+00 1.000000e+00 0.000000e+00
      outer loop
         vertex 5.075961e+00 2.600000e+01 7.186824e+01
         vertex 0.000000e+00 2.600000e+01 7.100000e+01
         vertex 1.231162e-01 2.600000e+01 7.256434e+01
      endloop
   endfacet
   facet normal 0.000000e+00 1.000000e+00 -0.000000e+00
      outer loop
         vertex 5.075961e+00 2.600000e+01 7.186824e+01
         vertex 1.231162e-01 2.600000e+01 7.256434e+01
         vertex 5.301537e+00 2.600000e+01 7.271010e+01
      endloop
   endfacet
   facet normal 0.000000e+00 1.000000e+00 0.000000e+00
      outer loop
         vertex 5.301537e+00 2.600000e+01 7.271010e+01
         vertex 1.231162e-01 2.600000e+01 7.256434e+01
         vertex 4.894342e-01 2.600000e+01 7.409017e+01
      endloop
   endfacet
   facet normal 0.000000e+00 1.000000e+00 -0.000000e+00
      outer loop
         vertex 5.301537e+00 2.600000e+01 7.271010e+01
         vertex 4.894342e-01 2.600000e+01 7.409017e+01
         vertex 5.669873e+00 2.600000e+01 7.350000e+01
      endloop
   endfacet
   facet normal 0.000000e+00 1.000000e+00 0.000000e+00
      outer loop
         vertex 5.669873e+00 2.600000e+01 7.350000e+01
         vertex 4.894342e-01 2.600000e+01 7.409017e+01
         vertex 1.089934e+00 2.600000e+01 7.553990e+01
      endloop
   endfacet
   facet normal 0.000000e+00 1.000000e+00 -0.000000e+00
      outer loop
         vertex 5.669873e+00 2.600000e+01 7.350000e+01
         vertex 1.089934e+00 2.600000e+01 7.553990e+01
         vertex 6.169778e+00 2.600000e+01 7.421394e+01
      endloop
   endfacet
   facet normal 0.000000e+00 1.000000e+00 0.000000e+00
      outer loop
         vertex 6.169778e+00 2.600000e+01 7.421394e+01
         vertex 1.089934e+00 2.600000e+01 7.553990e+01
         vertex 1.909830e+00 2.600000e+01 7.687785e+01
      endloop
   endfacet
   facet normal 0.000000e+00 1.000000e+00 0.000000e+00
      outer loop
         vertex 6.169778e+00 2.600000e+01 7.421394e+01
         vertex 1.909830e+00 2.600000e+01 7.687785e+01
         vertex 2.928932e+00 2.600000e+01 7.807107e+01
      endloop
   endfacet
   facet normal 0.000000e+00 1.000000e+00 0.000000e+00
      outer loop
         vertex 1.469846e+01 2.600000e+01 6.928990e+01
         vertex 1.492404e+01 2.600000e+01 7.013176e+01
         vertex 2.000000e+01 2.600000e+01 7.100000e+01
      endloop
   endfacet
   facet normal 0.000000e+00 1.000000e+00 0.000000e+00
      outer loop
         vertex 2.000000e+01 2.600000e+01 7.100000e+01
         vertex 1.492404e+01 2.600000e+01 7.013176e+01
         vertex 1.500000e+01 2.600000e+01 7.100000e+01
      endloop
   endfacet
   facet normal 0.000000e+00 1.000000e+00 0.000000e+00
      outer loop
         vertex 2.000000e+01 2.600000e+01 7.100000e+01
         vertex 1.500000e+01 2.600000e+01 7.100000e+01
         vertex 1.987688e+01 2.600000e+01 7.256434e+01
      endloop
   endfacet
   facet normal 0.000000e+00 1.000000e+00 0.000000e+00
      outer loop
         vertex 1.987688e+01 2.600000e+01 7.256434e+01
         vertex 1.500000e+01 2.600000e+01 7.100000e+01
         vertex 1.492404e+01 2.600000e+01 7.186824e+01
      endloop
   endfacet
   facet normal 0.000000e+00 1.000000e+00 0.000000e+00
      outer loop
         vertex 1.987688e+01 2.600000e+01 7.256434e+01
         vertex 1.492404e+01 2.600000e+01 7.186824e+01
         vertex 1.951057e+01 2.600000e+01 7.409017e+01
      endloop
   endfacet
   facet normal 0.000000e+00 1.000000e+00 0.000000e+00
      outer loop
         vertex 1.951057e+01 2.600000e+01 7.409017e+01
         vertex 1.492404e+01 2.600000e+01 7.186824e+01
         vertex 1.469846e+01 2.600000e+01 7.271010e+01
      endloop
   endfacet
   facet normal 0.000000e+00 1.000000e+00 0.000000e+00
      outer loop
         vertex 1.951057e+01 2.600000e+01 7.409017e+01
         vertex 1.469846e+01 2.600000e+01 7.271010e+01
         vertex 1.891007e+01 2.600000e+01 7.553990e+01
      endloop
   endfacet
   facet normal 0.000000e+00 1.000000e+00 0.000000e+00
      outer loop
         vertex 1.891007e+01 2.600000e+01 7.553990e+01
         vertex 1.469846e+01 2.600000e+01 7.271010e+01
         vertex 1.433013e+01 2.600000e+01 7.350000e+01
      endloop
   endfacet
   facet normal 0.000000e+00 1.000000e+00 0.000000e+00
      outer loop
         vertex 1.891007e+01 2.600000e+01 7.553990e+01
         vertex 1.433013e+01 2.600000e+01 7.350000e+01
         vertex 1.809017e+01 2.600000e+01 7.687785e+01
      endloop
   endfacet
   facet normal 0.000000e+00 1.000000e+00 0.000000e+00
      outer loop
         vertex 1.809017e+01 2.600000e+01 7.687785e+01
         vertex 1.433013e+01 2.600000e+01 7.350000e+01
         vertex 1.383022e+01 2.600000e+01 7.421394e+01
      endloop
   endfacet
   facet normal 0.000000e+00 1.000000e+00 0.000000e+00
      outer loop
         vertex 1.809017e+01 2.600000e+01 7.687785e+01
         vertex 1.383022e+01 2.600000e+01 7.421394e+01
         vertex 1.707107e+01 2.600000e+01 7.807107e+01
      endloop
   endfacet
   facet normal 0.000000e+00 1.000000e+00 0.000000e+00
      outer loop
         vertex 1.707107e+01 2.600000e+01 7.807107e+01
         vertex 1.383022e+01 2.600000e+01 7.421394e+01
         vertex 1.321394e+01 2.600000e+01 7.483022e+01
      endloop
   endfacet
   facet normal 0.000000e+00 1.000000e+00 0.000000e+00
      outer loop
         vertex 1.707107e+01 2.600000e+01 7.807107e+01
         vertex 1.321394e+01 2.600000e+01 7.483022e+01
         vertex 1.587785e+01 2.600000e+01 7.909017e+01
      endloop
   endfacet
   facet normal 0.000000e+00 1.000000e+00 0.000000e+00
      outer loop
         vertex 1.587785e+01 2.600000e+01 7.909017e+01
         vertex 1.321394e+01 2.600000e+01 7.483022e+01
         vertex 1.453990e+01 2.600000e+01 7.991006e+01
      endloop
   endfacet
   facet normal -1.000000e+00 0.000000e+00 0.000000e+00
      outer loop
         vertex 0.000000e+00 0.000000e+00 7.100000e+01
         vertex 0.000000e+00 3.000000e+00 7.100000e+01
         vertex 0.000000e+00 3.000000e+00 6.000000e+01
      endloop
   endfacet
   facet normal -1.000000e+00 0.000000e+00 0.000000e+00
      outer loop
         vertex 0.000000e+00 2.300000e+01 7.100000e+01
         vertex 0.000000e+00 2.600000e+01 7.100000e+01
         vertex 0.000000e+00 2.300000e+01 6.000000e+01
      endloop
   endfacet
   facet normal -1.000000e+00 0.000000e+00 0.000000e+00
      outer loop
         vertex 0.000000e+00 2.300000e+01 6.000000e+01
         vertex 0.000000e+00 2.600000e+01 7.100000e+01
         vertex 0.000000e+00 2.600000e+01 5.000000e+01
      endloop
   endfacet
   facet normal -1.000000e+00 -0.000000e+00 -0.000000e+00
      outer loop
         vertex 0.000000e+00 2.300000e+01 6.000000e+01
         vertex 0.000000e+00 2.600000e+01 5.000000e+01
         vertex 0.000000e+00 3.000000e+00 6.000000e+01
      endloop
   endfacet
   facet normal -1.000000e+00 0.000000e+00 -0.000000e+00
      outer loop
         vertex 0.000000e+00 3.000000e+00 6.000000e+01
         vertex 0.000000e+00 2.600000e+01 5.000000e+01
         vertex 0.000000e+00 0.000000e+00 5.000000e+01
      endloop
   endfacet
   facet normal -1.000000e+00 -0.000000e+00 0.000000e+00
      outer loop
         vertex 0.000000e+00 3.000000e+00 6.000000e+01
         vertex 0.000000e+00 0.000000e+00 5.000000e+01
         vertex 0.000000e+00 0.000000e+00 7.100000e+01
      endloop
   endfacet
   facet normal 0.000000e+00 -1.000000e+00 -0.000000e+00
      outer loop
         vertex 9.131759e+00 0.000000e+00 6.607596e+01
         vertex 0.000000e+00 0.000000e+00 5.000000e+01
         vertex 1.000000e+01 0.000000e+00 6.600000e+01
      endloop
   endfacet
   facet normal 0.000000e+00 -1.000000e+00 -0.000000e+00
      outer loop
         vertex 1.000000e+01 0.000000e+00 6.600000e+01
         vertex 0.000000e+00 0.000000e+00 5.000000e+01
         vertex 2.000000e+01 0.000000e+00 5.000000e+01
      endloop
   endfacet
   facet normal 0.000000e+00 -1.000000e+00 0.000000e+00
      outer loop
         vertex 1.000000e+01 0.000000e+00 6.600000e+01
         vertex 2.000000e+01 0.000000e+00 5.000000e+01
         vertex 1.086824e+01 0.000000e+00 6.607596e+01
      endloop
   endfacet
   facet normal 0.000000e+00 -1.000000e+00 -0.000000e+00
      outer loop
         vertex 1.383022e+01 0.000000e+00 6.778606e+01
         vertex 1.321394e+01 0.000000e+00 6.716978e+01
         vertex 2.000000e+01 0.000000e+00 5.000000e+01
      endloop
   endfacet
   facet normal -0.000000e+00 -1.000000e+00 0.000000e+00
      outer loop
         vertex 9.131759e+00 0.000000e+00 6.607596e+01
         vertex 8.289899e+00 0.000000e+00 6.630154e+01
         vertex 0.000000e+00 0.000000e+00 5.000000e+01
      endloop
   endfacet
   facet normal 0.000000e+00 -1.000000e+00 0.000000e+00
      outer loop
         vertex 0.000000e+00 0.000000e+00 5.000000e+01
         vertex 8.289899e+00 0.000000e+00 6.630154e+01
         vertex 7.500000e+00 0.000000e+00 6.666987e+01
      endloop
   endfacet
   facet normal 0.000000e+00 -1.000000e+00 0.000000e+00
      outer loop
         vertex 0.000000e+00 0.000000e+00 5.000000e+01
         vertex 7.500000e+00 0.000000e+00 6.666987e+01
         vertex 6.786062e+00 0.000000e+00 6.716978e+01
      endloop
   endfacet
   facet normal 0.000000e+00 -1.000000e+00 -0.000000e+00
      outer loop
         vertex 1.321394e+01 0.000000e+00 6.716978e+01
         vertex 1.250000e+01 0.000000e+00 6.666987e+01
         vertex 2.000000e+01 0.000000e+00 5.000000e+01
      endloop
   endfacet
   facet normal 0.000000e+00 -1.000000e+00 0.000000e+00
      outer loop
         vertex 2.000000e+01 0.000000e+00 5.000000e+01
         vertex 1.250000e+01 0.000000e+00 6.666987e+01
         vertex 1.171010e+01 0.000000e+00 6.630154e+01
      endloop
   endfacet
   facet normal 0.000000e+00 -1.000000e+00 0.000000e+00
      outer loop
         vertex 2.000000e+01 0.000000e+00 5.000000e+01
         vertex 1.171010e+01 0.000000e+00 6.630154e+01
         vertex 1.086824e+01 0.000000e+00 6.607596e+01
      endloop
   endfacet
   facet normal 0.000000e+00 -1.000000e+00 0.000000e+00
      outer loop
         vertex 1.383022e+01 0.000000e+00 7.421394e+01
         vertex 1.707107e+01 0.000000e+00 7.807107e+01
         vertex 1.321394e+01 0.000000e+00 7.483022e+01
      endloop
   endfacet
   facet normal 0.000000e+00 -1.000000e+00 0.000000e+00
      outer loop
         vertex 1.321394e+01 0.000000e+00 7.483022e+01
         vertex 1.707107e+01 0.000000e+00 7.807107e+01
         vertex 1.587785e+01 0.000000e+00 7.909017e+01
      endloop
   endfacet
   facet normal 0.000000e+00 -1.000000e+00 0.000000e+00
      outer loop
         vertex 1.321394e+01 0.000000e+00 7.483022e+01
         vertex 1.587785e+01 0.000000e+00 7.909017e+01
         vertex 1.250000e+01 0.000000e+00 7.533013e+01
      endloop
   endfacet
   facet normal 0.000000e+00 -1.000000e+00 0.000000e+00
      outer loop
         vertex 1.250000e+01 0.000000e+00 7.533013e+01
         vertex 1.587785e+01 0.000000e+00 7.909017e+01
         vertex 1.453990e+01 0.000000e+00 7.991006e+01
      endloop
   endfacet
   facet normal 0.000000e+00 -1.000000e+00 0.000000e+00
      outer loop
         vertex 1.250000e+01 0.000000e+00 7.533013e+01
         vertex 1.453990e+01 0.000000e+00 7.991006e+01
         vertex 1.171010e+01 0.000000e+00 7.569846e+01
      endloop
   endfacet
   facet normal 0.000000e+00 -1.000000e+00 0.000000e+00
      outer loop
         vertex 1.171010e+01 0.000000e+00 7.569846e+01
         vertex 1.453990e+01 0.000000e+00 7.991006e+01
         vertex 1.309017e+01 0.000000e+00 8.051057e+01
      endloop
   endfacet
   facet normal 0.000000e+00 -1.000000e+00 0.000000e+00
      outer loop
         vertex 1.171010e+01 0.000000e+00 7.569846e+01
         vertex 1.309017e+01 0.000000e+00 8.051057e+01
         vertex 1.086824e+01 0.000000e+00 7.592404e+01
      endloop
   endfacet
   facet normal 0.000000e+00 -1.000000e+00 0.000000e+00
      outer loop
         vertex 1.086824e+01 0.000000e+00 7.592404e+01
         vertex 1.309017e+01 0.000000e+00 8.051057e+01
         vertex 1.156434e+01 0.000000e+00 8.087688e+01
      endloop
   endfacet
   facet normal 0.000000e+00 -1.000000e+00 0.000000e+00
      outer loop
         vertex 1.086824e+01 0.000000e+00 7.592404e+01
         vertex 1.156434e+01 0.000000e+00 8.087688e+01
         vertex 1.000000e+01 0.000000e+00 7.600000e+01
      endloop
   endfacet
   facet normal 0.000000e+00 -1.000000e+00 0.000000e+00
      outer loop
         vertex 1.000000e+01 0.000000e+00 7.600000e+01
         vertex 1.156434e+01 0.000000e+00 8.087688e+01
         vertex 1.000000e+01 0.000000e+00 8.100000e+01
      endloop
   endfacet
   facet normal -0.000000e+00 -1.000000e+00 0.000000e+00
      outer loop
         vertex 1.000000e+01 0.000000e+00 7.600000e+01
         vertex 1.000000e+01 0.000000e+00 8.100000e+01
         vertex 9.131759e+00 0.000000e+00 7.592404e+01
      endloop
   endfacet
   facet normal 0.000000e+00 -1.000000e+00 0.000000e+00
      outer loop
         vertex 9.131759e+00 0.000000e+00 7.592404e+01
         vertex 1.000000e+01 0.000000e+00 8.100000e+01
         vertex 8.435655e+00 0.000000e+00 8.087688e+01
      endloop
   endfacet
   facet normal -0.000000e+00 -1.000000e+00 0.000000e+00
      outer loop
         vertex 9.131759e+00 0.000000e+00 7.592404e+01
         vertex 8.435655e+00 0.000000e+00 8.087688e+01
         vertex 8.289899e+00 0.000000e+00 7.569846e+01
      endloop
   endfacet
   facet normal 0.000000e+00 -1.000000e+00 0.000000e+00
      outer loop
         vertex 8.289899e+00 0.000000e+00 7.569846e+01
         vertex 8.435655e+00 0.000000e+00 8.087688e+01
         vertex 6.909830e+00 0.000000e+00 8.051057e+01
      endloop
   endfacet
   facet normal -0.000000e+00 -1.000000e+00 0.000000e+00
      outer loop
         vertex 8.289899e+00 0.000000e+00 7.569846e+01
         vertex 6.909830e+00 0.000000e+00 8.051057e+01
         vertex 7.500000e+00 0.000000e+00 7.533013e+01
      endloop
   endfacet
   facet normal 0.000000e+00 -1.000000e+00 0.000000e+00
      outer loop
         vertex 7.500000e+00 0.000000e+00 7.533013e+01
         vertex 6.909830e+00 0.000000e+00 8.051057e+01
         vertex 5.460095e+00 0.000000e+00 7.991006e+01
      endloop
   endfacet
   facet normal -0.000000e+00 -1.000000e+00 0.000000e+00
      outer loop
         vertex 7.500000e+00 0.000000e+00 7.533013e+01
         vertex 5.460095e+00 0.000000e+00 7.991006e+01
         vertex 6.786062e+00 0.000000e+00 7.483022e+01
      endloop
   endfacet
   facet normal 0.000000e+00 -1.000000e+00 0.000000e+00
      outer loop
         vertex 1.500000e+01 0.000000e+00 7.100000e+01
         vertex 2.000000e+01 0.000000e+00 7.100000e+01
         vertex 1.492404e+01 0.000000e+00 7.186824e+01
      endloop
   endfacet
   facet normal 0.000000e+00 -1.000000e+00 0.000000e+00
      outer loop
         vertex 1.492404e+01 0.000000e+00 7.186824e+01
         vertex 2.000000e+01 0.000000e+00 7.100000e+01
         vertex 1.987688e+01 0.000000e+00 7.256434e+01
      endloop
   endfacet
   facet normal 0.000000e+00 -1.000000e+00 0.000000e+00
      outer loop
         vertex 1.492404e+01 0.000000e+00 7.186824e+01
         vertex 1.987688e+01 0.000000e+00 7.256434e+01
         vertex 1.469846e+01 0.000000e+00 7.271010e+01
      endloop
   endfacet
   facet normal 0.000000e+00 -1.000000e+00 0.000000e+00
      outer loop
         vertex 1.469846e+01 0.000000e+00 7.271010e+01
         vertex 1.987688e+01 0.000000e+00 7.256434e+01
         vertex 1.951057e+01 0.000000e+00 7.409017e+01
      endloop
   endfacet
   facet normal 0.000000e+00 -1.000000e+00 0.000000e+00
      outer loop
         vertex 1.469846e+01 0.000000e+00 7.271010e+01
         vertex 1.951057e+01 0.000000e+00 7.409017e+01
         vertex 1.433013e+01 0.000000e+00 7.350000e+01
      endloop
   endfacet
   facet normal 0.000000e+00 -1.000000e+00 0.000000e+00
      outer loop
         vertex 1.433013e+01 0.000000e+00 7.350000e+01
         vertex 1.951057e+01 0.000000e+00 7.409017e+01
         vertex 1.891007e+01 0.000000e+00 7.553990e+01
      endloop
   endfacet
   facet normal 0.000000e+00 -1.000000e+00 0.000000e+00
      outer loop
         vertex 1.433013e+01 0.000000e+00 7.350000e+01
         vertex 1.891007e+01 0.000000e+00 7.553990e+01
         vertex 1.383022e+01 0.000000e+00 7.421394e+01
      endloop
   endfacet
   facet normal 0.000000e+00 -1.000000e+00 0.000000e+00
      outer loop
         vertex 1.383022e+01 0.000000e+00 7.421394e+01
         vertex 1.891007e+01 0.000000e+00 7.553990e+01
         vertex 1.809017e+01 0.000000e+00 7.687785e+01
      endloop
   endfacet
   facet normal 0.000000e+00 -1.000000e+00 0.000000e+00
      outer loop
         vertex 1.383022e+01 0.000000e+00 7.421394e+01
         vertex 1.809017e+01 0.000000e+00 7.687785e+01
         vertex 1.707107e+01 0.000000e+00 7.807107e+01
      endloop
   endfacet
   facet normal -0.000000e+00 -1.000000e+00 -0.000000e+00
      outer loop
         vertex 5.301537e+00 0.000000e+00 6.928990e+01
         vertex 0.000000e+00 0.000000e+00 7.100000e+01
         vertex 5.669873e+00 0.000000e+00 6.850000e+01
      endloop
   endfacet
   facet normal -0.000000e+00 -1.000000e+00 0.000000e+00
      outer loop
         vertex 5.669873e+00 0.000000e+00 6.850000e+01
         vertex 0.000000e+00 0.000000e+00 7.100000e+01
         vertex 0.000000e+00 0.000000e+00 5.000000e+01
      endloop
   endfacet
   facet normal 0.000000e+00 -1.000000e+00 -0.000000e+00
      outer loop
         vertex 5.669873e+00 0.000000e+00 6.850000e+01
         vertex 0.000000e+00 0.000000e+00 5.000000e+01
         vertex 6.169778e+00 0.000000e+00 6.778606e+01
      endloop
   endfacet
   facet normal 0.000000e+00 -1.000000e+00 -0.000000e+00
      outer loop
         vertex 6.169778e+00 0.000000e+00 6.778606e+01
         vertex 0.000000e+00 0.000000e+00 5.000000e+01
         vertex 6.786062e+00 0.000000e+00 6.716978e+01
      endloop
   endfacet
   facet normal 0.000000e+00 -1.000000e+00 -0.000000e+00
      outer loop
         vertex 1.500000e+01 0.000000e+00 7.100000e+01
         vertex 1.492404e+01 0.000000e+00 7.013176e+01
         vertex 2.000000e+01 0.000000e+00 7.100000e+01
      endloop
   endfacet
   facet normal 0.000000e+00 -1.000000e+00 0.000000e+00
      outer loop
         vertex 2.000000e+01 0.000000e+00 7.100000e+01
         vertex 1.492404e+01 0.000000e+00 7.013176e+01
         vertex 1.469846e+01 0.000000e+00 6.928990e+01
      endloop
   endfacet
   facet normal 0.000000e+00 -1.000000e+00 -0.000000e+00
      outer loop
         vertex 2.000000e+01 0.000000e+00 7.100000e+01
         vertex 1.469846e+01 0.000000e+00 6.928990e+01
         vertex 2.000000e+01 0.000000e+00 5.000000e+01
      endloop
   endfacet
   facet normal 0.000000e+00 -1.000000e+00 0.000000e+00
      outer loop
         vertex 2.000000e+01 0.000000e+00 5.000000e+01
         vertex 1.469846e+01 0.000000e+00 6.928990e+01
         vertex 1.433013e+01 0.000000e+00 6.850000e+01
      endloop
   endfacet
   facet normal 0.000000e+00 -1.000000e+00 0.000000e+00
      outer loop
         vertex 2.000000e+01 0.000000e+00 5.000000e+01
         vertex 1.433013e+01 0.000000e+00 6.850000e+01
         vertex 1.383022e+01 0.000000e+00 6.778606e+01
      endloop
   endfacet
   facet normal 0.000000e+00 -1.000000e+00 -0.000000e+00
      outer loop
         vertex 5.460095e+00 0.000000e+00 7.991006e+01
         vertex 4.122147e+00 0.000000e+00 7.909017e+01
         vertex 6.786062e+00 0.000000e+00 7.483022e+01
      endloop
   endfacet
   facet normal 0.000000e+00 -1.000000e+00 0.000000e+00
      outer loop
         vertex 6.786062e+00 0.000000e+00 7.483022e+01
         vertex 4.122147e+00 0.000000e+00 7.909017e+01
         vertex 2.928932e+00 0.000000e+00 7.807107e+01
      endloop
   endfacet
   facet normal -0.000000e+00 -1.000000e+00 0.000000e+00
      outer loop
         vertex 6.786062e+00 0.000000e+00 7.483022e+01
         vertex 2.928932e+00 0.000000e+00 7.807107e+01
         vertex 6.169778e+00 0.000000e+00 7.421394e+01
      endloop
   endfacet
   facet normal 0.000000e+00 -1.000000e+00 0.000000e+00
      outer loop
         vertex 6.169778e+00 0.000000e+00 7.421394e+01
         vertex 2.928932e+00 0.000000e+00 7.807107e+01
         vertex 1.909830e+00 0.000000e+00 7.687785e+01
      endloop
   endfacet
   facet normal -0.000000e+00 -1.000000e+00 0.000000e+00
      outer loop
         vertex 6.169778e+00 0.000000e+00 7.421394e+01
         vertex 1.909830e+00 0.000000e+00 7.687785e+01
         vertex 5.669873e+00 0.000000e+00 7.350000e+01
      endloop
   endfacet
   facet normal 0.000000e+00 -1.000000e+00 0.000000e+00
      outer loop
         vertex 5.669873e+00 0.000000e+00 7.350000e+01
         vertex 1.909830e+00 0.000000e+00 7.687785e+01
         vertex 1.089934e+00 0.000000e+00 7.553990e+01
      endloop
   endfacet
   facet normal -0.000000e+00 -1.000000e+00 0.000000e+00
      outer loop
         vertex 5.669873e+00 0.000000e+00 7.350000e+01
         vertex 1.089934e+00 0.000000e+00 7.553990e+01
         vertex 5.301537e+00 0.000000e+00 7.271010e+01
      endloop
   endfacet
   facet normal 0.000000e+00 -1.000000e+00 0.000000e+00
      outer loop
         vertex 5.301537e+00 0.000000e+00 7.271010e+01
         vertex 1.089934e+00 0.000000e+00 7.553990e+01
         vertex 4.894342e-01 0.000000e+00 7.409017e+01
      endloop
   endfacet
   facet normal -0.000000e+00 -1.000000e+00 0.000000e+00
      outer loop
         vertex 5.301537e+00 0.000000e+00 7.271010e+01
         vertex 4.894342e-01 0.000000e+00 7.409017e+01
         vertex 5.075961e+00 0.000000e+00 7.186824e+01
      endloop
   endfacet
   facet normal 0.000000e+00 -1.000000e+00 0.000000e+00
      outer loop
         vertex 5.075961e+00 0.000000e+00 7.186824e+01
         vertex 4.894342e-01 0.000000e+00 7.409017e+01
         vertex 1.231162e-01 0.000000e+00 7.256434e+01
      endloop
   endfacet
   facet normal -0.000000e+00 -1.000000e+00 0.000000e+00
      outer loop
         vertex 5.075961e+00 0.000000e+00 7.186824e+01
         vertex 1.231162e-01 0.000000e+00 7.256434e+01
         vertex 5.000000e+00 0.000000e+00 7.100000e+01
      endloop
   endfacet
   facet normal 0.000000e+00 -1.000000e+00 0.000000e+00
      outer loop
         vertex 5.000000e+00 0.000000e+00 7.100000e+01
         vertex 1.231162e-01 0.000000e+00 7.256434e+01
         vertex 0.000000e+00 0.000000e+00 7.100000e+01
      endloop
   endfacet
   facet normal -0.000000e+00 -1.000000e+00 -0.000000e+00
      outer loop
         vertex 5.000000e+00 0.000000e+00 7.100000e+01
         vertex 0.000000e+00 0.000000e+00 7.100000e+01
         vertex 5.075961e+00 0.000000e+00 7.013176e+01
      endloop
   endfacet
   facet normal -0.000000e+00 -1.000000e+00 -0.000000e+00
      outer loop
         vertex 5.075961e+00 0.000000e+00 7.013176e+01
         vertex 0.000000e+00 0.000000e+00 7.100000e+01
         vertex 5.301537e+00 0.000000e+00 6.928990e+01
      endloop
   endfacet
   facet normal -9.969173e-01 0.000000e+00 7.845894e-02
      outer loop
         vertex 0.000000e+00 3.000000e+00 7.100000e+01
         vertex 0.000000e+00 0.000000e+00 7.100000e+01
         vertex 1.231162e-01 0.000000e+00 7.256434e+01
      endloop
   endfacet
   facet normal -9.969173e-01 0.000000e+00 7.845894e-02
      outer loop
         vertex 0.000000e+00 3.000000e+00 7.100000e+01
         vertex 1.231162e-01 0.000000e+00 7.256434e+01
         vertex 1.231162e-01 3.000000e+00 7.256434e+01
      endloop
   endfacet
   facet normal -9.723700e-01 0.000000e+00 2.334450e-01
      outer loop
         vertex 1.231162e-01 3.000000e+00 7.256434e+01
         vertex 1.231162e-01 0.000000e+00 7.256434e+01
         vertex 4.894342e-01 0.000000e+00 7.409017e+01
      endloop
   endfacet
   facet normal -9.723700e-01 0.000000e+00 2.334450e-01
      outer loop
         vertex 1.231162e-01 3.000000e+00 7.256434e+01
         vertex 4.894342e-01 0.000000e+00 7.409017e+01
         vertex 4.894342e-01 3.000000e+00 7.409017e+01
      endloop
   endfacet
   facet normal -9.238794e-01 0.000000e+00 3.826837e-01
      outer loop
         vertex 4.894342e-01 3.000000e+00 7.409017e+01
         vertex 4.894342e-01 0.000000e+00 7.409017e+01
         vertex 1.089934e+00 0.000000e+00 7.553990e+01
      endloop
   endfacet
   facet normal -9.238794e-01 0.000000e+00 3.826837e-01
      outer loop
         vertex 4.894342e-01 3.000000e+00 7.409017e+01
         vertex 1.089934e+00 0.000000e+00 7.553990e+01
         vertex 1.089934e+00 3.000000e+00 7.553990e+01
      endloop
   endfacet
   facet normal -8.526398e-01 0.000000e+00 5.224992e-01
      outer loop
         vertex 1.089934e+00 3.000000e+00 7.553990e+01
         vertex 1.089934e+00 0.000000e+00 7.553990e+01
         vertex 1.909830e+00 0.000000e+00 7.687785e+01
      endloop
   endfacet
   facet normal -8.526398e-01 0.000000e+00 5.224992e-01
      outer loop
         vertex 1.089934e+00 3.000000e+00 7.553990e+01
         vertex 1.909830e+00 0.000000e+00 7.687785e+01
         vertex 1.909830e+00 3.000000e+00 7.687785e+01
      endloop
   endfacet
   facet normal -7.604066e-01 0.000000e+00 6.494474e-01
      outer loop
         vertex 1.909830e+00 3.000000e+00 7.687785e+01
         vertex 1.909830e+00 0.000000e+00 7.687785e+01
         vertex 2.928932e+00 0.000000e+00 7.807107e+01
      endloop
   endfacet
   facet normal -7.604066e-01 0.000000e+00 6.494474e-01
      outer loop
         vertex 1.909830e+00 3.000000e+00 7.687785e+01
         vertex 2.928932e+00 0.000000e+00 7.807107e+01
         vertex 2.928932e+00 3.000000e+00 7.807107e+01
      endloop
   endfacet
   facet normal -6.494493e-01 0.000000e+00 7.604049e-01
      outer loop
         vertex 2.928932e+00 3.000000e+00 7.807107e+01
         vertex 2.928932e+00 0.000000e+00 7.807107e+01
         vertex 4.122147e+00 0.000000e+00 7.909017e+01
      endloop
   endfacet
   facet normal -6.494493e-01 0.000000e+00 7.604049e-01
      outer loop
         vertex 2.928932e+00 3.000000e+00 7.807107e+01
         vertex 4.122147e+00 0.000000e+00 7.909017e+01
         vertex 4.122147e+00 3.000000e+00 7.909017e+01
      endloop
   endfacet
   facet normal -5.224970e-01 0.000000e+00 8.526412e-01
      outer loop
         vertex 4.122147e+00 3.000000e+00 7.909017e+01
         vertex 4.122147e+00 0.000000e+00 7.909017e+01
         vertex 5.460095e+00 0.000000e+00 7.991006e+01
      endloop
   endfacet
   facet normal -5.224970e-01 0.000000e+00 8.526412e-01
      outer loop
         vertex 4.122147e+00 3.000000e+00 7.909017e+01
         vertex 5.460095e+00 0.000000e+00 7.991006e+01
         vertex 5.460095e+00 3.000000e+00 7.991006e+01
      endloop
   endfacet
   facet normal -3.826845e-01 0.000000e+00 9.238791e-01
      outer loop
         vertex 5.460095e+00 3.000000e+00 7.991006e+01
         vertex 5.460095e+00 0.000000e+00 7.991006e+01
         vertex 6.909830e+00 0.000000e+00 8.051057e+01
      endloop
   endfacet
   facet normal -3.826845e-01 0.000000e+00 9.238791e-01
      outer loop
         vertex 5.460095e+00 3.000000e+00 7.991006e+01
         vertex 6.909830e+00 0.000000e+00 8.051057e+01
         vertex 6.909830e+00 3.000000e+00 8.051057e+01
      endloop
   endfacet
   facet normal -2.334435e-01 0.000000e+00 9.723704e-01
      outer loop
         vertex 6.909830e+00 3.000000e+00 8.051057e+01
         vertex 6.909830e+00 0.000000e+00 8.051057e+01
         vertex 8.435655e+00 0.000000e+00 8.087688e+01
      endloop
   endfacet
   facet normal -2.334435e-01 0.000000e+00 9.723704e-01
      outer loop
         vertex 6.909830e+00 3.000000e+00 8.051057e+01
         vertex 8.435655e+00 0.000000e+00 8.087688e+01
         vertex 8.435655e+00 3.000000e+00 8.087688e+01
      endloop
   endfacet
   facet normal -7.846179e-02 0.000000e+00 9.969171e-01
      outer loop
         vertex 8.435655e+00 3.000000e+00 8.087688e+01
         vertex 8.435655e+00 0.000000e+00 8.087688e+01
         vertex 1.000000e+01 0.000000e+00 8.100000e+01
      endloop
   endfacet
   facet normal -7.846179e-02 0.000000e+00 9.969171e-01
      outer loop
         vertex 8.435655e+00 3.000000e+00 8.087688e+01
         vertex 1.000000e+01 0.000000e+00 8.100000e+01
         vertex 1.000000e+01 3.000000e+00 8.100000e+01
      endloop
   endfacet
   facet normal 7.846179e-02 0.000000e+00 9.969171e-01
      outer loop
         vertex 1.000000e+01 3.000000e+00 8.100000e+01
         vertex 1.000000e+01 0.000000e+00 8.100000e+01
         vertex 1.156434e+01 0.000000e+00 8.087688e+01
      endloop
   endfacet
   facet normal 7.846179e-02 0.000000e+00 9.969171e-01
      outer loop
         vertex 1.000000e+01 3.000000e+00 8.100000e+01
         vertex 1.156434e+01 0.000000e+00 8.087688e+01
         vertex 1.156434e+01 3.000000e+00 8.087688e+01
      endloop
   endfacet
   facet normal 2.334435e-01 0.000000e+00 9.723704e-01
      outer loop
         vertex 1.156434e+01 3.000000e+00 8.087688e+01
         vertex 1.156434e+01 0.000000e+00 8.087688e+01
         vertex 1.309017e+01 0.000000e+00 8.051057e+01
      endloop
   endfacet
   facet normal 2.334435e-01 0.000000e+00 9.723704e-01
      outer loop
         vertex 1.156434e+01 3.000000e+00 8.087688e+01
         vertex 1.309017e+01 0.000000e+00 8.051057e+01
         vertex 1.309017e+01 3.000000e+00 8.051057e+01
      endloop
   endfacet
   facet normal 3.826845e-01 0.000000e+00 9.238791e-01
      outer loop
         vertex 1.309017e+01 3.000000e+00 8.051057e+01
         vertex 1.309017e+01 0.000000e+00 8.051057e+01
         vertex 1.453990e+01 0.000000e+00 7.991006e+01
      endloop
   endfacet
   facet normal 3.826845e-01 0.000000e+00 9.238791e-01
      outer loop
         vertex 1.309017e+01 3.000000e+00 8.051057e+01
         vertex 1.453990e+01 0.000000e+00 7.991006e+01
         vertex 1.453990e+01 3.000000e+00 7.991006e+01
      endloop
   endfacet
   facet normal 5.224970e-01 0.000000e+00 8.526412e-01
      outer loop
         vertex 1.453990e+01 3.000000e+00 7.991006e+01
         vertex 1.453990e+01 0.000000e+00 7.991006e+01
         vertex 1.587785e+01 0.000000e+00 7.909017e+01
      endloop
   endfacet
   facet normal 5.224970e-01 0.000000e+00 8.526412e-01
      outer loop
         vertex 1.453990e+01 3.000000e+00 7.991006e+01
         vertex 1.587785e+01 0.000000e+00 7.909017e+01
         vertex 1.587785e+01 3.000000e+00 7.909017e+01
      endloop
   endfacet
   facet normal 6.494493e-01 0.000000e+00 7.604049e-01
      outer loop
         vertex 1.587785e+01 3.000000e+00 7.909017e+01
         vertex 1.587785e+01 0.000000e+00 7.909017e+01
         vertex 1.707107e+01 0.000000e+00 7.807107e+01
      endloop
   endfacet
   facet normal 6.494493e-01 0.000000e+00 7.604049e-01
      outer loop
         vertex 1.587785e+01 3.000000e+00 7.909017e+01
         vertex 1.707107e+01 0.000000e+00 7.807107e+01
         vertex 1.707107e+01 3.000000e+00 7.807107e+01
      endloop
   endfacet
   facet normal 7.604066e-01 0.000000e+00 6.494474e-01
      outer loop
         vertex 1.707107e+01 3.000000e+00 7.807107e+01
         vertex 1.707107e+01 0.000000e+00 7.807107e+01
         vertex 1.809017e+01 0.000000e+00 7.687785e+01
      endloop
   endfacet
   facet normal 7.604066e-01 0.000000e+00 6.494474e-01
      outer loop
         vertex 1.707107e+01 3.000000e+00 7.807107e+01
         vertex 1.809017e+01 0.000000e+00 7.687785e+01
         vertex 1.809017e+01 3.000000e+00 7.687785e+01
      endloop
   endfacet
   facet normal 8.526398e-01 0.000000e+00 5.224992e-01
      outer loop
         vertex 1.809017e+01 3.000000e+00 7.687785e+01
         vertex 1.809017e+01 0.000000e+00 7.687785e+01
         vertex 1.891007e+01 0.000000e+00 7.553990e+01
      endloop
   endfacet
   facet normal 8.526398e-01 0.000000e+00 5.224992e-01
      outer loop
         vertex 1.809017e+01 3.000000e+00 7.687785e+01
         vertex 1.891007e+01 0.000000e+00 7.553990e+01
         vertex 1.891007e+01 3.000000e+00 7.553990e+01
      endloop
   endfacet
   facet normal 9.238794e-01 0.000000e+00 3.826837e-01
      outer loop
         vertex 1.891007e+01 3.000000e+00 7.553990e+01
         vertex 1.891007e+01 0.000000e+00 7.553990e+01
         vertex 1.951057e+01 0.000000e+00 7.409017e+01
      endloop
   endfacet
   facet normal 9.238794e-01 0.000000e+00 3.826837e-01
      outer loop
         vertex 1.891007e+01 3.000000e+00 7.553990e+01
         vertex 1.951057e+01 0.000000e+00 7.409017e+01
         vertex 1.951057e+01 3.000000e+00 7.409017e+01
      endloop
   endfacet
   facet normal 9.723700e-01 0.000000e+00 2.334450e-01
      outer loop
         vertex 1.951057e+01 3.000000e+00 7.409017e+01
         vertex 1.951057e+01 0.000000e+00 7.409017e+01
         vertex 1.987688e+01 0.000000e+00 7.256434e+01
      endloop
   endfacet
   facet normal 9.723700e-01 0.000000e+00 2.334450e-01
      outer loop
         vertex 1.951057e+01 3.000000e+00 7.409017e+01
         vertex 1.987688e+01 0.000000e+00 7.256434e+01
         vertex 1.987688e+01 3.000000e+00 7.256434e+01
      endloop
   endfacet
   facet normal 9.969173e-01 0.000000e+00 7.845894e-02
      outer loop
         vertex 1.987688e+01 3.000000e+00 7.256434e+01
         vertex 1.987688e+01 0.000000e+00 7.256434e+01
         vertex 2.000000e+01 0.000000e+00 7.100000e+01
      endloop
   endfacet
   facet normal 9.969173e-01 0.000000e+00 7.845894e-02
      outer loop
         vertex 1.987688e+01 3.000000e+00 7.256434e+01
         vertex 2.000000e+01 0.000000e+00 7.100000e+01
         vertex 2.000000e+01 3.000000e+00 7.100000e+01
      endloop
   endfacet
   facet normal 0.000000e+00 1.000000e+00 0.000000e+00
      outer loop
         vertex 6.169778e+00 3.000000e+00 6.778606e+01
         vertex 6.786062e+00 3.000000e+00 6.716978e+01
         vertex 0.000000e+00 3.000000e+00 6.000000e+01
      endloop
   endfacet
   facet normal 0.000000e+00 1.000000e+00 0.000000e+00
      outer loop
         vertex 0.000000e+00 3.000000e+00 6.000000e+01
         vertex 6.786062e+00 3.000000e+00 6.716978e+01
         vertex 7.500000e+00 3.000000e+00 6.666987e+01
      endloop
   endfacet
   facet normal 0.000000e+00 1.000000e+00 0.000000e+00
      outer loop
         vertex 0.000000e+00 3.000000e+00 6.000000e+01
         vertex 7.500000e+00 3.000000e+00 6.666987e+01
         vertex 8.289899e+00 3.000000e+00 6.630154e+01
      endloop
   endfacet
   facet normal 0.000000e+00 1.000000e+00 0.000000e+00
      outer loop
         vertex 1.086824e+01 3.000000e+00 6.607596e+01
         vertex 2.000000e+01 3.000000e+00 6.000000e+01
         vertex 1.000000e+01 3.000000e+00 6.600000e+01
      endloop
   endfacet
   facet normal 0.000000e+00 1.000000e+00 0.000000e+00
      outer loop
         vertex 1.000000e+01 3.000000e+00 6.600000e+01
         vertex 2.000000e+01 3.000000e+00 6.000000e+01
         vertex 0.000000e+00 3.000000e+00 6.000000e+01
      endloop
   endfacet
   facet normal 0.000000e+00 1.000000e+00 0.000000e+00
      outer loop
         vertex 1.000000e+01 3.000000e+00 6.600000e+01
         vertex 0.000000e+00 3.000000e+00 6.000000e+01
         vertex 9.131759e+00 3.000000e+00 6.607596e+01
      endloop
   endfacet
   facet normal 0.000000e+00 1.000000e+00 0.000000e+00
      outer loop
         vertex 9.131759e+00 3.000000e+00 6.607596e+01
         vertex 0.000000e+00 3.000000e+00 6.000000e+01
         vertex 8.289899e+00 3.000000e+00 6.630154e+01
      endloop
   endfacet
   facet normal -0.000000e+00 1.000000e+00 0.000000e+00
      outer loop
         vertex 1.086824e+01 3.000000e+00 6.607596e+01
         vertex 1.171010e+01 3.000000e+00 6.630154e+01
         vertex 2.000000e+01 3.000000e+00 6.000000e+01
      endloop
   endfacet
   facet normal 0.000000e+00 1.000000e+00 0.000000e+00
      outer loop
         vertex 2.000000e+01 3.000000e+00 6.000000e+01
         vertex 1.171010e+01 3.000000e+00 6.630154e+01
         vertex 1.250000e+01 3.000000e+00 6.666987e+01
      endloop
   endfacet
   facet normal 0.000000e+00 1.000000e+00 0.000000e+00
      outer loop
         vertex 2.000000e+01 3.000000e+00 6.000000e+01
         vertex 1.250000e+01 3.000000e+00 6.666987e+01
         vertex 1.321394e+01 3.000000e+00 6.716978e+01
      endloop
   endfacet
   facet normal 0.000000e+00 1.000000e+00 -0.000000e+00
      outer loop
         vertex 5.000000e+00 3.000000e+00 7.100000e+01
         vertex 0.000000e+00 3.000000e+00 7.100000e+01
         vertex 5.075961e+00 3.000000e+00 7.186824e+01
      endloop
   endfacet
   facet normal 0.000000e+00 1.000000e+00 0.000000e+00
      outer loop
         vertex 5.075961e+00 3.000000e+00 7.186824e+01
         vertex 0.000000e+00 3.000000e+00 7.100000e+01
         vertex 1.231162e-01 3.000000e+00 7.256434e+01
      endloop
   endfacet
   facet normal 0.000000e+00 1.000000e+00 -0.000000e+00
      outer loop
         vertex 5.075961e+00 3.000000e+00 7.186824e+01
         vertex 1.231162e-01 3.000000e+00 7.256434e+01
         vertex 5.301537e+00 3.000000e+00 7.271010e+01
      endloop
   endfacet
   facet normal 0.000000e+00 1.000000e+00 0.000000e+00
      outer loop
         vertex 5.301537e+00 3.000000e+00 7.271010e+01
         vertex 1.231162e-01 3.000000e+00 7.256434e+01
         vertex 4.894342e-01 3.000000e+00 7.409017e+01
      endloop
   endfacet
   facet normal 0.000000e+00 1.000000e+00 -0.000000e+00
      outer loop
         vertex 5.301537e+00 3.000000e+00 7.271010e+01
         vertex 4.894342e-01 3.000000e+00 7.409017e+01
         vertex 5.669873e+00 3.000000e+00 7.350000e+01
      endloop
   endfacet
   facet normal 0.000000e+00 1.000000e+00 0.000000e+00
      outer loop
         vertex 5.669873e+00 3.000000e+00 7.350000e+01
         vertex 4.894342e-01 3.000000e+00 7.409017e+01
         vertex 1.089934e+00 3.000000e+00 7.553990e+01
      endloop
   endfacet
   facet normal 0.000000e+00 1.000000e+00 -0.000000e+00
      outer loop
         vertex 5.669873e+00 3.000000e+00 7.350000e+01
         vertex 1.089934e+00 3.000000e+00 7.553990e+01
         vertex 6.169778e+00 3.000000e+00 7.421394e+01
      endloop
   endfacet
   facet normal -0.000000e+00 1.000000e+00 0.000000e+00
      outer loop
         vertex 1.321394e+01 3.000000e+00 6.716978e+01
         vertex 1.383022e+01 3.000000e+00 6.778606e+01
         vertex 2.000000e+01 3.000000e+00 6.000000e+01
      endloop
   endfacet
   facet normal 0.000000e+00 1.000000e+00 0.000000e+00
      outer loop
         vertex 2.000000e+01 3.000000e+00 6.000000e+01
         vertex 1.383022e+01 3.000000e+00 6.778606e+01
         vertex 1.433013e+01 3.000000e+00 6.850000e+01
      endloop
   endfacet
   facet normal 0.000000e+00 1.000000e+00 -0.000000e+00
      outer loop
         vertex 2.000000e+01 3.000000e+00 6.000000e+01
         vertex 1.433013e+01 3.000000e+00 6.850000e+01
         vertex 2.000000e+01 3.000000e+00 7.100000e+01
      endloop
   endfacet
   facet normal 0.000000e+00 1.000000e+00 0.000000e+00
      outer loop
         vertex 2.000000e+01 3.000000e+00 7.100000e+01
         vertex 1.433013e+01 3.000000e+00 6.850000e+01
         vertex 1.469846e+01 3.000000e+00 6.928990e+01
      endloop
   endfacet
   facet normal -0.000000e+00 1.000000e+00 0.000000e+00
      outer loop
         vertex 1.089934e+00 3.000000e+00 7.553990e+01
         vertex 1.909830e+00 3.000000e+00 7.687785e+01
         vertex 6.169778e+00 3.000000e+00 7.421394e+01
      endloop
   endfacet
   facet normal 0.000000e+00 1.000000e+00 0.000000e+00
      outer loop
         vertex 6.169778e+00 3.000000e+00 7.421394e+01
         vertex 1.909830e+00 3.000000e+00 7.687785e+01
         vertex 2.928932e+00 3.000000e+00 7.807107e+01
      endloop
   endfacet
   facet normal 0.000000e+00 1.000000e+00 -0.000000e+00
      outer loop
         vertex 6.169778e+00 3.000000e+00 7.421394e+01
         vertex 2.928932e+00 3.000000e+00 7.807107e+01
         vertex 6.786062e+00 3.000000e+00 7.483022e+01
      endloop
   endfacet
   facet normal 0.000000e+00 1.000000e+00 0.000000e+00
      outer loop
         vertex 6.786062e+00 3.000000e+00 7.483022e+01
         vertex 2.928932e+00 3.000000e+00 7.807107e+01
         vertex 4.122147e+00 3.000000e+00 7.909017e+01
      endloop
   endfacet
   facet normal 0.000000e+00 1.000000e+00 -0.000000e+00
      outer loop
         vertex 6.786062e+00 3.000000e+00 7.483022e+01
         vertex 4.122147e+00 3.000000e+00 7.909017e+01
         vertex 7.500000e+00 3.000000e+00 7.533013e+01
      endloop
   endfacet
   facet normal 0.000000e+00 1.000000e+00 0.000000e+00
      outer loop
         vertex 7.500000e+00 3.000000e+00 7.533013e+01
         vertex 4.122147e+00 3.000000e+00 7.909017e+01
         vertex 5.460095e+00 3.000000e+00 7.991006e+01
      endloop
   endfacet
   facet normal 0.000000e+00 1.000000e+00 -0.000000e+00
      outer loop
         vertex 7.500000e+00 3.000000e+00 7.533013e+01
         vertex 5.460095e+00 3.000000e+00 7.991006e+01
         vertex 8.289899e+00 3.000000e+00 7.569846e+01
      endloop
   endfacet
   facet normal 0.000000e+00 1.000000e+00 0.000000e+00
      outer loop
         vertex 8.289899e+00 3.000000e+00 7.569846e+01
         vertex 5.460095e+00 3.000000e+00 7.991006e+01
         vertex 6.909830e+00 3.000000e+00 8.051057e+01
      endloop
   endfacet
   facet normal 0.000000e+00 1.000000e+00 -0.000000e+00
      outer loop
         vertex 8.289899e+00 3.000000e+00 7.569846e+01
         vertex 6.909830e+00 3.000000e+00 8.051057e+01
         vertex 9.131759e+00 3.000000e+00 7.592404e+01
      endloop
   endfacet
   facet normal 0.000000e+00 1.000000e+00 0.000000e+00
      outer loop
         vertex 9.131759e+00 3.000000e+00 7.592404e+01
         vertex 6.909830e+00 3.000000e+00 8.051057e+01
         vertex 8.435655e+00 3.000000e+00 8.087688e+01
      endloop
   endfacet
   facet normal 0.000000e+00 1.000000e+00 -0.000000e+00
      outer loop
         vertex 9.131759e+00 3.000000e+00 7.592404e+01
         vertex 8.435655e+00 3.000000e+00 8.087688e+01
         vertex 1.000000e+01 3.000000e+00 7.600000e+01
      endloop
   endfacet
   facet normal 0.000000e+00 1.000000e+00 -0.000000e+00
      outer loop
         vertex 1.000000e+01 3.000000e+00 7.600000e+01
         vertex 8.435655e+00 3.000000e+00 8.087688e+01
         vertex 1.000000e+01 3.000000e+00 8.100000e+01
      endloop
   endfacet
   facet normal -0.000000e+00 1.000000e+00 0.000000e+00
      outer loop
         vertex 1.000000e+01 3.000000e+00 7.600000e+01
         vertex 1.000000e+01 3.000000e+00 8.100000e+01
         vertex 1.086824e+01 3.000000e+00 7.592404e+01
      endloop
   endfacet
   facet normal 0.000000e+00 1.000000e+00 -0.000000e+00
      outer loop
         vertex 1.086824e+01 3.000000e+00 7.592404e+01
         vertex 1.000000e+01 3.000000e+00 8.100000e+01
         vertex 1.156434e+01 3.000000e+00 8.087688e+01
      endloop
   endfacet
   facet normal -0.000000e+00 1.000000e+00 0.000000e+00
      outer loop
         vertex 1.086824e+01 3.000000e+00 7.592404e+01
         vertex 1.156434e+01 3.000000e+00 8.087688e+01
         vertex 1.171010e+01 3.000000e+00 7.569846e+01
      endloop
   endfacet
   facet normal 0.000000e+00 1.000000e+00 -0.000000e+00
      outer loop
         vertex 1.171010e+01 3.000000e+00 7.569846e+01
         vertex 1.156434e+01 3.000000e+00 8.087688e+01
         vertex 1.309017e+01 3.000000e+00 8.051057e+01
      endloop
   endfacet
   facet normal -0.000000e+00 1.000000e+00 0.000000e+00
      outer loop
         vertex 1.171010e+01 3.000000e+00 7.569846e+01
         vertex 1.309017e+01 3.000000e+00 8.051057e+01
         vertex 1.250000e+01 3.000000e+00 7.533013e+01
      endloop
   endfacet
   facet normal 0.000000e+00 1.000000e+00 0.000000e+00
      outer loop
         vertex 1.250000e+01 3.000000e+00 7.533013e+01
         vertex 1.309017e+01 3.000000e+00 8.051057e+01
         vertex 1.453990e+01 3.000000e+00 7.991006e+01
      endloop
   endfacet
   facet normal -0.000000e+00 1.000000e+00 0.000000e+00
      outer loop
         vertex 1.250000e+01 3.000000e+00 7.533013e+01
         vertex 1.453990e+01 3.000000e+00 7.991006e+01
         vertex 1.321394e+01 3.000000e+00 7.483022e+01
      endloop
   endfacet
   facet normal 0.000000e+00 1.000000e+00 0.000000e+00
      outer loop
         vertex 5.000000e+00 3.000000e+00 7.100000e+01
         vertex 5.075961e+00 3.000000e+00 7.013176e+01
         vertex 0.000000e+00 3.000000e+00 7.100000e+01
      endloop
   endfacet
   facet normal 0.000000e+00 1.000000e+00 0.000000e+00
      outer loop
         vertex 0.000000e+00 3.000000e+00 7.100000e+01
         vertex 5.075961e+00 3.000000e+00 7.013176e+01
         vertex 5.301537e+00 3.000000e+00 6.928990e+01
      endloop
   endfacet
   facet normal 0.000000e+00 1.000000e+00 0.000000e+00
      outer loop
         vertex 0.000000e+00 3.000000e+00 7.100000e+01
         vertex 5.301537e+00 3.000000e+00 6.928990e+01
         vertex 0.000000e+00 3.000000e+00 6.000000e+01
      endloop
   endfacet
   facet normal 0.000000e+00 1.000000e+00 0.000000e+00
      outer loop
         vertex 0.000000e+00 3.000000e+00 6.000000e+01
         vertex 5.301537e+00 3.000000e+00 6.928990e+01
         vertex 5.669873e+00 3.000000e+00 6.850000e+01
      endloop
   endfacet
   facet normal 0.000000e+00 1.000000e+00 0.000000e+00
      outer loop
         vertex 0.000000e+00 3.000000e+00 6.000000e+01
         vertex 5.669873e+00 3.000000e+00 6.850000e+01
         vertex 6.169778e+00 3.000000e+00 6.778606e+01
      endloop
   endfacet
   facet normal 0.000000e+00 1.000000e+00 0.000000e+00
      outer loop
         vertex 1.469846e+01 3.000000e+00 6.928990e+01
         vertex 1.492404e+01 3.000000e+00 7.013176e+01
         vertex 2.000000e+01 3.000000e+00 7.100000e+01
      endloop
   endfacet
   facet normal 0.000000e+00 1.000000e+00 0.000000e+00
      outer loop
         vertex 2.000000e+01 3.000000e+00 7.100000e+01
         vertex 1.492404e+01 3.000000e+00 7.013176e+01
         vertex 1.500000e+01 3.000000e+00 7.100000e+01
      endloop
   endfacet
   facet normal 0.000000e+00 1.000000e+00 0.000000e+00
      outer loop
         vertex 2.000000e+01 3.000000e+00 7.100000e+01
         vertex 1.500000e+01 3.000000e+00 7.100000e+01
         vertex 1.987688e+01 3.000000e+00 7.256434e+01
      endloop
   endfacet
   facet normal 0.000000e+00 1.000000e+00 0.000000e+00
      outer loop
         vertex 1.987688e+01 3.000000e+00 7.256434e+01
         vertex 1.500000e+01 3.000000e+00 7.100000e+01
         vertex 1.492404e+01 3.000000e+00 7.186824e+01
      endloop
   endfacet
   facet normal 0.000000e+00 1.000000e+00 0.000000e+00
      outer loop
         vertex 1.987688e+01 3.000000e+00 7.256434e+01
         vertex 1.492404e+01 3.000000e+00 7.186824e+01
         vertex 1.951057e+01 3.000000e+00 7.409017e+01
      endloop
   endfacet
   facet normal 0.000000e+00 1.000000e+00 0.000000e+00
      outer loop
         vertex 1.951057e+01 3.000000e+00 7.409017e+01
         vertex 1.492404e+01 3.000000e+00 7.186824e+01
         vertex 1.469846e+01 3.000000e+00 7.271010e+01
      endloop
   endfacet
   facet normal 0.000000e+00 1.000000e+00 0.000000e+00
      outer loop
         vertex 1.951057e+01 3.000000e+00 7.409017e+01
         vertex 1.469846e+01 3.000000e+00 7.271010e+01
         vertex 1.891007e+01 3.000000e+00 7.553990e+01
      endloop
   endfacet
   facet normal 0.000000e+00 1.000000e+00 0.000000e+00
      outer loop
         vertex 1.891007e+01 3.000000e+00 7.553990e+01
         vertex 1.469846e+01 3.000000e+00 7.271010e+01
         vertex 1.433013e+01 3.000000e+00 7.350000e+01
      endloop
   endfacet
   facet normal 0.000000e+00 1.000000e+00 0.000000e+00
      outer loop
         vertex 1.891007e+01 3.000000e+00 7.553990e+01
         vertex 1.433013e+01 3.000000e+00 7.350000e+01
         vertex 1.809017e+01 3.000000e+00 7.687785e+01
      endloop
   endfacet
   facet normal 0.000000e+00 1.000000e+00 0.000000e+00
      outer loop
         vertex 1.809017e+01 3.000000e+00 7.687785e+01
         vertex 1.433013e+01 3.000000e+00 7.350000e+01
         vertex 1.383022e+01 3.000000e+00 7.421394e+01
      endloop
   endfacet
   facet normal 0.000000e+00 1.000000e+00 0.000000e+00
      outer loop
         vertex 1.809017e+01 3.000000e+00 7.687785e+01
         vertex 1.383022e+01 3.000000e+00 7.421394e+01
         vertex 1.707107e+01 3.000000e+00 7.807107e+01
      endloop
   endfacet
   facet normal 0.000000e+00 1.000000e+00 0.000000e+00
      outer loop
         vertex 1.707107e+01 3.000000e+00 7.807107e+01
         vertex 1.383022e+01 3.000000e+00 7.421394e+01
         vertex 1.321394e+01 3.000000e+00 7.483022e+01
      endloop
   endfacet
   facet normal 0.000000e+00 1.000000e+00 0.000000e+00
      outer loop
         vertex 1.707107e+01 3.000000e+00 7.807107e+01
         vertex 1.321394e+01 3.000000e+00 7.483022e+01
         vertex 1.587785e+01 3.000000e+00 7.909017e+01
      endloop
   endfacet
   facet normal 0.000000e+00 1.000000e+00 0.000000e+00
      outer loop
         vertex 1.587785e+01 3.000000e+00 7.909017e+01
         vertex 1.321394e+01 3.000000e+00 7.483022e+01
         vertex 1.453990e+01 3.000000e+00 7.991006e+01
      endloop
   endfacet
   facet normal -8.715282e-02 0.000000e+00 9.961950e-01
      outer loop
         vertex 1.000000e+01 3.000000e+00 6.600000e+01
         vertex 1.000000e+01 0.000000e+00 6.600000e+01
         vertex 1.086824e+01 3.000000e+00 6.607596e+01
      endloop
   endfacet
   facet normal -8.715282e-02 0.000000e+00 9.961950e-01
      outer loop
         vertex 1.086824e+01 3.000000e+00 6.607596e+01
         vertex 1.000000e+01 0.000000e+00 6.600000e+01
         vertex 1.086824e+01 0.000000e+00 6.607596e+01
      endloop
   endfacet
   facet normal -2.588210e-01 0.000000e+00 9.659253e-01
      outer loop
         vertex 1.086824e+01 3.000000e+00 6.607596e+01
         vertex 1.086824e+01 0.000000e+00 6.607596e+01
         vertex 1.171010e+01 3.000000e+00 6.630154e+01
      endloop
   endfacet
   facet normal -2.588210e-01 0.000000e+00 9.659253e-01
      outer loop
         vertex 1.171010e+01 3.000000e+00 6.630154e+01
         vertex 1.086824e+01 0.000000e+00 6.607596e+01
         vertex 1.171010e+01 0.000000e+00 6.630154e+01
      endloop
   endfacet
   facet normal -4.226166e-01 0.000000e+00 9.063085e-01
      outer loop
         vertex 1.171010e+01 3.000000e+00 6.630154e+01
         vertex 1.171010e+01 0.000000e+00 6.630154e+01
         vertex 1.250000e+01 3.000000e+00 6.666987e+01
      endloop
   endfacet
   facet normal -4.226166e-01 0.000000e+00 9.063085e-01
      outer loop
         vertex 1.250000e+01 3.000000e+00 6.666987e+01
         vertex 1.171010e+01 0.000000e+00 6.630154e+01
         vertex 1.250000e+01 0.000000e+00 6.666987e+01
      endloop
   endfacet
   facet normal -5.735759e-01 0.000000e+00 8.191524e-01
      outer loop
         vertex 1.250000e+01 3.000000e+00 6.666987e+01
         vertex 1.250000e+01 0.000000e+00 6.666987e+01
         vertex 1.321394e+01 3.000000e+00 6.716978e+01
      endloop
   endfacet
   facet normal -5.735759e-01 0.000000e+00 8.191524e-01
      outer loop
         vertex 1.321394e+01 3.000000e+00 6.716978e+01
         vertex 1.250000e+01 0.000000e+00 6.666987e+01
         vertex 1.321394e+01 0.000000e+00 6.716978e+01
      endloop
   endfacet
   facet normal -7.071078e-01 0.000000e+00 7.071057e-01
      outer loop
         vertex 1.321394e+01 3.000000e+00 6.716978e+01
         vertex 1.321394e+01 0.000000e+00 6.716978e+01
         vertex 1.383022e+01 3.000000e+00 6.778606e+01
      endloop
   endfacet
   facet normal -7.071078e-01 0.000000e+00 7.071057e-01
      outer loop
         vertex 1.383022e+01 3.000000e+00 6.778606e+01
         vertex 1.321394e+01 0.000000e+00 6.716978e+01
         vertex 1.383022e+01 0.000000e+00 6.778606e+01
      endloop
   endfacet
   facet normal -8.191516e-01 0.000000e+00 5.735770e-01
      outer loop
         vertex 1.383022e+01 3.000000e+00 6.778606e+01
         vertex 1.383022e+01 0.000000e+00 6.778606e+01
         vertex 1.433013e+01 3.000000e+00 6.850000e+01
      endloop
   endfacet
   facet normal -8.191516e-01 0.000000e+00 5.735770e-01
      outer loop
         vertex 1.433013e+01 3.000000e+00 6.850000e+01
         vertex 1.383022e+01 0.000000e+00 6.778606e+01
         vertex 1.433013e+01 0.000000e+00 6.850000e+01
      endloop
   endfacet
   facet normal -9.063077e-01 0.000000e+00 4.226183e-01
      outer loop
         vertex 1.433013e+01 3.000000e+00 6.850000e+01
         vertex 1.433013e+01 0.000000e+00 6.850000e+01
         vertex 1.469846e+01 3.000000e+00 6.928990e+01
      endloop
   endfacet
   facet normal -9.063077e-01 0.000000e+00 4.226183e-01
      outer loop
         vertex 1.469846e+01 3.000000e+00 6.928990e+01
         vertex 1.433013e+01 0.000000e+00 6.850000e+01
         vertex 1.469846e+01 0.000000e+00 6.928990e+01
      endloop
   endfacet
   facet normal -9.659258e-01 0.000000e+00 2.588191e-01
      outer loop
         vertex 1.469846e+01 3.000000e+00 6.928990e+01
         vertex 1.469846e+01 0.000000e+00 6.928990e+01
         vertex 1.492404e+01 3.000000e+00 7.013176e+01
      endloop
   endfacet
   facet normal -9.659258e-01 0.000000e+00 2.588191e-01
      outer loop
         vertex 1.492404e+01 3.000000e+00 7.013176e+01
         vertex 1.469846e+01 0.000000e+00 6.928990e+01
         vertex 1.492404e+01 0.000000e+00 7.013176e+01
      endloop
   endfacet
   facet normal -9.961947e-01 0.000000e+00 8.715534e-02
      outer loop
         vertex 1.492404e+01 3.000000e+00 7.013176e+01
         vertex 1.492404e+01 0.000000e+00 7.013176e+01
         vertex 1.500000e+01 3.000000e+00 7.100000e+01
      endloop
   endfacet
   facet normal -9.961947e-01 0.000000e+00 8.715534e-02
      outer loop
         vertex 1.500000e+01 3.000000e+00 7.100000e+01
         vertex 1.492404e+01 0.000000e+00 7.013176e+01
         vertex 1.500000e+01 0.000000e+00 7.100000e+01
      endloop
   endfacet
   facet normal -9.961947e-01 -0.000000e+00 -8.715571e-02
      outer loop
         vertex 1.500000e+01 3.000000e+00 7.100000e+01
         vertex 1.500000e+01 0.000000e+00 7.100000e+01
         vertex 1.492404e+01 3.000000e+00 7.186824e+01
      endloop
   endfacet
   facet normal -9.961947e-01 -0.000000e+00 -8.715571e-02
      outer loop
         vertex 1.492404e+01 3.000000e+00 7.186824e+01
         vertex 1.500000e+01 0.000000e+00 7.100000e+01
         vertex 1.492404e+01 0.000000e+00 7.186824e+01
      endloop
   endfacet
   facet normal -9.659258e-01 -0.000000e+00 -2.588191e-01
      outer loop
         vertex 1.492404e+01 3.000000e+00 7.186824e+01
         vertex 1.492404e+01 0.000000e+00 7.186824e+01
         vertex 1.469846e+01 3.000000e+00 7.271010e+01
      endloop
   endfacet
   facet normal -9.659258e-01 -0.000000e+00 -2.588191e-01
      outer loop
         vertex 1.469846e+01 3.000000e+00 7.271010e+01
         vertex 1.492404e+01 0.000000e+00 7.186824e+01
         vertex 1.469846e+01 0.000000e+00 7.271010e+01
      endloop
   endfacet
   facet normal -9.063085e-01 -0.000000e+00 -4.226167e-01
      outer loop
         vertex 1.469846e+01 3.000000e+00 7.271010e+01
         vertex 1.469846e+01 0.000000e+00 7.271010e+01
         vertex 1.433013e+01 3.000000e+00 7.350000e+01
      endloop
   endfacet
   facet normal -9.063085e-01 -0.000000e+00 -4.226167e-01
      outer loop
         vertex 1.433013e+01 3.000000e+00 7.350000e+01
         vertex 1.469846e+01 0.000000e+00 7.271010e+01
         vertex 1.433013e+01 0.000000e+00 7.350000e+01
      endloop
   endfacet
   facet normal -8.191516e-01 -0.000000e+00 -5.735770e-01
      outer loop
         vertex 1.433013e+01 3.000000e+00 7.350000e+01
         vertex 1.433013e+01 0.000000e+00 7.350000e+01
         vertex 1.383022e+01 3.000000e+00 7.421394e+01
      endloop
   endfacet
   facet normal -8.191516e-01 -0.000000e+00 -5.735770e-01
      outer loop
         vertex 1.383022e+01 3.000000e+00 7.421394e+01
         vertex 1.433013e+01 0.000000e+00 7.350000e+01
         vertex 1.383022e+01 0.000000e+00 7.421394e+01
      endloop
   endfacet
   facet normal -7.071057e-01 -0.000000e+00 -7.071078e-01
      outer loop
         vertex 1.383022e+01 3.000000e+00 7.421394e+01
         vertex 1.383022e+01 0.000000e+00 7.421394e+01
         vertex 1.321394e+01 3.000000e+00 7.483022e+01
      endloop
   endfacet
   facet normal -7.071057e-01 -0.000000e+00 -7.071078e-01
      outer loop
         vertex 1.321394e+01 3.000000e+00 7.483022e+01
         vertex 1.383022e+01 0.000000e+00 7.421394e+01
         vertex 1.321394e+01 0.000000e+00 7.483022e+01
      endloop
   endfacet
   facet normal -5.735759e-01 -0.000000e+00 -8.191524e-01
      outer loop
         vertex 1.321394e+01 3.000000e+00 7.483022e+01
         vertex 1.321394e+01 0.000000e+00 7.483022e+01
         vertex 1.250000e+01 3.000000e+00 7.533013e+01
      endloop
   endfacet
   facet normal -5.735759e-01 -0.000000e+00 -8.191524e-01
      outer loop
         vertex 1.250000e+01 3.000000e+00 7.533013e+01
         vertex 1.321394e+01 0.000000e+00 7.483022e+01
         vertex 1.250000e+01 0.000000e+00 7.533013e+01
      endloop
   endfacet
   facet normal -4.226166e-01 -0.000000e+00 -9.063085e-01
      outer loop
         vertex 1.250000e+01 3.000000e+00 7.533013e+01
         vertex 1.250000e+01 0.000000e+00 7.533013e+01
         vertex 1.171010e+01 3.000000e+00 7.569846e+01
      endloop
   endfacet
   facet normal -4.226166e-01 -0.000000e+00 -9.063085e-01
      outer loop
         vertex 1.171010e+01 3.000000e+00 7.569846e+01
         vertex 1.250000e+01 0.000000e+00 7.533013e+01
         vertex 1.171010e+01 0.000000e+00 7.569846e+01
      endloop
   endfacet
   facet normal -2.588250e-01 -0.000000e+00 -9.659242e-01
      outer loop
         vertex 1.171010e+01 3.000000e+00 7.569846e+01
         vertex 1.171010e+01 0.000000e+00 7.569846e+01
         vertex 1.086824e+01 3.000000e+00 7.592404e+01
      endloop
   endfacet
   facet normal -2.588250e-01 -0.000000e+00 -9.659242e-01
      outer loop
         vertex 1.086824e+01 3.000000e+00 7.592404e+01
         vertex 1.171010e+01 0.000000e+00 7.569846e+01
         vertex 1.086824e+01 0.000000e+00 7.592404e+01
      endloop
   endfacet
   facet normal -8.715282e-02 -0.000000e+00 -9.961950e-01
      outer loop
         vertex 1.086824e+01 3.000000e+00 7.592404e+01
         vertex 1.086824e+01 0.000000e+00 7.592404e+01
         vertex 1.000000e+01 3.000000e+00 7.600000e+01
      endloop
   endfacet
   facet normal -8.715282e-02 -0.000000e+00 -9.961950e-01
      outer loop
         vertex 1.000000e+01 3.000000e+00 7.600000e+01
         vertex 1.086824e+01 0.000000e+00 7.592404e+01
         vertex 1.000000e+01 0.000000e+00 7.600000e+01
      endloop
   endfacet
   facet normal 8.715282e-02 0.000000e+00 -9.961950e-01
      outer loop
         vertex 1.000000e+01 3.000000e+00 7.600000e+01
         vertex 1.000000e+01 0.000000e+00 7.600000e+01
         vertex 9.131759e+00 3.000000e+00 7.592404e+01
      endloop
   endfacet
   facet normal 8.715282e-02 0.000000e+00 -9.961950e-01
      outer loop
         vertex 9.131759e+00 3.000000e+00 7.592404e+01
         vertex 1.000000e+01 0.000000e+00 7.600000e+01
         vertex 9.131759e+00 0.000000e+00 7.592404e+01
      endloop
   endfacet
   facet normal 2.588250e-01 0.000000e+00 -9.659242e-01
      outer loop
         vertex 9.131759e+00 3.000000e+00 7.592404e+01
         vertex 9.131759e+00 0.000000e+00 7.592404e+01
         vertex 8.289899e+00 3.000000e+00 7.569846e+01
      endloop
   endfacet
   facet normal 2.588250e-01 0.000000e+00 -9.659242e-01
      outer loop
         vertex 8.289899e+00 3.000000e+00 7.569846e+01
         vertex 9.131759e+00 0.000000e+00 7.592404e+01
         vertex 8.289899e+00 0.000000e+00 7.569846e+01
      endloop
   endfacet
   facet normal 4.226166e-01 0.000000e+00 -9.063085e-01
      outer loop
         vertex 8.289899e+00 3.000000e+00 7.569846e+01
         vertex 8.289899e+00 0.000000e+00 7.569846e+01
         vertex 7.500000e+00 3.000000e+00 7.533013e+01
      endloop
   endfacet
   facet normal 4.226166e-01 0.000000e+00 -9.063085e-01
      outer loop
         vertex 7.500000e+00 3.000000e+00 7.533013e+01
         vertex 8.289899e+00 0.000000e+00 7.569846e+01
         vertex 7.500000e+00 0.000000e+00 7.533013e+01
      endloop
   endfacet
   facet normal 5.735759e-01 0.000000e+00 -8.191524e-01
      outer loop
         vertex 7.500000e+00 3.000000e+00 7.533013e+01
         vertex 7.500000e+00 0.000000e+00 7.533013e+01
         vertex 6.786062e+00 3.000000e+00 7.483022e+01
      endloop
   endfacet
   facet normal 5.735759e-01 0.000000e+00 -8.191524e-01
      outer loop
         vertex 6.786062e+00 3.000000e+00 7.483022e+01
         vertex 7.500000e+00 0.000000e+00 7.533013e+01
         vertex 6.786062e+00 0.000000e+00 7.483022e+01
      endloop
   endfacet
   facet normal 7.071057e-01 0.000000e+00 -7.071078e-01
      outer loop
         vertex 6.786062e+00 3.000000e+00 7.483022e+01
         vertex 6.786062e+00 0.000000e+00 7.483022e+01
         vertex 6.169778e+00 3.000000e+00 7.421394e+01
      endloop
   endfacet
   facet normal 7.071057e-01 0.000000e+00 -7.071078e-01
      outer loop
         vertex 6.169778e+00 3.000000e+00 7.421394e+01
         vertex 6.786062e+00 0.000000e+00 7.483022e+01
         vertex 6.169778e+00 0.000000e+00 7.421394e+01
      endloop
   endfacet
   facet normal 8.191516e-01 0.000000e+00 -5.735770e-01
      outer loop
         vertex 6.169778e+00 3.000000e+00 7.421394e+01
         vertex 6.169778e+00 0.000000e+00 7.421394e+01
         vertex 5.669873e+00 3.000000e+00 7.350000e+01
      endloop
   endfacet
   facet normal 8.191516e-01 0.000000e+00 -5.735770e-01
      outer loop
         vertex 5.669873e+00 3.000000e+00 7.350000e+01
         vertex 6.169778e+00 0.000000e+00 7.421394e+01
         vertex 5.669873e+00 0.000000e+00 7.350000e+01
      endloop
   endfacet
   facet normal 9.063085e-01 0.000000e+00 -4.226167e-01
      outer loop
         vertex 5.669873e+00 3.000000e+00 7.350000e+01
         vertex 5.669873e+00 0.000000e+00 7.350000e+01
         vertex 5.301537e+00 3.000000e+00 7.271010e+01
      endloop
   endfacet
   facet normal 9.063085e-01 0.000000e+00 -4.226167e-01
      outer loop
         vertex 5.301537e+00 3.000000e+00 7.271010e+01
         vertex 5.669873e+00 0.000000e+00 7.350000e+01
         vertex 5.301537e+00 0.000000e+00 7.271010e+01
      endloop
   endfacet
   facet normal 9.659258e-01 0.000000e+00 -2.588191e-01
      outer loop
         vertex 5.301537e+00 3.000000e+00 7.271010e+01
         vertex 5.301537e+00 0.000000e+00 7.271010e+01
         vertex 5.075961e+00 3.000000e+00 7.186824e+01
      endloop
   endfacet
   facet normal 9.659258e-01 0.000000e+00 -2.588191e-01
      outer loop
         vertex 5.075961e+00 3.000000e+00 7.186824e+01
         vertex 5.301537e+00 0.000000e+00 7.271010e+01
         vertex 5.075961e+00 0.000000e+00 7.186824e+01
      endloop
   endfacet
   facet normal 9.961947e-01 0.000000e+00 -8.715571e-02
      outer loop
         vertex 5.075961e+00 3.000000e+00 7.186824e+01
         vertex 5.075961e+00 0.000000e+00 7.186824e+01
         vertex 5.000000e+00 3.000000e+00 7.100000e+01
      endloop
   endfacet
   facet normal 9.961947e-01 0.000000e+00 -8.715571e-02
      outer loop
         vertex 5.000000e+00 3.000000e+00 7.100000e+01
         vertex 5.075961e+00 0.000000e+00 7.186824e+01
         vertex 5.000000e+00 0.000000e+00 7.100000e+01
      endloop
   endfacet
   facet normal 9.961947e-01 0.000000e+00 8.715534e-02
      outer loop
         vertex 5.000000e+00 3.000000e+00 7.100000e+01
         vertex 5.000000e+00 0.000000e+00 7.100000e+01
         vertex 5.075961e+00 3.000000e+00 7.013176e+01
      endloop
   endfacet
   facet normal 9.961947e-01 0.000000e+00 8.715534e-02
      outer loop
         vertex 5.075961e+00 3.000000e+00 7.013176e+01
         vertex 5.000000e+00 0.000000e+00 7.100000e+01
         vertex 5.075961e+00 0.000000e+00 7.013176e+01
      endloop
   endfacet
   facet normal 9.659258e-01 0.000000e+00 2.588191e-01
      outer loop
         vertex 5.075961e+00 3.000000e+00 7.013176e+01
         vertex 5.075961e+00 0.000000e+00 7.013176e+01
         vertex 5.301537e+00 3.000000e+00 6.928990e+01
      endloop
   endfacet
   facet normal 9.659258e-01 0.000000e+00 2.588191e-01
      outer loop
         vertex 5.301537e+00 3.000000e+00 6.928990e+01
         vertex 5.075961e+00 0.000000e+00 7.013176e+01
         vertex 5.301537e+00 0.000000e+00 6.928990e+01
      endloop
   endfacet
   facet normal 9.063077e-01 0.000000e+00 4.226183e-01
      outer loop
         vertex 5.301537e+00 3.000000e+00 6.928990e+01
         vertex 5.301537e+00 0.000000e+00 6.928990e+01
         vertex 5.669873e+00 3.000000e+00 6.850000e+01
      endloop
   endfacet
   facet normal 9.063077e-01 0.000000e+00 4.226183e-01
      outer loop
         vertex 5.669873e+00 3.000000e+00 6.850000e+01
         vertex 5.301537e+00 0.000000e+00 6.928990e+01
         vertex 5.669873e+00 0.000000e+00 6.850000e+01
      endloop
   endfacet
   facet normal 8.191516e-01 0.000000e+00 5.735770e-01
      outer loop
         vertex 5.669873e+00 3.000000e+00 6.850000e+01
         vertex 5.669873e+00 0.000000e+00 6.850000e+01
         vertex 6.169778e+00 3.000000e+00 6.778606e+01
      endloop
   endfacet
   facet normal 8.191516e-01 0.000000e+00 5.735770e-01
      outer loop
         vertex 6.169778e+00 3.000000e+00 6.778606e+01
         vertex 5.669873e+00 0.000000e+00 6.850000e+01
         vertex 6.169778e+00 0.000000e+00 6.778606e+01
      endloop
   endfacet
   facet normal 7.071078e-01 0.000000e+00 7.071057e-01
      outer loop
         vertex 6.169778e+00 3.000000e+00 6.778606e+01
         vertex 6.169778e+00 0.000000e+00 6.778606e+01
         vertex 6.786062e+00 3.000000e+00 6.716978e+01
      endloop
   endfacet
   facet normal 7.071078e-01 0.000000e+00 7.071057e-01
      outer loop
         vertex 6.786062e+00 3.000000e+00 6.716978e+01
         vertex 6.169778e+00 0.000000e+00 6.778606e+01
         vertex 6.786062e+00 0.000000e+00 6.716978e+01
      endloop
   endfacet
   facet normal 5.735759e-01 0.000000e+00 8.191524e-01
      outer loop
         vertex 6.786062e+00 3.000000e+00 6.716978e+01
         vertex 6.786062e+00 0.000000e+00 6.716978e+01
         vertex 7.500000e+00 3.000000e+00 6.666987e+01
      endloop
   endfacet
   facet normal 5.735759e-01 0.000000e+00 8.191524e-01
      outer loop
         vertex 7.500000e+00 3.000000e+00 6.666987e+01
         vertex 6.786062e+00 0.000000e+00 6.716978e+01
         vertex 7.500000e+00 0.000000e+00 6.666987e+01
      endloop
   endfacet
   facet normal 4.226166e-01 0.000000e+00 9.063085e-01
      outer loop
         vertex 7.500000e+00 3.000000e+00 6.666987e+01
         vertex 7.500000e+00 0.000000e+00 6.666987e+01
         vertex 8.289899e+00 3.000000e+00 6.630154e+01
      endloop
   endfacet
   facet normal 4.226166e-01 0.000000e+00 9.063085e-01
      outer loop
         vertex 8.289899e+00 3.000000e+00 6.630154e+01
         vertex 7.500000e+00 0.000000e+00 6.666987e+01
         vertex 8.289899e+00 0.000000e+00 6.630154e+01
      endloop
   endfacet
   facet normal 2.588210e-01 0.000000e+00 9.659253e-01
      outer loop
         vertex 8.289899e+00 3.000000e+00 6.630154e+01
         vertex 8.289899e+00 0.000000e+00 6.630154e+01
         vertex 9.131759e+00 3.000000e+00 6.607596e+01
      endloop
   endfacet
   facet normal 2.588210e-01 0.000000e+00 9.659253e-01
      outer loop
         vertex 9.131759e+00 3.000000e+00 6.607596e+01
         vertex 8.289899e+00 0.000000e+00 6.630154e+01
         vertex 9.131759e+00 0.000000e+00 6.607596e+01
      endloop
   endfacet
   facet normal 8.715282e-02 0.000000e+00 9.961950e-01
      outer loop
         vertex 9.131759e+00 3.000000e+00 6.607596e+01
         vertex 9.131759e+00 0.000000e+00 6.607596e+01
         vertex 1.000000e+01 3.000000e+00 6.600000e+01
      endloop
   endfacet
   facet normal 8.715282e-02 0.000000e+00 9.961950e-01
      outer loop
         vertex 1.000000e+01 3.000000e+00 6.600000e+01
         vertex 9.131759e+00 0.000000e+00 6.607596e+01
         vertex 1.000000e+01 0.000000e+00 6.600000e+01
      endloop
   endfacet
   facet normal 0.000000e+00 -1.000000e+00 -0.000000e+00
      outer loop
         vertex 9.131759e+00 2.300000e+01 6.607596e+01
         vertex 0.000000e+00 2.300000e+01 6.000000e+01
         vertex 1.000000e+01 2.300000e+01 6.600000e+01
      endloop
   endfacet
   facet normal 0.000000e+00 -1.000000e+00 -0.000000e+00
      outer loop
         vertex 1.000000e+01 2.300000e+01 6.600000e+01
         vertex 0.000000e+00 2.300000e+01 6.000000e+01
         vertex 2.000000e+01 2.300000e+01 6.000000e+01
      endloop
   endfacet
   facet normal 0.000000e+00 -1.000000e+00 0.000000e+00
      outer loop
         vertex 1.000000e+01 2.300000e+01 6.600000e+01
         vertex 2.000000e+01 2.300000e+01 6.000000e+01
         vertex 1.086824e+01 2.300000e+01 6.607596e+01
      endloop
   endfacet
   facet normal -0.000000e+00 -1.000000e+00 0.000000e+00
      outer loop
         vertex 9.131759e+00 2.300000e+01 6.607596e+01
         vertex 8.289899e+00 2.300000e+01 6.630154e+01
         vertex 0.000000e+00 2.300000e+01 6.000000e+01
      endloop
   endfacet
   facet normal 0.000000e+00 -1.000000e+00 0.000000e+00
      outer loop
         vertex 0.000000e+00 2.300000e+01 6.000000e+01
         vertex 8.289899e+00 2.300000e+01 6.630154e+01
         vertex 7.500000e+00 2.300000e+01 6.666987e+01
      endloop
   endfacet
   facet normal 0.000000e+00 -1.000000e+00 0.000000e+00
      outer loop
         vertex 0.000000e+00 2.300000e+01 6.000000e+01
         vertex 7.500000e+00 2.300000e+01 6.666987e+01
         vertex 6.786062e+00 2.300000e+01 6.716978e+01
      endloop
   endfacet
   facet normal -0.000000e+00 -1.000000e+00 -0.000000e+00
      outer loop
         vertex 5.301537e+00 2.300000e+01 6.928990e+01
         vertex 0.000000e+00 2.300000e+01 7.100000e+01
         vertex 5.669873e+00 2.300000e+01 6.850000e+01
      endloop
   endfacet
   facet normal -0.000000e+00 -1.000000e+00 0.000000e+00
      outer loop
         vertex 5.669873e+00 2.300000e+01 6.850000e+01
         vertex 0.000000e+00 2.300000e+01 7.100000e+01
         vertex 0.000000e+00 2.300000e+01 6.000000e+01
      endloop
   endfacet
   facet normal 0.000000e+00 -1.000000e+00 -0.000000e+00
      outer loop
         vertex 5.669873e+00 2.300000e+01 6.850000e+01
         vertex 0.000000e+00 2.300000e+01 6.000000e+01
         vertex 6.169778e+00 2.300000e+01 6.778606e+01
      endloop
   endfacet
   facet normal 0.000000e+00 -1.000000e+00 -0.000000e+00
      outer loop
         vertex 6.169778e+00 2.300000e+01 6.778606e+01
         vertex 0.000000e+00 2.300000e+01 6.000000e+01
         vertex 6.786062e+00 2.300000e+01 6.716978e+01
      endloop
   endfacet
   facet normal 0.000000e+00 -1.000000e+00 0.000000e+00
      outer loop
         vertex 2.000000e+01 2.300000e+01 6.000000e+01
         vertex 1.383022e+01 2.300000e+01 6.778606e+01
         vertex 1.321394e+01 2.300000e+01 6.716978e+01
      endloop
   endfacet
   facet normal 0.000000e+00 -1.000000e+00 -0.000000e+00
      outer loop
         vertex 1.500000e+01 2.300000e+01 7.100000e+01
         vertex 1.492404e+01 2.300000e+01 7.013176e+01
         vertex 2.000000e+01 2.300000e+01 7.100000e+01
      endloop
   endfacet
   facet normal 0.000000e+00 -1.000000e+00 0.000000e+00
      outer loop
         vertex 2.000000e+01 2.300000e+01 7.100000e+01
         vertex 1.492404e+01 2.300000e+01 7.013176e+01
         vertex 1.469846e+01 2.300000e+01 6.928990e+01
      endloop
   endfacet
   facet normal 0.000000e+00 -1.000000e+00 -0.000000e+00
      outer loop
         vertex 2.000000e+01 2.300000e+01 7.100000e+01
         vertex 1.469846e+01 2.300000e+01 6.928990e+01
         vertex 2.000000e+01 2.300000e+01 6.000000e+01
      endloop
   endfacet
   facet normal 0.000000e+00 -1.000000e+00 0.000000e+00
      outer loop
         vertex 2.000000e+01 2.300000e+01 6.000000e+01
         vertex 1.469846e+01 2.300000e+01 6.928990e+01
         vertex 1.433013e+01 2.300000e+01 6.850000e+01
      endloop
   endfacet
   facet normal 0.000000e+00 -1.000000e+00 0.000000e+00
      outer loop
         vertex 2.000000e+01 2.300000e+01 6.000000e+01
         vertex 1.433013e+01 2.300000e+01 6.850000e+01
         vertex 1.383022e+01 2.300000e+01 6.778606e+01
      endloop
   endfacet
   facet normal 0.000000e+00 -1.000000e+00 -0.000000e+00
      outer loop
         vertex 1.321394e+01 2.300000e+01 6.716978e+01
         vertex 1.250000e+01 2.300000e+01 6.666987e+01
         vertex 2.000000e+01 2.300000e+01 6.000000e+01
      endloop
   endfacet
   facet normal 0.000000e+00 -1.000000e+00 0.000000e+00
      outer loop
         vertex 2.000000e+01 2.300000e+01 6.000000e+01
         vertex 1.250000e+01 2.300000e+01 6.666987e+01
         vertex 1.171010e+01 2.300000e+01 6.630154e+01
      endloop
   endfacet
   facet normal 0.000000e+00 -1.000000e+00 0.000000e+00
      outer loop
         vertex 2.000000e+01 2.300000e+01 6.000000e+01
         vertex 1.171010e+01 2.300000e+01 6.630154e+01
         vertex 1.086824e+01 2.300000e+01 6.607596e+01
      endloop
   endfacet
   facet normal 0.000000e+00 -1.000000e+00 0.000000e+00
      outer loop
         vertex 5.301537e+00 2.300000e+01 6.928990e+01
         vertex 5.075961e+00 2.300000e+01 7.013176e+01
         vertex 0.000000e+00 2.300000e+01 7.100000e+01
      endloop
   endfacet
   facet normal 0.000000e+00 -1.000000e+00 0.000000e+00
      outer loop
         vertex 0.000000e+00 2.300000e+01 7.100000e+01
         vertex 5.075961e+00 2.300000e+01 7.013176e+01
         vertex 5.000000e+00 2.300000e+01 7.100000e+01
      endloop
   endfacet
   facet normal 0.000000e+00 -1.000000e+00 0.000000e+00
      outer loop
         vertex 0.000000e+00 2.300000e+01 7.100000e+01
         vertex 5.000000e+00 2.300000e+01 7.100000e+01
         vertex 1.231162e-01 2.300000e+01 7.256434e+01
      endloop
   endfacet
   facet normal 0.000000e+00 -1.000000e+00 0.000000e+00
      outer loop
         vertex 1.231162e-01 2.300000e+01 7.256434e+01
         vertex 5.000000e+00 2.300000e+01 7.100000e+01
         vertex 5.075961e+00 2.300000e+01 7.186824e+01
      endloop
   endfacet
   facet normal 0.000000e+00 -1.000000e+00 0.000000e+00
      outer loop
         vertex 1.231162e-01 2.300000e+01 7.256434e+01
         vertex 5.075961e+00 2.300000e+01 7.186824e+01
         vertex 4.894342e-01 2.300000e+01 7.409017e+01
      endloop
   endfacet
   facet normal 0.000000e+00 -1.000000e+00 0.000000e+00
      outer loop
         vertex 4.894342e-01 2.300000e+01 7.409017e+01
         vertex 5.075961e+00 2.300000e+01 7.186824e+01
         vertex 5.301537e+00 2.300000e+01 7.271010e+01
      endloop
   endfacet
   facet normal 0.000000e+00 -1.000000e+00 0.000000e+00
      outer loop
         vertex 4.894342e-01 2.300000e+01 7.409017e+01
         vertex 5.301537e+00 2.300000e+01 7.271010e+01
         vertex 1.089934e+00 2.300000e+01 7.553990e+01
      endloop
   endfacet
   facet normal 0.000000e+00 -1.000000e+00 0.000000e+00
      outer loop
         vertex 1.089934e+00 2.300000e+01 7.553990e+01
         vertex 5.301537e+00 2.300000e+01 7.271010e+01
         vertex 5.669873e+00 2.300000e+01 7.350000e+01
      endloop
   endfacet
   facet normal 0.000000e+00 -1.000000e+00 0.000000e+00
      outer loop
         vertex 1.089934e+00 2.300000e+01 7.553990e+01
         vertex 5.669873e+00 2.300000e+01 7.350000e+01
         vertex 1.909830e+00 2.300000e+01 7.687785e+01
      endloop
   endfacet
   facet normal 0.000000e+00 -1.000000e+00 0.000000e+00
      outer loop
         vertex 1.909830e+00 2.300000e+01 7.687785e+01
         vertex 5.669873e+00 2.300000e+01 7.350000e+01
         vertex 6.169778e+00 2.300000e+01 7.421394e+01
      endloop
   endfacet
   facet normal 0.000000e+00 -1.000000e+00 0.000000e+00
      outer loop
         vertex 1.909830e+00 2.300000e+01 7.687785e+01
         vertex 6.169778e+00 2.300000e+01 7.421394e+01
         vertex 2.928932e+00 2.300000e+01 7.807107e+01
      endloop
   endfacet
   facet normal 0.000000e+00 -1.000000e+00 0.000000e+00
      outer loop
         vertex 2.928932e+00 2.300000e+01 7.807107e+01
         vertex 6.169778e+00 2.300000e+01 7.421394e+01
         vertex 6.786062e+00 2.300000e+01 7.483022e+01
      endloop
   endfacet
   facet normal 0.000000e+00 -1.000000e+00 0.000000e+00
      outer loop
         vertex 1.500000e+01 2.300000e+01 7.100000e+01
         vertex 2.000000e+01 2.300000e+01 7.100000e+01
         vertex 1.492404e+01 2.300000e+01 7.186824e+01
      endloop
   endfacet
   facet normal 0.000000e+00 -1.000000e+00 0.000000e+00
      outer loop
         vertex 1.492404e+01 2.300000e+01 7.186824e+01
         vertex 2.000000e+01 2.300000e+01 7.100000e+01
         vertex 1.987688e+01 2.300000e+01 7.256434e+01
      endloop
   endfacet
   facet normal 0.000000e+00 -1.000000e+00 0.000000e+00
      outer loop
         vertex 1.492404e+01 2.300000e+01 7.186824e+01
         vertex 1.987688e+01 2.300000e+01 7.256434e+01
         vertex 1.469846e+01 2.300000e+01 7.271010e+01
      endloop
   endfacet
   facet normal 0.000000e+00 -1.000000e+00 0.000000e+00
      outer loop
         vertex 1.469846e+01 2.300000e+01 7.271010e+01
         vertex 1.987688e+01 2.300000e+01 7.256434e+01
         vertex 1.951057e+01 2.300000e+01 7.409017e+01
      endloop
   endfacet
   facet normal 0.000000e+00 -1.000000e+00 0.000000e+00
      outer loop
         vertex 1.469846e+01 2.300000e+01 7.271010e+01
         vertex 1.951057e+01 2.300000e+01 7.409017e+01
         vertex 1.433013e+01 2.300000e+01 7.350000e+01
      endloop
   endfacet
   facet normal 0.000000e+00 -1.000000e+00 0.000000e+00
      outer loop
         vertex 1.433013e+01 2.300000e+01 7.350000e+01
         vertex 1.951057e+01 2.300000e+01 7.409017e+01
         vertex 1.891007e+01 2.300000e+01 7.553990e+01
      endloop
   endfacet
   facet normal 0.000000e+00 -1.000000e+00 0.000000e+00
      outer loop
         vertex 1.433013e+01 2.300000e+01 7.350000e+01
         vertex 1.891007e+01 2.300000e+01 7.553990e+01
         vertex 1.383022e+01 2.300000e+01 7.421394e+01
      endloop
   endfacet
   facet normal -0.000000e+00 -1.000000e+00 0.000000e+00
      outer loop
         vertex 1.891007e+01 2.300000e+01 7.553990e+01
         vertex 1.809017e+01 2.300000e+01 7.687785e+01
         vertex 1.383022e+01 2.300000e+01 7.421394e+01
      endloop
   endfacet
   facet normal 0.000000e+00 -1.000000e+00 0.000000e+00
      outer loop
         vertex 1.383022e+01 2.300000e+01 7.421394e+01
         vertex 1.809017e+01 2.300000e+01 7.687785e+01
         vertex 1.707107e+01 2.300000e+01 7.807107e+01
      endloop
   endfacet
   facet normal 0.000000e+00 -1.000000e+00 0.000000e+00
      outer loop
         vertex 1.383022e+01 2.300000e+01 7.421394e+01
         vertex 1.707107e+01 2.300000e+01 7.807107e+01
         vertex 1.321394e+01 2.300000e+01 7.483022e+01
      endloop
   endfacet
   facet normal 0.000000e+00 -1.000000e+00 0.000000e+00
      outer loop
         vertex 1.321394e+01 2.300000e+01 7.483022e+01
         vertex 1.707107e+01 2.300000e+01 7.807107e+01
         vertex 1.587785e+01 2.300000e+01 7.909017e+01
      endloop
   endfacet
   facet normal 0.000000e+00 -1.000000e+00 0.000000e+00
      outer loop
         vertex 1.321394e+01 2.300000e+01 7.483022e+01
         vertex 1.587785e+01 2.300000e+01 7.909017e+01
         vertex 1.250000e+01 2.300000e+01 7.533013e+01
      endloop
   endfacet
   facet normal 0.000000e+00 -1.000000e+00 0.000000e+00
      outer loop
         vertex 1.250000e+01 2.300000e+01 7.533013e+01
         vertex 1.587785e+01 2.300000e+01 7.909017e+01
         vertex 1.453990e+01 2.300000e+01 7.991006e+01
      endloop
   endfacet
   facet normal 0.000000e+00 -1.000000e+00 0.000000e+00
      outer loop
         vertex 1.250000e+01 2.300000e+01 7.533013e+01
         vertex 1.453990e+01 2.300000e+01 7.991006e+01
         vertex 1.171010e+01 2.300000e+01 7.569846e+01
      endloop
   endfacet
   facet normal 0.000000e+00 -1.000000e+00 0.000000e+00
      outer loop
         vertex 1.171010e+01 2.300000e+01 7.569846e+01
         vertex 1.453990e+01 2.300000e+01 7.991006e+01
         vertex 1.309017e+01 2.300000e+01 8.051057e+01
      endloop
   endfacet
   facet normal 0.000000e+00 -1.000000e+00 0.000000e+00
      outer loop
         vertex 1.171010e+01 2.300000e+01 7.569846e+01
         vertex 1.309017e+01 2.300000e+01 8.051057e+01
         vertex 1.086824e+01 2.300000e+01 7.592404e+01
      endloop
   endfacet
   facet normal 0.000000e+00 -1.000000e+00 0.000000e+00
      outer loop
         vertex 1.086824e+01 2.300000e+01 7.592404e+01
         vertex 1.309017e+01 2.300000e+01 8.051057e+01
         vertex 1.156434e+01 2.300000e+01 8.087688e+01
      endloop
   endfacet
   facet normal 0.000000e+00 -1.000000e+00 0.000000e+00
      outer loop
         vertex 1.086824e+01 2.300000e+01 7.592404e+01
         vertex 1.156434e+01 2.300000e+01 8.087688e+01
         vertex 1.000000e+01 2.300000e+01 7.600000e+01
      endloop
   endfacet
   facet normal 0.000000e+00 -1.000000e+00 0.000000e+00
      outer loop
         vertex 1.000000e+01 2.300000e+01 7.600000e+01
         vertex 1.156434e+01 2.300000e+01 8.087688e+01
         vertex 1.000000e+01 2.300000e+01 8.100000e+01
      endloop
   endfacet
   facet normal -0.000000e+00 -1.000000e+00 0.000000e+00
      outer loop
         vertex 1.000000e+01 2.300000e+01 7.600000e+01
         vertex 1.000000e+01 2.300000e+01 8.100000e+01
         vertex 9.131759e+00 2.300000e+01 7.592404e+01
      endloop
   endfacet
   facet normal 0.000000e+00 -1.000000e+00 0.000000e+00
      outer loop
         vertex 9.131759e+00 2.300000e+01 7.592404e+01
         vertex 1.000000e+01 2.300000e+01 8.100000e+01
         vertex 8.435655e+00 2.300000e+01 8.087688e+01
      endloop
   endfacet
   facet normal -0.000000e+00 -1.000000e+00 0.000000e+00
      outer loop
         vertex 9.131759e+00 2.300000e+01 7.592404e+01
         vertex 8.435655e+00 2.300000e+01 8.087688e+01
         vertex 8.289899e+00 2.300000e+01 7.569846e+01
      endloop
   endfacet
   facet normal 0.000000e+00 -1.000000e+00 0.000000e+00
      outer loop
         vertex 8.289899e+00 2.300000e+01 7.569846e+01
         vertex 8.435655e+00 2.300000e+01 8.087688e+01
         vertex 6.909830e+00 2.300000e+01 8.051057e+01
      endloop
   endfacet
   facet normal -0.000000e+00 -1.000000e+00 0.000000e+00
      outer loop
         vertex 8.289899e+00 2.300000e+01 7.569846e+01
         vertex 6.909830e+00 2.300000e+01 8.051057e+01
         vertex 7.500000e+00 2.300000e+01 7.533013e+01
      endloop
   endfacet
   facet normal 0.000000e+00 -1.000000e+00 0.000000e+00
      outer loop
         vertex 7.500000e+00 2.300000e+01 7.533013e+01
         vertex 6.909830e+00 2.300000e+01 8.051057e+01
         vertex 5.460095e+00 2.300000e+01 7.991006e+01
      endloop
   endfacet
   facet normal -0.000000e+00 -1.000000e+00 0.000000e+00
      outer loop
         vertex 7.500000e+00 2.300000e+01 7.533013e+01
         vertex 5.460095e+00 2.300000e+01 7.991006e+01
         vertex 6.786062e+00 2.300000e+01 7.483022e+01
      endloop
   endfacet
   facet normal 0.000000e+00 -1.000000e+00 0.000000e+00
      outer loop
         vertex 6.786062e+00 2.300000e+01 7.483022e+01
         vertex 5.460095e+00 2.300000e+01 7.991006e+01
         vertex 4.122147e+00 2.300000e+01 7.909017e+01
      endloop
   endfacet
   facet normal 0.000000e+00 -1.000000e+00 0.000000e+00
      outer loop
         vertex 6.786062e+00 2.300000e+01 7.483022e+01
         vertex 4.122147e+00 2.300000e+01 7.909017e+01
         vertex 2.928932e+00 2.300000e+01 7.807107e+01
      endloop
   endfacet
   facet normal 9.969173e-01 -0.000000e+00 7.845894e-02
      outer loop
         vertex 2.000000e+01 2.300000e+01 7.100000e+01
         vertex 2.000000e+01 2.600000e+01 7.100000e+01
         vertex 1.987688e+01 2.600000e+01 7.256434e+01
      endloop
   endfacet
   facet normal 9.969173e-01 0.000000e+00 7.845894e-02
      outer loop
         vertex 2.000000e+01 2.300000e+01 7.100000e+01
         vertex 1.987688e+01 2.600000e+01 7.256434e+01
         vertex 1.987688e+01 2.300000e+01 7.256434e+01
      endloop
   endfacet
   facet normal 9.723700e-01 -0.000000e+00 2.334450e-01
      outer loop
         vertex 1.987688e+01 2.300000e+01 7.256434e+01
         vertex 1.987688e+01 2.600000e+01 7.256434e+01
         vertex 1.951057e+01 2.600000e+01 7.409017e+01
      endloop
   endfacet
   facet normal 9.723700e-01 0.000000e+00 2.334450e-01
      outer loop
         vertex 1.987688e+01 2.300000e+01 7.256434e+01
         vertex 1.951057e+01 2.600000e+01 7.409017e+01
         vertex 1.951057e+01 2.300000e+01 7.409017e+01
      endloop
   endfacet
   facet normal 9.238794e-01 -0.000000e+00 3.826837e-01
      outer loop
         vertex 1.951057e+01 2.300000e+01 7.409017e+01
         vertex 1.951057e+01 2.600000e+01 7.409017e+01
         vertex 1.891007e+01 2.600000e+01 7.553990e+01
      endloop
   endfacet
   facet normal 9.238794e-01 0.000000e+00 3.826837e-01
      outer loop
         vertex 1.951057e+01 2.300000e+01 7.409017e+01
         vertex 1.891007e+01 2.600000e+01 7.553990e+01
         vertex 1.891007e+01 2.300000e+01 7.553990e+01
      endloop
   endfacet
   facet normal 8.526398e-01 -0.000000e+00 5.224992e-01
      outer loop
         vertex 1.891007e+01 2.300000e+01 7.553990e+01
         vertex 1.891007e+01 2.600000e+01 7.553990e+01
         vertex 1.809017e+01 2.600000e+01 7.687785e+01
      endloop
   endfacet
   facet normal 8.526398e-01 0.000000e+00 5.224992e-01
      outer loop
         vertex 1.891007e+01 2.300000e+01 7.553990e+01
         vertex 1.809017e+01 2.600000e+01 7.687785e+01
         vertex 1.809017e+01 2.300000e+01 7.687785e+01
      endloop
   endfacet
   facet normal 7.604066e-01 -0.000000e+00 6.494474e-01
      outer loop
         vertex 1.809017e+01 2.300000e+01 7.687785e+01
         vertex 1.809017e+01 2.600000e+01 7.687785e+01
         vertex 1.707107e+01 2.600000e+01 7.807107e+01
      endloop
   endfacet
   facet normal 7.604066e-01 0.000000e+00 6.494474e-01
      outer loop
         vertex 1.809017e+01 2.300000e+01 7.687785e+01
         vertex 1.707107e+01 2.600000e+01 7.807107e+01
         vertex 1.707107e+01 2.300000e+01 7.807107e+01
      endloop
   endfacet
   facet normal 6.494493e-01 -0.000000e+00 7.604049e-01
      outer loop
         vertex 1.707107e+01 2.300000e+01 7.807107e+01
         vertex 1.707107e+01 2.600000e+01 7.807107e+01
         vertex 1.587785e+01 2.600000e+01 7.909017e+01
      endloop
   endfacet
   facet normal 6.494493e-01 0.000000e+00 7.604049e-01
      outer loop
         vertex 1.707107e+01 2.300000e+01 7.807107e+01
         vertex 1.587785e+01 2.600000e+01 7.909017e+01
         vertex 1.587785e+01 2.300000e+01 7.909017e+01
      endloop
   endfacet
   facet normal 5.224970e-01 -0.000000e+00 8.526412e-01
      outer loop
         vertex 1.587785e+01 2.300000e+01 7.909017e+01
         vertex 1.587785e+01 2.600000e+01 7.909017e+01
         vertex 1.453990e+01 2.600000e+01 7.991006e+01
      endloop
   endfacet
   facet normal 5.224970e-01 0.000000e+00 8.526412e-01
      outer loop
         vertex 1.587785e+01 2.300000e+01 7.909017e+01
         vertex 1.453990e+01 2.600000e+01 7.991006e+01
         vertex 1.453990e+01 2.300000e+01 7.991006e+01
      endloop
   endfacet
   facet normal 3.826845e-01 -0.000000e+00 9.238791e-01
      outer loop
         vertex 1.453990e+01 2.300000e+01 7.991006e+01
         vertex 1.453990e+01 2.600000e+01 7.991006e+01
         vertex 1.309017e+01 2.600000e+01 8.051057e+01
      endloop
   endfacet
   facet normal 3.826845e-01 0.000000e+00 9.238791e-01
      outer loop
         vertex 1.453990e+01 2.300000e+01 7.991006e+01
         vertex 1.309017e+01 2.600000e+01 8.051057e+01
         vertex 1.309017e+01 2.300000e+01 8.051057e+01
      endloop
   endfacet
   facet normal 2.334435e-01 -0.000000e+00 9.723704e-01
      outer loop
         vertex 1.309017e+01 2.300000e+01 8.051057e+01
         vertex 1.309017e+01 2.600000e+01 8.051057e+01
         vertex 1.156434e+01 2.600000e+01 8.087688e+01
      endloop
   endfacet
   facet normal 2.334435e-01 0.000000e+00 9.723704e-01
      outer loop
         vertex 1.309017e+01 2.300000e+01 8.051057e+01
         vertex 1.156434e+01 2.600000e+01 8.087688e+01
         vertex 1.156434e+01 2.300000e+01 8.087688e+01
      endloop
   endfacet
   facet normal 7.846179e-02 -0.000000e+00 9.969171e-01
      outer loop
         vertex 1.156434e+01 2.300000e+01 8.087688e+01
         vertex 1.156434e+01 2.600000e+01 8.087688e+01
         vertex 1.000000e+01 2.600000e+01 8.100000e+01
      endloop
   endfacet
   facet normal 7.846179e-02 0.000000e+00 9.969171e-01
      outer loop
         vertex 1.156434e+01 2.300000e+01 8.087688e+01
         vertex 1.000000e+01 2.600000e+01 8.100000e+01
         vertex 1.000000e+01 2.300000e+01 8.100000e+01
      endloop
   endfacet
   facet normal -7.846179e-02 0.000000e+00 9.969171e-01
      outer loop
         vertex 1.000000e+01 2.300000e+01 8.100000e+01
         vertex 1.000000e+01 2.600000e+01 8.100000e+01
         vertex 8.435655e+00 2.600000e+01 8.087688e+01
      endloop
   endfacet
   facet normal -7.846179e-02 0.000000e+00 9.969171e-01
      outer loop
         vertex 1.000000e+01 2.300000e+01 8.100000e+01
         vertex 8.435655e+00 2.600000e+01 8.087688e+01
         vertex 8.435655e+00 2.300000e+01 8.087688e+01
      endloop
   endfacet
   facet normal -2.334435e-01 0.000000e+00 9.723704e-01
      outer loop
         vertex 8.435655e+00 2.300000e+01 8.087688e+01
         vertex 8.435655e+00 2.600000e+01 8.087688e+01
         vertex 6.909830e+00 2.600000e+01 8.051057e+01
      endloop
   endfacet
   facet normal -2.334435e-01 0.000000e+00 9.723704e-01
      outer loop
         vertex 8.435655e+00 2.300000e+01 8.087688e+01
         vertex 6.909830e+00 2.600000e+01 8.051057e+01
         vertex 6.909830e+00 2.300000e+01 8.051057e+01
      endloop
   endfacet
   facet normal -3.826845e-01 0.000000e+00 9.238791e-01
      outer loop
         vertex 6.909830e+00 2.300000e+01 8.051057e+01
         vertex 6.909830e+00 2.600000e+01 8.051057e+01
         vertex 5.460095e+00 2.600000e+01 7.991006e+01
      endloop
   endfacet
   facet normal -3.826845e-01 0.000000e+00 9.238791e-01
      outer loop
         vertex 6.909830e+00 2.300000e+01 8.051057e+01
         vertex 5.460095e+00 2.600000e+01 7.991006e+01
         vertex 5.460095e+00 2.300000e+01 7.991006e+01
      endloop
   endfacet
   facet normal -5.224970e-01 0.000000e+00 8.526412e-01
      outer loop
         vertex 5.460095e+00 2.300000e+01 7.991006e+01
         vertex 5.460095e+00 2.600000e+01 7.991006e+01
         vertex 4.122147e+00 2.600000e+01 7.909017e+01
      endloop
   endfacet
   facet normal -5.224970e-01 0.000000e+00 8.526412e-01
      outer loop
         vertex 5.460095e+00 2.300000e+01 7.991006e+01
         vertex 4.122147e+00 2.600000e+01 7.909017e+01
         vertex 4.122147e+00 2.300000e+01 7.909017e+01
      endloop
   endfacet
   facet normal -6.494493e-01 0.000000e+00 7.604049e-01
      outer loop
         vertex 4.122147e+00 2.300000e+01 7.909017e+01
         vertex 4.122147e+00 2.600000e+01 7.909017e+01
         vertex 2.928932e+00 2.600000e+01 7.807107e+01
      endloop
   endfacet
   facet normal -6.494493e-01 0.000000e+00 7.604049e-01
      outer loop
         vertex 4.122147e+00 2.300000e+01 7.909017e+01
         vertex 2.928932e+00 2.600000e+01 7.807107e+01
         vertex 2.928932e+00 2.300000e+01 7.807107e+01
      endloop
   endfacet
   facet normal -7.604066e-01 0.000000e+00 6.494474e-01
      outer loop
         vertex 2.928932e+00 2.300000e+01 7.807107e+01
         vertex 2.928932e+00 2.600000e+01 7.807107e+01
         vertex 1.909830e+00 2.600000e+01 7.687785e+01
      endloop
   endfacet
   facet normal -7.604066e-01 0.000000e+00 6.494474e-01
      outer loop
         vertex 2.928932e+00 2.300000e+01 7.807107e+01
         vertex 1.909830e+00 2.600000e+01 7.687785e+01
         vertex 1.909830e+00 2.300000e+01 7.687785e+01
      endloop
   endfacet
   facet normal -8.526398e-01 0.000000e+00 5.224992e-01
      outer loop
         vertex 1.909830e+00 2.300000e+01 7.687785e+01
         vertex 1.909830e+00 2.600000e+01 7.687785e+01
         vertex 1.089934e+00 2.600000e+01 7.553990e+01
      endloop
   endfacet
   facet normal -8.526398e-01 0.000000e+00 5.224992e-01
      outer loop
         vertex 1.909830e+00 2.300000e+01 7.687785e+01
         vertex 1.089934e+00 2.600000e+01 7.553990e+01
         vertex 1.089934e+00 2.300000e+01 7.553990e+01
      endloop
   endfacet
   facet normal -9.238794e-01 0.000000e+00 3.826837e-01
      outer loop
         vertex 1.089934e+00 2.300000e+01 7.553990e+01
         vertex 1.089934e+00 2.600000e+01 7.553990e+01
         vertex 4.894342e-01 2.600000e+01 7.409017e+01
      endloop
   endfacet
   facet normal -9.238794e-01 0.000000e+00 3.826837e-01
      outer loop
         vertex 1.089934e+00 2.300000e+01 7.553990e+01
         vertex 4.894342e-01 2.600000e+01 7.409017e+01
         vertex 4.894342e-01 2.300000e+01 7.409017e+01
      endloop
   endfacet
   facet normal -9.723700e-01 0.000000e+00 2.334450e-01
      outer loop
         vertex 4.894342e-01 2.300000e+01 7.409017e+01
         vertex 4.894342e-01 2.600000e+01 7.409017e+01
         vertex 1.231162e-01 2.600000e+01 7.256434e+01
      endloop
   endfacet
   facet normal -9.723700e-01 0.000000e+00 2.334450e-01
      outer loop
         vertex 4.894342e-01 2.300000e+01 7.409017e+01
         vertex 1.231162e-01 2.600000e+01 7.256434e+01
         vertex 1.231162e-01 2.300000e+01 7.256434e+01
      endloop
   endfacet
   facet normal -9.969173e-01 0.000000e+00 7.845894e-02
      outer loop
         vertex 1.231162e-01 2.300000e+01 7.256434e+01
         vertex 1.231162e-01 2.600000e+01 7.256434e+01
         vertex 0.000000e+00 2.600000e+01 7.100000e+01
      endloop
   endfacet
   facet normal -9.969173e-01 0.000000e+00 7.845894e-02
      outer loop
         vertex 1.231162e-01 2.300000e+01 7.256434e+01
         vertex 0.000000e+00 2.600000e+01 7.100000e+01
         vertex 0.000000e+00 2.300000e+01 7.100000e+01
      endloop
   endfacet
   facet normal -8.715282e-02 0.000000e+00 -9.961950e-01
      outer loop
         vertex 1.000000e+01 2.300000e+01 7.600000e+01
         vertex 1.000000e+01 2.600000e+01 7.600000e+01
         vertex 1.086824e+01 2.300000e+01 7.592404e+01
      endloop
   endfacet
   facet normal -8.715282e-02 0.000000e+00 -9.961950e-01
      outer loop
         vertex 1.086824e+01 2.300000e+01 7.592404e+01
         vertex 1.000000e+01 2.600000e+01 7.600000e+01
         vertex 1.086824e+01 2.600000e+01 7.592404e+01
      endloop
   endfacet
   facet normal -2.588250e-01 0.000000e+00 -9.659242e-01
      outer loop
         vertex 1.086824e+01 2.300000e+01 7.592404e+01
         vertex 1.086824e+01 2.600000e+01 7.592404e+01
         vertex 1.171010e+01 2.300000e+01 7.569846e+01
      endloop
   endfacet
   facet normal -2.588250e-01 0.000000e+00 -9.659242e-01
      outer loop
         vertex 1.171010e+01 2.300000e+01 7.569846e+01
         vertex 1.086824e+01 2.600000e+01 7.592404e+01
         vertex 1.171010e+01 2.600000e+01 7.569846e+01
      endloop
   endfacet
   facet normal -4.226166e-01 0.000000e+00 -9.063085e-01
      outer loop
         vertex 1.171010e+01 2.300000e+01 7.569846e+01
         vertex 1.171010e+01 2.600000e+01 7.569846e+01
         vertex 1.250000e+01 2.300000e+01 7.533013e+01
      endloop
   endfacet
   facet normal -4.226166e-01 0.000000e+00 -9.063085e-01
      outer loop
         vertex 1.250000e+01 2.300000e+01 7.533013e+01
         vertex 1.171010e+01 2.600000e+01 7.569846e+01
         vertex 1.250000e+01 2.600000e+01 7.533013e+01
      endloop
   endfacet
   facet normal -5.735759e-01 0.000000e+00 -8.191524e-01
      outer loop
         vertex 1.250000e+01 2.300000e+01 7.533013e+01
         vertex 1.250000e+01 2.600000e+01 7.533013e+01
         vertex 1.321394e+01 2.300000e+01 7.483022e+01
      endloop
   endfacet
   facet normal -5.735759e-01 0.000000e+00 -8.191524e-01
      outer loop
         vertex 1.321394e+01 2.300000e+01 7.483022e+01
         vertex 1.250000e+01 2.600000e+01 7.533013e+01
         vertex 1.321394e+01 2.600000e+01 7.483022e+01
      endloop
   endfacet
   facet normal -7.071057e-01 0.000000e+00 -7.071078e-01
      outer loop
         vertex 1.321394e+01 2.300000e+01 7.483022e+01
         vertex 1.321394e+01 2.600000e+01 7.483022e+01
         vertex 1.383022e+01 2.300000e+01 7.421394e+01
      endloop
   endfacet
   facet normal -7.071057e-01 0.000000e+00 -7.071078e-01
      outer loop
         vertex 1.383022e+01 2.300000e+01 7.421394e+01
         vertex 1.321394e+01 2.600000e+01 7.483022e+01
         vertex 1.383022e+01 2.600000e+01 7.421394e+01
      endloop
   endfacet
   facet normal -8.191516e-01 0.000000e+00 -5.735770e-01
      outer loop
         vertex 1.383022e+01 2.300000e+01 7.421394e+01
         vertex 1.383022e+01 2.600000e+01 7.421394e+01
         vertex 1.433013e+01 2.300000e+01 7.350000e+01
      endloop
   endfacet
   facet normal -8.191516e-01 0.000000e+00 -5.735770e-01
      outer loop
         vertex 1.433013e+01 2.300000e+01 7.350000e+01
         vertex 1.383022e+01 2.600000e+01 7.421394e+01
         vertex 1.433013e+01 2.600000e+01 7.350000e+01
      endloop
   endfacet
   facet normal -9.063085e-01 0.000000e+00 -4.226167e-01
      outer loop
         vertex 1.433013e+01 2.300000e+01 7.350000e+01
         vertex 1.433013e+01 2.600000e+01 7.350000e+01
         vertex 1.469846e+01 2.300000e+01 7.271010e+01
      endloop
   endfacet
   facet normal -9.063085e-01 0.000000e+00 -4.226167e-01
      outer loop
         vertex 1.469846e+01 2.300000e+01 7.271010e+01
         vertex 1.433013e+01 2.600000e+01 7.350000e+01
         vertex 1.469846e+01 2.600000e+01 7.271010e+01
      endloop
   endfacet
   facet normal -9.659258e-01 0.000000e+00 -2.588191e-01
      outer loop
         vertex 1.469846e+01 2.300000e+01 7.271010e+01
         vertex 1.469846e+01 2.600000e+01 7.271010e+01
         vertex 1.492404e+01 2.300000e+01 7.186824e+01
      endloop
   endfacet
   facet normal -9.659258e-01 0.000000e+00 -2.588191e-01
      outer loop
         vertex 1.492404e+01 2.300000e+01 7.186824e+01
         vertex 1.469846e+01 2.600000e+01 7.271010e+01
         vertex 1.492404e+01 2.600000e+01 7.186824e+01
      endloop
   endfacet
   facet normal -9.961947e-01 0.000000e+00 -8.715571e-02
      outer loop
         vertex 1.492404e+01 2.300000e+01 7.186824e+01
         vertex 1.492404e+01 2.600000e+01 7.186824e+01
         vertex 1.500000e+01 2.300000e+01 7.100000e+01
      endloop
   endfacet
   facet normal -9.961947e-01 0.000000e+00 -8.715571e-02
      outer loop
         vertex 1.500000e+01 2.300000e+01 7.100000e+01
         vertex 1.492404e+01 2.600000e+01 7.186824e+01
         vertex 1.500000e+01 2.600000e+01 7.100000e+01
      endloop
   endfacet
   facet normal -9.961947e-01 0.000000e+00 8.715534e-02
      outer loop
         vertex 1.500000e+01 2.300000e+01 7.100000e+01
         vertex 1.500000e+01 2.600000e+01 7.100000e+01
         vertex 1.492404e+01 2.300000e+01 7.013176e+01
      endloop
   endfacet
   facet normal -9.961947e-01 0.000000e+00 8.715534e-02
      outer loop
         vertex 1.492404e+01 2.300000e+01 7.013176e+01
         vertex 1.500000e+01 2.600000e+01 7.100000e+01
         vertex 1.492404e+01 2.600000e+01 7.013176e+01
      endloop
   endfacet
   facet normal -9.659258e-01 0.000000e+00 2.588191e-01
      outer loop
         vertex 1.492404e+01 2.300000e+01 7.013176e+01
         vertex 1.492404e+01 2.600000e+01 7.013176e+01
         vertex 1.469846e+01 2.300000e+01 6.928990e+01
      endloop
   endfacet
   facet normal -9.659258e-01 0.000000e+00 2.588191e-01
      outer loop
         vertex 1.469846e+01 2.300000e+01 6.928990e+01
         vertex 1.492404e+01 2.600000e+01 7.013176e+01
         vertex 1.469846e+01 2.600000e+01 6.928990e+01
      endloop
   endfacet
   facet normal -9.063077e-01 0.000000e+00 4.226183e-01
      outer loop
         vertex 1.469846e+01 2.300000e+01 6.928990e+01
         vertex 1.469846e+01 2.600000e+01 6.928990e+01
         vertex 1.433013e+01 2.300000e+01 6.850000e+01
      endloop
   endfacet
   facet normal -9.063077e-01 0.000000e+00 4.226183e-01
      outer loop
         vertex 1.433013e+01 2.300000e+01 6.850000e+01
         vertex 1.469846e+01 2.600000e+01 6.928990e+01
         vertex 1.433013e+01 2.600000e+01 6.850000e+01
      endloop
   endfacet
   facet normal -8.191516e-01 0.000000e+00 5.735770e-01
      outer loop
         vertex 1.433013e+01 2.300000e+01 6.850000e+01
         vertex 1.433013e+01 2.600000e+01 6.850000e+01
         vertex 1.383022e+01 2.300000e+01 6.778606e+01
      endloop
   endfacet
   facet normal -8.191516e-01 0.000000e+00 5.735770e-01
      outer loop
         vertex 1.383022e+01 2.300000e+01 6.778606e+01
         vertex 1.433013e+01 2.600000e+01 6.850000e+01
         vertex 1.383022e+01 2.600000e+01 6.778606e+01
      endloop
   endfacet
   facet normal -7.071078e-01 0.000000e+00 7.071057e-01
      outer loop
         vertex 1.383022e+01 2.300000e+01 6.778606e+01
         vertex 1.383022e+01 2.600000e+01 6.778606e+01
         vertex 1.321394e+01 2.300000e+01 6.716978e+01
      endloop
   endfacet
   facet normal -7.071078e-01 0.000000e+00 7.071057e-01
      outer loop
         vertex 1.321394e+01 2.300000e+01 6.716978e+01
         vertex 1.383022e+01 2.600000e+01 6.778606e+01
         vertex 1.321394e+01 2.600000e+01 6.716978e+01
      endloop
   endfacet
   facet normal -5.735759e-01 0.000000e+00 8.191524e-01
      outer loop
         vertex 1.321394e+01 2.300000e+01 6.716978e+01
         vertex 1.321394e+01 2.600000e+01 6.716978e+01
         vertex 1.250000e+01 2.300000e+01 6.666987e+01
      endloop
   endfacet
   facet normal -5.735759e-01 0.000000e+00 8.191524e-01
      outer loop
         vertex 1.250000e+01 2.300000e+01 6.666987e+01
         vertex 1.321394e+01 2.600000e+01 6.716978e+01
         vertex 1.250000e+01 2.600000e+01 6.666987e+01
      endloop
   endfacet
   facet normal -4.226166e-01 0.000000e+00 9.063085e-01
      outer loop
         vertex 1.250000e+01 2.300000e+01 6.666987e+01
         vertex 1.250000e+01 2.600000e+01 6.666987e+01
         vertex 1.171010e+01 2.300000e+01 6.630154e+01
      endloop
   endfacet
   facet normal -4.226166e-01 0.000000e+00 9.063085e-01
      outer loop
         vertex 1.171010e+01 2.300000e+01 6.630154e+01
         vertex 1.250000e+01 2.600000e+01 6.666987e+01
         vertex 1.171010e+01 2.600000e+01 6.630154e+01
      endloop
   endfacet
   facet normal -2.588210e-01 0.000000e+00 9.659253e-01
      outer loop
         vertex 1.171010e+01 2.300000e+01 6.630154e+01
         vertex 1.171010e+01 2.600000e+01 6.630154e+01
         vertex 1.086824e+01 2.300000e+01 6.607596e+01
      endloop
   endfacet
   facet normal -2.588210e-01 0.000000e+00 9.659253e-01
      outer loop
         vertex 1.086824e+01 2.300000e+01 6.607596e+01
         vertex 1.171010e+01 2.600000e+01 6.630154e+01
         vertex 1.086824e+01 2.600000e+01 6.607596e+01
      endloop
   endfacet
   facet normal -8.715282e-02 0.000000e+00 9.961950e-01
      outer loop
         vertex 1.086824e+01 2.300000e+01 6.607596e+01
         vertex 1.086824e+01 2.600000e+01 6.607596e+01
         vertex 1.000000e+01 2.300000e+01 6.600000e+01
      endloop
   endfacet
   facet normal -8.715282e-02 0.000000e+00 9.961950e-01
      outer loop
         vertex 1.000000e+01 2.300000e+01 6.600000e+01
         vertex 1.086824e+01 2.600000e+01 6.607596e+01
         vertex 1.000000e+01 2.600000e+01 6.600000e+01
      endloop
   endfacet
   facet normal 8.715282e-02 -0.000000e+00 9.961950e-01
      outer loop
         vertex 1.000000e+01 2.300000e+01 6.600000e+01
         vertex 1.000000e+01 2.600000e+01 6.600000e+01
         vertex 9.131759e+00 2.300000e+01 6.607596e+01
      endloop
   endfacet
   facet normal 8.715282e-02 -0.000000e+00 9.961950e-01
      outer loop
         vertex 9.131759e+00 2.300000e+01 6.607596e+01
         vertex 1.000000e+01 2.600000e+01 6.600000e+01
         vertex 9.131759e+00 2.600000e+01 6.607596e+01
      endloop
   endfacet
   facet normal 2.588210e-01 -0.000000e+00 9.659253e-01
      outer loop
         vertex 9.131759e+00 2.300000e+01 6.607596e+01
         vertex 9.131759e+00 2.600000e+01 6.607596e+01
         vertex 8.289899e+00 2.300000e+01 6.630154e+01
      endloop
   endfacet
   facet normal 2.588210e-01 -0.000000e+00 9.659253e-01
      outer loop
         vertex 8.289899e+00 2.300000e+01 6.630154e+01
         vertex 9.131759e+00 2.600000e+01 6.607596e+01
         vertex 8.289899e+00 2.600000e+01 6.630154e+01
      endloop
   endfacet
   facet normal 4.226166e-01 -0.000000e+00 9.063085e-01
      outer loop
         vertex 8.289899e+00 2.300000e+01 6.630154e+01
         vertex 8.289899e+00 2.600000e+01 6.630154e+01
         vertex 7.500000e+00 2.300000e+01 6.666987e+01
      endloop
   endfacet
   facet normal 4.226166e-01 -0.000000e+00 9.063085e-01
      outer loop
         vertex 7.500000e+00 2.300000e+01 6.666987e+01
         vertex 8.289899e+00 2.600000e+01 6.630154e+01
         vertex 7.500000e+00 2.600000e+01 6.666987e+01
      endloop
   endfacet
   facet normal 5.735759e-01 -0.000000e+00 8.191524e-01
      outer loop
         vertex 7.500000e+00 2.300000e+01 6.666987e+01
         vertex 7.500000e+00 2.600000e+01 6.666987e+01
         vertex 6.786062e+00 2.300000e+01 6.716978e+01
      endloop
   endfacet
   facet normal 5.735759e-01 -0.000000e+00 8.191524e-01
      outer loop
         vertex 6.786062e+00 2.300000e+01 6.716978e+01
         vertex 7.500000e+00 2.600000e+01 6.666987e+01
         vertex 6.786062e+00 2.600000e+01 6.716978e+01
      endloop
   endfacet
   facet normal 7.071078e-01 -0.000000e+00 7.071057e-01
      outer loop
         vertex 6.786062e+00 2.300000e+01 6.716978e+01
         vertex 6.786062e+00 2.600000e+01 6.716978e+01
         vertex 6.169778e+00 2.300000e+01 6.778606e+01
      endloop
   endfacet
   facet normal 7.071078e-01 -0.000000e+00 7.071057e-01
      outer loop
         vertex 6.169778e+00 2.300000e+01 6.778606e+01
         vertex 6.786062e+00 2.600000e+01 6.716978e+01
         vertex 6.169778e+00 2.600000e+01 6.778606e+01
      endloop
   endfacet
   facet normal 8.191516e-01 -0.000000e+00 5.735770e-01
      outer loop
         vertex 6.169778e+00 2.300000e+01 6.778606e+01
         vertex 6.169778e+00 2.600000e+01 6.778606e+01
         vertex 5.669873e+00 2.300000e+01 6.850000e+01
      endloop
   endfacet
   facet normal 8.191516e-01 -0.000000e+00 5.735770e-01
      outer loop
         vertex 5.669873e+00 2.300000e+01 6.850000e+01
         vertex 6.169778e+00 2.600000e+01 6.778606e+01
         vertex 5.669873e+00 2.600000e+01 6.850000e+01
      endloop
   endfacet
   facet normal 9.063077e-01 -0.000000e+00 4.226183e-01
      outer loop
         vertex 5.669873e+00 2.300000e+01 6.850000e+01
         vertex 5.669873e+00 2.600000e+01 6.850000e+01
         vertex 5.301537e+00 2.300000e+01 6.928990e+01
      endloop
   endfacet
   facet normal 9.063077e-01 -0.000000e+00 4.226183e-01
      outer loop
         vertex 5.301537e+00 2.300000e+01 6.928990e+01
         vertex 5.669873e+00 2.600000e+01 6.850000e+01
         vertex 5.301537e+00 2.600000e+01 6.928990e+01
      endloop
   endfacet
   facet normal 9.659258e-01 -0.000000e+00 2.588191e-01
      outer loop
         vertex 5.301537e+00 2.300000e+01 6.928990e+01
         vertex 5.301537e+00 2.600000e+01 6.928990e+01
         vertex 5.075961e+00 2.300000e+01 7.013176e+01
      endloop
   endfacet
   facet normal 9.659258e-01 -0.000000e+00 2.588191e-01
      outer loop
         vertex 5.075961e+00 2.300000e+01 7.013176e+01
         vertex 5.301537e+00 2.600000e+01 6.928990e+01
         vertex 5.075961e+00 2.600000e+01 7.013176e+01
      endloop
   endfacet
   facet normal 9.961947e-01 -0.000000e+00 8.715534e-02
      outer loop
         vertex 5.075961e+00 2.300000e+01 7.013176e+01
         vertex 5.075961e+00 2.600000e+01 7.013176e+01
         vertex 5.000000e+00 2.300000e+01 7.100000e+01
      endloop
   endfacet
   facet normal 9.961947e-01 -0.000000e+00 8.715534e-02
      outer loop
         vertex 5.000000e+00 2.300000e+01 7.100000e+01
         vertex 5.075961e+00 2.600000e+01 7.013176e+01
         vertex 5.000000e+00 2.600000e+01 7.100000e+01
      endloop
   endfacet
   facet normal 9.961947e-01 0.000000e+00 -8.715571e-02
      outer loop
         vertex 5.000000e+00 2.300000e+01 7.100000e+01
         vertex 5.000000e+00 2.600000e+01 7.100000e+01
         vertex 5.075961e+00 2.300000e+01 7.186824e+01
      endloop
   endfacet
   facet normal 9.961947e-01 0.000000e+00 -8.715571e-02
      outer loop
         vertex 5.075961e+00 2.300000e+01 7.186824e+01
         vertex 5.000000e+00 2.600000e+01 7.100000e+01
         vertex 5.075961e+00 2.600000e+01 7.186824e+01
      endloop
   endfacet
   facet normal 9.659258e-01 0.000000e+00 -2.588191e-01
      outer loop
         vertex 5.075961e+00 2.300000e+01 7.186824e+01
         vertex 5.075961e+00 2.600000e+01 7.186824e+01
         vertex 5.301537e+00 2.300000e+01 7.271010e+01
      endloop
   endfacet
   facet normal 9.659258e-01 0.000000e+00 -2.588191e-01
      outer loop
         vertex 5.301537e+00 2.300000e+01 7.271010e+01
         vertex 5.075961e+00 2.600000e+01 7.186824e+01
         vertex 5.301537e+00 2.600000e+01 7.271010e+01
      endloop
   endfacet
   facet normal 9.063085e-01 0.000000e+00 -4.226167e-01
      outer loop
         vertex 5.301537e+00 2.300000e+01 7.271010e+01
         vertex 5.301537e+00 2.600000e+01 7.271010e+01
         vertex 5.669873e+00 2.300000e+01 7.350000e+01
      endloop
   endfacet
   facet normal 9.063085e-01 0.000000e+00 -4.226167e-01
      outer loop
         vertex 5.669873e+00 2.300000e+01 7.350000e+01
         vertex 5.301537e+00 2.600000e+01 7.271010e+01
         vertex 5.669873e+00 2.600000e+01 7.350000e+01
      endloop
   endfacet
   facet normal 8.191516e-01 0.000000e+00 -5.735770e-01
      outer loop
         vertex 5.669873e+00 2.300000e+01 7.350000e+01
         vertex 5.669873e+00 2.600000e+01 7.350000e+01
         vertex 6.169778e+00 2.300000e+01 7.421394e+01
      endloop
   endfacet
   facet normal 8.191516e-01 0.000000e+00 -5.735770e-01
      outer loop
         vertex 6.169778e+00 2.300000e+01 7.421394e+01
         vertex 5.669873e+00 2.600000e+01 7.350000e+01
         vertex 6.169778e+00 2.600000e+01 7.421394e+01
      endloop
   endfacet
   facet normal 7.071057e-01 0.000000e+00 -7.071078e-01
      outer loop
         vertex 6.169778e+00 2.300000e+01 7.421394e+01
         vertex 6.169778e+00 2.600000e+01 7.421394e+01
         vertex 6.786062e+00 2.300000e+01 7.483022e+01
      endloop
   endfacet
   facet normal 7.071057e-01 0.000000e+00 -7.071078e-01
      outer loop
         vertex 6.786062e+00 2.300000e+01 7.483022e+01
         vertex 6.169778e+00 2.600000e+01 7.421394e+01
         vertex 6.786062e+00 2.600000e+01 7.483022e+01
      endloop
   endfacet
   facet normal 5.735759e-01 0.000000e+00 -8.191524e-01
      outer loop
         vertex 6.786062e+00 2.300000e+01 7.483022e+01
         vertex 6.786062e+00 2.600000e+01 7.483022e+01
         vertex 7.500000e+00 2.300000e+01 7.533013e+01
      endloop
   endfacet
   facet normal 5.735759e-01 0.000000e+00 -8.191524e-01
      outer loop
         vertex 7.500000e+00 2.300000e+01 7.533013e+01
         vertex 6.786062e+00 2.600000e+01 7.483022e+01
         vertex 7.500000e+00 2.600000e+01 7.533013e+01
      endloop
   endfacet
   facet normal 4.226166e-01 0.000000e+00 -9.063085e-01
      outer loop
         vertex 7.500000e+00 2.300000e+01 7.533013e+01
         vertex 7.500000e+00 2.600000e+01 7.533013e+01
         vertex 8.289899e+00 2.300000e+01 7.569846e+01
      endloop
   endfacet
   facet normal 4.226166e-01 0.000000e+00 -9.063085e-01
      outer loop
         vertex 8.289899e+00 2.300000e+01 7.569846e+01
         vertex 7.500000e+00 2.600000e+01 7.533013e+01
         vertex 8.289899e+00 2.600000e+01 7.569846e+01
      endloop
   endfacet
   facet normal 2.588250e-01 0.000000e+00 -9.659242e-01
      outer loop
         vertex 8.289899e+00 2.300000e+01 7.569846e+01
         vertex 8.289899e+00 2.600000e+01 7.569846e+01
         vertex 9.131759e+00 2.300000e+01 7.592404e+01
      endloop
   endfacet
   facet normal 2.588250e-01 0.000000e+00 -9.659242e-01
      outer loop
         vertex 9.131759e+00 2.300000e+01 7.592404e+01
         vertex 8.289899e+00 2.600000e+01 7.569846e+01
         vertex 9.131759e+00 2.600000e+01 7.592404e+01
      endloop
   endfacet
   facet normal 8.715282e-02 0.000000e+00 -9.961950e-01
      outer loop
         vertex 9.131759e+00 2.300000e+01 7.592404e+01
         vertex 9.131759e+00 2.600000e+01 7.592404e+01
         vertex 1.000000e+01 2.300000e+01 7.600000e+01
      endloop
   endfacet
   facet normal 8.715282e-02 0.000000e+00 -9.961950e-01
      outer loop
         vertex 1.000000e+01 2.300000e+01 7.600000e+01
         vertex 9.131759e+00 2.600000e+01 7.592404e+01
         vertex 1.000000e+01 2.600000e+01 7.600000e+01
      endloop
   endfacet
endsolid